snapped_at,downside_volatility
2020-09-23 00:00:00+00:00,
2020-09-24 00:00:00+00:00,
2020-09-25 00:00:00+00:00,
2020-09-26 00:00:00+00:00,
2020-09-27 00:00:00+00:00,
2020-09-28 00:00:00+00:00,
2020-09-29 00:00:00+00:00,
2020-09-30 00:00:00+00:00,
2020-10-01 00:00:00+00:00,
2020-10-02 00:00:00+00:00,
2020-10-03 00:00:00+00:00,
2020-10-04 00:00:00+00:00,
2020-10-05 00:00:00+00:00,
2020-10-06 00:00:00+00:00,0.02123699279094141
2020-10-07 00:00:00+00:00,0.024112135120163
2020-10-08 00:00:00+00:00,0.01701275144837329
2020-10-09 00:00:00+00:00,0.01701275144837329
2020-10-10 00:00:00+00:00,0.01701275144837329
2020-10-11 00:00:00+00:00,0.016932243637308685
2020-10-12 00:00:00+00:00,0.016932243637308685
2020-10-13 00:00:00+00:00,0.016905323779513613
2020-10-14 00:00:00+00:00,0.016801302288322478
2020-10-15 00:00:00+00:00,0.016699101671731706
2020-10-16 00:00:00+00:00,0.01651379460168475
2020-10-17 00:00:00+00:00,0.015895831140668653
2020-10-18 00:00:00+00:00,0.015895831140668653
2020-10-19 00:00:00+00:00,0.015895831140668653
2020-10-20 00:00:00+00:00,0.01569989058508647
2020-10-21 00:00:00+00:00,0.010887424629689307
2020-10-22 00:00:00+00:00,0.010887424629689307
2020-10-23 00:00:00+00:00,0.010887424629689307
2020-10-24 00:00:00+00:00,0.010717335237083406
2020-10-25 00:00:00+00:00,0.010825390605178703
2020-10-26 00:00:00+00:00,0.010709295491188934
2020-10-27 00:00:00+00:00,0.010515997076428807
2020-10-28 00:00:00+00:00,0.01070738507764254
2020-10-29 00:00:00+00:00,0.01413128850140933
2020-10-30 00:00:00+00:00,0.014966106280545833
2020-10-31 00:00:00+00:00,0.014146789315507027
2020-11-01 00:00:00+00:00,0.014146789315507027
2020-11-02 00:00:00+00:00,0.014146789315507027
2020-11-03 00:00:00+00:00,0.015201454948773166
2020-11-04 00:00:00+00:00,0.014118853033090526
2020-11-05 00:00:00+00:00,0.014118853033090526
2020-11-06 00:00:00+00:00,0.014118853033090526
2020-11-07 00:00:00+00:00,0.014299949527995673
2020-11-08 00:00:00+00:00,0.01601363241627041
2020-11-09 00:00:00+00:00,0.01636576067928533
2020-11-10 00:00:00+00:00,0.016247683656101537
2020-11-11 00:00:00+00:00,0.016247683656101537
2020-11-12 00:00:00+00:00,0.013823004490276639
2020-11-13 00:00:00+00:00,0.012758106109959205
2020-11-14 00:00:00+00:00,0.01294555192689825
2020-11-15 00:00:00+00:00,0.013303512107689373
2020-11-16 00:00:00+00:00,0.013135211915360656
2020-11-17 00:00:00+00:00,0.01172827972244697
2020-11-18 00:00:00+00:00,0.011871314539324893
2020-11-19 00:00:00+00:00,0.012154111962900274
2020-11-20 00:00:00+00:00,0.012154111962900274
2020-11-21 00:00:00+00:00,0.012154111962900274
2020-11-22 00:00:00+00:00,0.00814559377058401
2020-11-23 00:00:00+00:00,0.009075851662849205
2020-11-24 00:00:00+00:00,0.008713895661077616
2020-11-25 00:00:00+00:00,0.008713895661077616
2020-11-26 00:00:00+00:00,0.017024552184463686
2020-11-27 00:00:00+00:00,0.033881534501747156
2020-11-28 00:00:00+00:00,0.033881534501747156
2020-11-29 00:00:00+00:00,0.0341665208957993
2020-11-30 00:00:00+00:00,0.03428688199921889
2020-12-01 00:00:00+00:00,0.03428688199921889
2020-12-02 00:00:00+00:00,0.03461212488497505
2020-12-03 00:00:00+00:00,0.03497048314000112
2020-12-04 00:00:00+00:00,0.03497048314000112
2020-12-05 00:00:00+00:00,0.037671428361659
2020-12-06 00:00:00+00:00,0.037671428361659
2020-12-07 00:00:00+00:00,0.03808556088490509
2020-12-08 00:00:00+00:00,0.03762673764708813
2020-12-09 00:00:00+00:00,0.03887365880270351
2020-12-10 00:00:00+00:00,0.03826625952944102
2020-12-11 00:00:00+00:00,0.026467647287496805
2020-12-12 00:00:00+00:00,0.026115411877637548
2020-12-13 00:00:00+00:00,0.026115411877637548
2020-12-14 00:00:00+00:00,0.026115411877637548
2020-12-15 00:00:00+00:00,0.026017451266392037
2020-12-16 00:00:00+00:00,0.02551577267595145
2020-12-17 00:00:00+00:00,0.02551577267595145
2020-12-18 00:00:00+00:00,0.02551577267595145
2020-12-19 00:00:00+00:00,0.019230902984958328
2020-12-20 00:00:00+00:00,0.019230902984958328
2020-12-21 00:00:00+00:00,0.019103763562549437
2020-12-22 00:00:00+00:00,0.021007664491654688
2020-12-23 00:00:00+00:00,0.013720607638388706
2020-12-24 00:00:00+00:00,0.03441785390378469
2020-12-25 00:00:00+00:00,0.03456290236822315
2020-12-26 00:00:00+00:00,0.03463832046624453
2020-12-27 00:00:00+00:00,0.03452437058074846
2020-12-28 00:00:00+00:00,0.03448768033915831
2020-12-29 00:00:00+00:00,0.03454024085360903
2020-12-30 00:00:00+00:00,0.03454024085360903
2020-12-31 00:00:00+00:00,0.03433873894628397
2021-01-01 00:00:00+00:00,0.03433873894628397
2021-01-02 00:00:00+00:00,0.03433873894628397
2021-01-03 00:00:00+00:00,0.03433873894628397
2021-01-04 00:00:00+00:00,0.034505764045780346
2021-01-05 00:00:00+00:00,0.03355024676411844
2021-01-06 00:00:00+00:00,0.03355024676411844
2021-01-07 00:00:00+00:00,0.003343183096398776
2021-01-08 00:00:00+00:00,0.003343183096398776
2021-01-09 00:00:00+00:00,0.003343183096398776
2021-01-10 00:00:00+00:00,0.003193323753657614
2021-01-11 00:00:00+00:00,0.010576624419585309
2021-01-12 00:00:00+00:00,0.028073984176606098
2021-01-13 00:00:00+00:00,0.028073984176606098
2021-01-14 00:00:00+00:00,0.028219119107038493
2021-01-15 00:00:00+00:00,0.028219119107038493
2021-01-16 00:00:00+00:00,0.02879696997186269
2021-01-17 00:00:00+00:00,0.02879696997186269
2021-01-18 00:00:00+00:00,0.02879696997186269
2021-01-19 00:00:00+00:00,0.02879696997186269
2021-01-20 00:00:00+00:00,0.02869854645805281
2021-01-21 00:00:00+00:00,0.02869854645805281
2021-01-22 00:00:00+00:00,0.04225923378542993
2021-01-23 00:00:00+00:00,0.04225923378542993
2021-01-24 00:00:00+00:00,0.04225923378542993
2021-01-25 00:00:00+00:00,0.042353471860026415
2021-01-26 00:00:00+00:00,0.0352266086193822
2021-01-27 00:00:00+00:00,0.0352266086193822
2021-01-28 00:00:00+00:00,0.03865334905167335
2021-01-29 00:00:00+00:00,0.03865334905167335
2021-01-30 00:00:00+00:00,0.0386736545792404
2021-01-31 00:00:00+00:00,0.0386736545792404
2021-02-01 00:00:00+00:00,0.0386736545792404
2021-02-02 00:00:00+00:00,0.0386736545792404
2021-02-03 00:00:00+00:00,0.03877165553150205
2021-02-04 00:00:00+00:00,0.03877165553150205
2021-02-05 00:00:00+00:00,0.02058231411082099
2021-02-06 00:00:00+00:00,0.02058231411082099
2021-02-07 00:00:00+00:00,0.02058231411082099
2021-02-08 00:00:00+00:00,0.02058231411082099
2021-02-09 00:00:00+00:00,0.02026867071570356
2021-02-10 00:00:00+00:00,0.02026867071570356
2021-02-11 00:00:00+00:00,0.0
2021-02-12 00:00:00+00:00,0.0
2021-02-13 00:00:00+00:00,0.0
2021-02-14 00:00:00+00:00,0.0030486810548691384
2021-02-15 00:00:00+00:00,0.009251329518192426
2021-02-16 00:00:00+00:00,0.010764310934948423
2021-02-17 00:00:00+00:00,0.01067114299732382
2021-02-18 00:00:00+00:00,0.01067114299732382
2021-02-19 00:00:00+00:00,0.01067114299732382
2021-02-20 00:00:00+00:00,0.01067114299732382
2021-02-21 00:00:00+00:00,0.011762719854730944
2021-02-22 00:00:00+00:00,0.011762719854730944
2021-02-23 00:00:00+00:00,0.011884091983990833
2021-02-24 00:00:00+00:00,0.030677081107845203
2021-02-25 00:00:00+00:00,0.030677081107845203
2021-02-26 00:00:00+00:00,0.03484848291187179
2021-02-27 00:00:00+00:00,0.034847118762058704
2021-02-28 00:00:00+00:00,0.03525550788837571
2021-03-01 00:00:00+00:00,0.03579078610917026
2021-03-02 00:00:00+00:00,0.03628631092354631
2021-03-03 00:00:00+00:00,0.03600647181553239
2021-03-04 00:00:00+00:00,0.03600647181553239
2021-03-05 00:00:00+00:00,0.03553222277154006
2021-03-06 00:00:00+00:00,0.034921845254473706
2021-03-07 00:00:00+00:00,0.03561034811922308
2021-03-08 00:00:00+00:00,0.03561034811922308
2021-03-09 00:00:00+00:00,0.03616788277923773
2021-03-10 00:00:00+00:00,0.024942977987938448
2021-03-11 00:00:00+00:00,0.02538134545840717
2021-03-12 00:00:00+00:00,0.017596568548980812
2021-03-13 00:00:00+00:00,0.018299057817479095
2021-03-14 00:00:00+00:00,0.018299057817479095
2021-03-15 00:00:00+00:00,0.017269692015522847
2021-03-16 00:00:00+00:00,0.018116258205047888
2021-03-17 00:00:00+00:00,0.01836438869571552
2021-03-18 00:00:00+00:00,0.01836438869571552
2021-03-19 00:00:00+00:00,0.017655351011055993
2021-03-20 00:00:00+00:00,0.018013856266843667
2021-03-21 00:00:00+00:00,0.017867390985416925
2021-03-22 00:00:00+00:00,0.017508430033046793
2021-03-23 00:00:00+00:00,0.01771202556835125
2021-03-24 00:00:00+00:00,0.017133664748897607
2021-03-25 00:00:00+00:00,0.020365598568944487
2021-03-26 00:00:00+00:00,0.019745208470497457
2021-03-27 00:00:00+00:00,0.019885338443956783
2021-03-28 00:00:00+00:00,0.019885338443956783
2021-03-29 00:00:00+00:00,0.01935369227437725
2021-03-30 00:00:00+00:00,0.01824826887800773
2021-03-31 00:00:00+00:00,0.01824826887800773
2021-04-01 00:00:00+00:00,0.01824826887800773
2021-04-02 00:00:00+00:00,0.01818237890919986
2021-04-03 00:00:00+00:00,0.01818237890919986
2021-04-04 00:00:00+00:00,0.01814855333314197
2021-04-05 00:00:00+00:00,0.01827420229270809
2021-04-06 00:00:00+00:00,0.017106782484612577
2021-04-07 00:00:00+00:00,0.01716149106885428
2021-04-08 00:00:00+00:00,0.01697766597063873
2021-04-09 00:00:00+00:00,0.016982965192208873
2021-04-10 00:00:00+00:00,0.016982965192208873
2021-04-11 00:00:00+00:00,0.016982965192208873
2021-04-12 00:00:00+00:00,0.016982965192208873
2021-04-13 00:00:00+00:00,0.016982965192208873
2021-04-14 00:00:00+00:00,0.016982965192208873
2021-04-15 00:00:00+00:00,0.016982965192208873
2021-04-16 00:00:00+00:00,0.016982965192208873
2021-04-17 00:00:00+00:00,0.016982965192208873
2021-04-18 00:00:00+00:00,0.01868808444760694
2021-04-19 00:00:00+00:00,0.019338287069815413
2021-04-20 00:00:00+00:00,0.01916954415347323
2021-04-21 00:00:00+00:00,0.01916954415347323
2021-04-22 00:00:00+00:00,0.013074842646736713
2021-04-23 00:00:00+00:00,0.014147769602008765
2021-04-24 00:00:00+00:00,0.014290122406138831
2021-04-25 00:00:00+00:00,0.015078828105078218
2021-04-26 00:00:00+00:00,0.015078828105078218
2021-04-27 00:00:00+00:00,0.015078828105078218
2021-04-28 00:00:00+00:00,0.015078828105078218
2021-04-29 00:00:00+00:00,0.015078828105078218
2021-04-30 00:00:00+00:00,0.01496354638640399
2021-05-01 00:00:00+00:00,0.01496354638640399
2021-05-02 00:00:00+00:00,0.013753387659697148
2021-05-03 00:00:00+00:00,0.013360045271430117
2021-05-04 00:00:00+00:00,0.013635001436410481
2021-05-05 00:00:00+00:00,0.015737988486074557
2021-05-06 00:00:00+00:00,0.015444596878220883
2021-05-07 00:00:00+00:00,0.01471545010662591
2021-05-08 00:00:00+00:00,0.014327939734517375
2021-05-09 00:00:00+00:00,0.012299871210299027
2021-05-10 00:00:00+00:00,0.012299871210299027
2021-05-11 00:00:00+00:00,0.021758947618900494
2021-05-12 00:00:00+00:00,0.021758947618900494
2021-05-13 00:00:00+00:00,0.03396651059592859
2021-05-14 00:00:00+00:00,0.03403562170159205
2021-05-15 00:00:00+00:00,0.03403562170159205
2021-05-16 00:00:00+00:00,0.034295230336561885
2021-05-17 00:00:00+00:00,0.03472450041294542
2021-05-18 00:00:00+00:00,0.03594137560345562
2021-05-19 00:00:00+00:00,0.036029872815969526
2021-05-20 00:00:00+00:00,0.08280347258947501
2021-05-21 00:00:00+00:00,0.08280347258947501
2021-05-22 00:00:00+00:00,0.08551786903079779
2021-05-23 00:00:00+00:00,0.08431824373413464
2021-05-24 00:00:00+00:00,0.08472850822353534
2021-05-25 00:00:00+00:00,0.08650873581252687
2021-05-26 00:00:00+00:00,0.08586042180530605
2021-05-27 00:00:00+00:00,0.08621148891213667
2021-05-28 00:00:00+00:00,0.08483603248814109
2021-05-29 00:00:00+00:00,0.08371238530319618
2021-05-30 00:00:00+00:00,0.08355071373353834
2021-05-31 00:00:00+00:00,0.08355071373353834
2021-06-01 00:00:00+00:00,0.0853620019162709
2021-06-02 00:00:00+00:00,0.08526984496238571
2021-06-03 00:00:00+00:00,0.05097882994059249
2021-06-04 00:00:00+00:00,0.05097882994059249
2021-06-05 00:00:00+00:00,0.04377286950225093
2021-06-06 00:00:00+00:00,0.04248309464872416
2021-06-07 00:00:00+00:00,0.03229105224616419
2021-06-08 00:00:00+00:00,0.0361755236435039
2021-06-09 00:00:00+00:00,0.03677716542465282
2021-06-10 00:00:00+00:00,0.03677716542465282
2021-06-11 00:00:00+00:00,0.036549348650622586
2021-06-12 00:00:00+00:00,0.03136254554375957
2021-06-13 00:00:00+00:00,0.030514570991625963
2021-06-14 00:00:00+00:00,0.030514570991625963
2021-06-15 00:00:00+00:00,0.030514570991625963
2021-06-16 00:00:00+00:00,0.030075561309693504
2021-06-17 00:00:00+00:00,0.03035738250003317
2021-06-18 00:00:00+00:00,0.03035738250003317
2021-06-19 00:00:00+00:00,0.029066866572044256
2021-06-20 00:00:00+00:00,0.029055931316449003
2021-06-21 00:00:00+00:00,0.029055931316449003
2021-06-22 00:00:00+00:00,0.05527693182113366
2021-06-23 00:00:00+00:00,0.05452054603124775
2021-06-24 00:00:00+00:00,0.05452054603124775
2021-06-25 00:00:00+00:00,0.05521215117802081
2021-06-26 00:00:00+00:00,0.05632509250811585
2021-06-27 00:00:00+00:00,0.055922658905014765
2021-06-28 00:00:00+00:00,0.055922658905014765
2021-06-29 00:00:00+00:00,0.055922658905014765
2021-06-30 00:00:00+00:00,0.056516141531781944
2021-07-01 00:00:00+00:00,0.056913470599492616
2021-07-02 00:00:00+00:00,0.05653665687583034
2021-07-03 00:00:00+00:00,0.056668931007099466
2021-07-04 00:00:00+00:00,0.057182051721671526
2021-07-05 00:00:00+00:00,0.057182051721671526
2021-07-06 00:00:00+00:00,0.024399634457038532
2021-07-07 00:00:00+00:00,0.024339931303391557
2021-07-08 00:00:00+00:00,0.024339931303391557
2021-07-09 00:00:00+00:00,0.02721650881896196
2021-07-10 00:00:00+00:00,0.02177531059600517
2021-07-11 00:00:00+00:00,0.02191531295499584
2021-07-12 00:00:00+00:00,0.02191531295499584
2021-07-13 00:00:00+00:00,0.021811089374708385
2021-07-14 00:00:00+00:00,0.022164835182871063
2021-07-15 00:00:00+00:00,0.022164835182871063
2021-07-16 00:00:00+00:00,0.021362106029236966
2021-07-17 00:00:00+00:00,0.02164821348487488
2021-07-18 00:00:00+00:00,0.02164821348487488
2021-07-19 00:00:00+00:00,0.02164821348487488
2021-07-20 00:00:00+00:00,0.023540445285180806
2021-07-21 00:00:00+00:00,0.023341147212050217
2021-07-22 00:00:00+00:00,0.023341147212050217
2021-07-23 00:00:00+00:00,0.021293519882357507
2021-07-24 00:00:00+00:00,0.021293519882357507
2021-07-25 00:00:00+00:00,0.02185809013118956
2021-07-26 00:00:00+00:00,0.02185809013118956
2021-07-27 00:00:00+00:00,0.0222305971660684
2021-07-28 00:00:00+00:00,0.021738568122197606
2021-07-29 00:00:00+00:00,0.021738568122197606
2021-07-30 00:00:00+00:00,0.020069573224506525
2021-07-31 00:00:00+00:00,0.01832508223775929
2021-08-01 00:00:00+00:00,0.01832508223775929
2021-08-02 00:00:00+00:00,0.018395235375933593
2021-08-03 00:00:00+00:00,0.011430960099783932
2021-08-04 00:00:00+00:00,0.006271515047336929
2021-08-05 00:00:00+00:00,0.006271515047336929
2021-08-06 00:00:00+00:00,0.006271515047336929
2021-08-07 00:00:00+00:00,0.006271515047336929
2021-08-08 00:00:00+00:00,0.006271515047336929
2021-08-09 00:00:00+00:00,0.013117286158457891
2021-08-10 00:00:00+00:00,0.013117286158457891
2021-08-11 00:00:00+00:00,0.013117286158457891
2021-08-12 00:00:00+00:00,0.013117286158457891
2021-08-13 00:00:00+00:00,0.013559905052035123
2021-08-14 00:00:00+00:00,0.013559905052035123
2021-08-15 00:00:00+00:00,0.013559905052035123
2021-08-16 00:00:00+00:00,0.013354636046018848
2021-08-17 00:00:00+00:00,0.013341801898622213
2021-08-18 00:00:00+00:00,0.013429663956194151
2021-08-19 00:00:00+00:00,0.013429663956194151
2021-08-20 00:00:00+00:00,0.013429663956194151
2021-08-21 00:00:00+00:00,0.013429663956194151
2021-08-22 00:00:00+00:00,0.013348145462624736
2021-08-23 00:00:00+00:00,0.007028096159581585
2021-08-24 00:00:00+00:00,0.007028096159581585
2021-08-25 00:00:00+00:00,0.011803371089338145
2021-08-26 00:00:00+00:00,0.011803371089338145
2021-08-27 00:00:00+00:00,0.01541105887535656
2021-08-28 00:00:00+00:00,0.01541105887535656
2021-08-29 00:00:00+00:00,0.015341702594941727
2021-08-30 00:00:00+00:00,0.015228012632353061
2021-08-31 00:00:00+00:00,0.015252003711468677
2021-09-01 00:00:00+00:00,0.01525284625958973
2021-09-02 00:00:00+00:00,0.01525284625958973
2021-09-03 00:00:00+00:00,0.01525284625958973
2021-09-04 00:00:00+00:00,0.01525284625958973
2021-09-05 00:00:00+00:00,0.015169690437401075
2021-09-06 00:00:00+00:00,0.015169690437401075
2021-09-07 00:00:00+00:00,0.015169690437401075
2021-09-08 00:00:00+00:00,0.03741838740278314
2021-09-09 00:00:00+00:00,0.03741838740278314
2021-09-10 00:00:00+00:00,0.036672795916583505
2021-09-11 00:00:00+00:00,0.036554714841886125
2021-09-12 00:00:00+00:00,0.03661392246948354
2021-09-13 00:00:00+00:00,0.03681459523025383
2021-09-14 00:00:00+00:00,0.0377483387707198
2021-09-15 00:00:00+00:00,0.0377483387707198
2021-09-16 00:00:00+00:00,0.0377483387707198
2021-09-17 00:00:00+00:00,0.0377483387707198
2021-09-18 00:00:00+00:00,0.037557035586414766
2021-09-19 00:00:00+00:00,0.03777020722516033
2021-09-20 00:00:00+00:00,0.037569817606545416
2021-09-21 00:00:00+00:00,0.04609711701328166
2021-09-22 00:00:00+00:00,0.03461891882900034
2021-09-23 00:00:00+00:00,0.03461891882900034
2021-09-24 00:00:00+00:00,0.03461891882900034
2021-09-25 00:00:00+00:00,0.03639730117226477
2021-09-26 00:00:00+00:00,0.0360785705915472
2021-09-27 00:00:00+00:00,0.035599480848683536
2021-09-28 00:00:00+00:00,0.03516998356529267
2021-09-29 00:00:00+00:00,0.034628399288933256
2021-09-30 00:00:00+00:00,0.034628399288933256
2021-10-01 00:00:00+00:00,0.034628399288933256
2021-10-02 00:00:00+00:00,0.035370713922454305
2021-10-03 00:00:00+00:00,0.035370713922454305
2021-10-04 00:00:00+00:00,0.03598362110934236
2021-10-05 00:00:00+00:00,0.022204786475366844
2021-10-06 00:00:00+00:00,0.01896119019241575
2021-10-07 00:00:00+00:00,0.018902442255986075
2021-10-08 00:00:00+00:00,0.018902442255986075
2021-10-09 00:00:00+00:00,0.011491951510973977
2021-10-10 00:00:00+00:00,0.011655012989064358
2021-10-11 00:00:00+00:00,0.015231158412987016
2021-10-12 00:00:00+00:00,0.014634527147184887
2021-10-13 00:00:00+00:00,0.011615654785661858
2021-10-14 00:00:00+00:00,0.011615654785661858
2021-10-15 00:00:00+00:00,0.011615654785661858
2021-10-16 00:00:00+00:00,0.011615654785661858
2021-10-17 00:00:00+00:00,0.011605403592987522
2021-10-18 00:00:00+00:00,0.01151217964100982
2021-10-19 00:00:00+00:00,0.011539856417375195
2021-10-20 00:00:00+00:00,0.011539856417375195
2021-10-21 00:00:00+00:00,0.011584048132892953
2021-10-22 00:00:00+00:00,0.012365177142248579
2021-10-23 00:00:00+00:00,0.01246555693561615
2021-10-24 00:00:00+00:00,0.01246555693561615
2021-10-25 00:00:00+00:00,0.00643553710087159
2021-10-26 00:00:00+00:00,0.00643553710087159
2021-10-27 00:00:00+00:00,0.007055308802583221
2021-10-28 00:00:00+00:00,0.021162345682149617
2021-10-29 00:00:00+00:00,0.021162345682149617
2021-10-30 00:00:00+00:00,0.021162345682149617
2021-10-31 00:00:00+00:00,0.0216954432804635
2021-11-01 00:00:00+00:00,0.021883948733469633
2021-11-02 00:00:00+00:00,0.02195338364388582
2021-11-03 00:00:00+00:00,0.02195338364388582
2021-11-04 00:00:00+00:00,0.02195338364388582
2021-11-05 00:00:00+00:00,0.021704515384566955
2021-11-06 00:00:00+00:00,0.02156842583264779
2021-11-07 00:00:00+00:00,0.02156842583264779
2021-11-08 00:00:00+00:00,0.021625927361961988
2021-11-09 00:00:00+00:00,0.021625927361961988
2021-11-10 00:00:00+00:00,0.021740175752429855
2021-11-11 00:00:00+00:00,0.01372345376369803
2021-11-12 00:00:00+00:00,0.01372345376369803
2021-11-13 00:00:00+00:00,0.014011856039107862
2021-11-14 00:00:00+00:00,0.012904445962197052
2021-11-15 00:00:00+00:00,0.012904445962197052
2021-11-16 00:00:00+00:00,0.013556471866967132
2021-11-17 00:00:00+00:00,0.02005345311999576
2021-11-18 00:00:00+00:00,0.02005345311999576
2021-11-19 00:00:00+00:00,0.02680045333172928
2021-11-20 00:00:00+00:00,0.02719537687224476
2021-11-21 00:00:00+00:00,0.02719537687224476
2021-11-22 00:00:00+00:00,0.026954750726767257
2021-11-23 00:00:00+00:00,0.02732440657506824
2021-11-24 00:00:00+00:00,0.02732440657506824
2021-11-25 00:00:00+00:00,0.026804224094184394
2021-11-26 00:00:00+00:00,0.026804224094184394
2021-11-27 00:00:00+00:00,0.034252047584208856
2021-11-28 00:00:00+00:00,0.034252047584208856
2021-11-29 00:00:00+00:00,0.034252047584208856
2021-11-30 00:00:00+00:00,0.03491018688219437
2021-12-01 00:00:00+00:00,0.033359110615520805
2021-12-02 00:00:00+00:00,0.033359110615520805
2021-12-03 00:00:00+00:00,0.028450078682563322
2021-12-04 00:00:00+00:00,0.030090726356449937
2021-12-05 00:00:00+00:00,0.03568310622537353
2021-12-06 00:00:00+00:00,0.03530664721388903
2021-12-07 00:00:00+00:00,0.0355654300225229
2021-12-08 00:00:00+00:00,0.03538354234146195
2021-12-09 00:00:00+00:00,0.035646484872633215
2021-12-10 00:00:00+00:00,0.036426611236647574
2021-12-11 00:00:00+00:00,0.03016657612493839
2021-12-12 00:00:00+00:00,0.03016657612493839
2021-12-13 00:00:00+00:00,0.03016657612493839
2021-12-14 00:00:00+00:00,0.03458247892340109
2021-12-15 00:00:00+00:00,0.03458247892340109
2021-12-16 00:00:00+00:00,0.03458247892340109
2021-12-17 00:00:00+00:00,0.03410411744978208
2021-12-18 00:00:00+00:00,0.033718261689779726
2021-12-19 00:00:00+00:00,0.02791760169038192
2021-12-20 00:00:00+00:00,0.027826276492504735
2021-12-21 00:00:00+00:00,0.027826276492504735
2021-12-22 00:00:00+00:00,0.027991597475468106
2021-12-23 00:00:00+00:00,0.027991597475468106
2021-12-24 00:00:00+00:00,0.025664553827401442
2021-12-25 00:00:00+00:00,0.02434590991454386
2021-12-26 00:00:00+00:00,0.02434590991454386
2021-12-27 00:00:00+00:00,0.02434590991454386
2021-12-28 00:00:00+00:00,0.009586938392142972
2021-12-29 00:00:00+00:00,0.01956010079021159
2021-12-30 00:00:00+00:00,0.02061504163523174
2021-12-31 00:00:00+00:00,0.020390253815672412
2022-01-01 00:00:00+00:00,0.02038805275248829
2022-01-02 00:00:00+00:00,0.02038805275248829
2022-01-03 00:00:00+00:00,0.020584145912974167
2022-01-04 00:00:00+00:00,0.020724572080797816
2022-01-05 00:00:00+00:00,0.02047092728139638
2022-01-06 00:00:00+00:00,0.02379381698662558
2022-01-07 00:00:00+00:00,0.023487947714298088
2022-01-08 00:00:00+00:00,0.025560035773873797
2022-01-09 00:00:00+00:00,0.024944248472705113
2022-01-10 00:00:00+00:00,0.024944248472705113
2022-01-11 00:00:00+00:00,0.02431888079342358
2022-01-12 00:00:00+00:00,0.021038519432830634
2022-01-13 00:00:00+00:00,0.020803870561283595
2022-01-14 00:00:00+00:00,0.02061998141524578
2022-01-15 00:00:00+00:00,0.020955589155271976
2022-01-16 00:00:00+00:00,0.020955589155271976
2022-01-17 00:00:00+00:00,0.020955589155271976
2022-01-18 00:00:00+00:00,0.020854437095278813
2022-01-19 00:00:00+00:00,0.020934702025300726
2022-01-20 00:00:00+00:00,0.017439134979086113
2022-01-21 00:00:00+00:00,0.018621122715364827
2022-01-22 00:00:00+00:00,0.033611575931136374
2022-01-23 00:00:00+00:00,0.03566393004859755
2022-01-24 00:00:00+00:00,0.03566393004859755
2022-01-25 00:00:00+00:00,0.035653671016223645
2022-01-26 00:00:00+00:00,0.035653671016223645
2022-01-27 00:00:00+00:00,0.03525413043376353
2022-01-28 00:00:00+00:00,0.03561419400566597
2022-01-29 00:00:00+00:00,0.03561419400566597
2022-01-30 00:00:00+00:00,0.03561419400566597
2022-01-31 00:00:00+00:00,0.03485651389725671
2022-02-01 00:00:00+00:00,0.035550504351596006
2022-02-02 00:00:00+00:00,0.03622834517249525
2022-02-03 00:00:00+00:00,0.03693464343111413
2022-02-04 00:00:00+00:00,0.037209186228533045
2022-02-05 00:00:00+00:00,0.022229910868956995
2022-02-06 00:00:00+00:00,0.01583224788279454
2022-02-07 00:00:00+00:00,0.01583224788279454
2022-02-08 00:00:00+00:00,0.014677594340312187
2022-02-09 00:00:00+00:00,0.014586389169899378
2022-02-10 00:00:00+00:00,0.014713446437990517
2022-02-11 00:00:00+00:00,0.016784834718403602
2022-02-12 00:00:00+00:00,0.022354326702850636
2022-02-13 00:00:00+00:00,0.022354326702850636
2022-02-14 00:00:00+00:00,0.022190429809731443
2022-02-15 00:00:00+00:00,0.022190429809731443
2022-02-16 00:00:00+00:00,0.022190429809731443
2022-02-17 00:00:00+00:00,0.01906286173743784
2022-02-18 00:00:00+00:00,0.025981858903169435
2022-02-19 00:00:00+00:00,0.025618138714833934
2022-02-20 00:00:00+00:00,0.025618138714833934
2022-02-21 00:00:00+00:00,0.026556955437043398
2022-02-22 00:00:00+00:00,0.0284577283653536
2022-02-23 00:00:00+00:00,0.02898652350484905
2022-02-24 00:00:00+00:00,0.028200420607188047
2022-02-25 00:00:00+00:00,0.028730826253823765
2022-02-26 00:00:00+00:00,0.026414661877088335
2022-02-27 00:00:00+00:00,0.026250321851196405
2022-02-28 00:00:00+00:00,0.026873636086593395
2022-03-01 00:00:00+00:00,0.026873636086593395
2022-03-02 00:00:00+00:00,0.026873636086593395
2022-03-03 00:00:00+00:00,0.02687192873292833
2022-03-04 00:00:00+00:00,0.02167053640275868
2022-03-05 00:00:00+00:00,0.025489705069359707
2022-03-06 00:00:00+00:00,0.025489705069359707
2022-03-07 00:00:00+00:00,0.024747985957852138
2022-03-08 00:00:00+00:00,0.02113638704039728
2022-03-09 00:00:00+00:00,0.02113638704039728
2022-03-10 00:00:00+00:00,0.0215428480162448
2022-03-11 00:00:00+00:00,0.022692607210393515
2022-03-12 00:00:00+00:00,0.022692607210393515
2022-03-13 00:00:00+00:00,0.022890347794263955
2022-03-14 00:00:00+00:00,0.022041494794281365
2022-03-15 00:00:00+00:00,0.02204149479428136
2022-03-16 00:00:00+00:00,0.02204149479428136
2022-03-17 00:00:00+00:00,0.022517180381623175
2022-03-18 00:00:00+00:00,0.02258406173008059
2022-03-19 00:00:00+00:00,0.016841028160716146
2022-03-20 00:00:00+00:00,0.016841028160716146
2022-03-21 00:00:00+00:00,0.01577476247967962
2022-03-22 00:00:00+00:00,0.01569146549497262
2022-03-23 00:00:00+00:00,0.01569146549497262
2022-03-24 00:00:00+00:00,0.01569146549497262
2022-03-25 00:00:00+00:00,0.010673038641994313
2022-03-26 00:00:00+00:00,0.011550822386147163
2022-03-27 00:00:00+00:00,0.011550822386147163
2022-03-28 00:00:00+00:00,0.009341259977285542
2022-03-29 00:00:00+00:00,0.009287579569328278
2022-03-30 00:00:00+00:00,0.009287579569328278
2022-03-31 00:00:00+00:00,0.009287579569328278
2022-04-01 00:00:00+00:00,0.011866297984504434
2022-04-02 00:00:00+00:00,0.011866297984504434
2022-04-03 00:00:00+00:00,0.011745176811827391
2022-04-04 00:00:00+00:00,0.009842241497292431
2022-04-05 00:00:00+00:00,0.009827583471180327
2022-04-06 00:00:00+00:00,0.009731448927015166
2022-04-07 00:00:00+00:00,0.024424074538666407
2022-04-08 00:00:00+00:00,0.024424074538666407
2022-04-09 00:00:00+00:00,0.025531458427661996
2022-04-10 00:00:00+00:00,0.025531458427661996
2022-04-11 00:00:00+00:00,0.025266331477551404
2022-04-12 00:00:00+00:00,0.031874891813778596
2022-04-13 00:00:00+00:00,0.031874891813778596
2022-04-14 00:00:00+00:00,0.031874891813778596
2022-04-15 00:00:00+00:00,0.03169694396114192
2022-04-16 00:00:00+00:00,0.03169694396114192
2022-04-17 00:00:00+00:00,0.03189116156941976
2022-04-18 00:00:00+00:00,0.031556866257365
2022-04-19 00:00:00+00:00,0.031917024249527554
2022-04-20 00:00:00+00:00,0.03220502641733396
2022-04-21 00:00:00+00:00,0.02518218524001343
2022-04-22 00:00:00+00:00,0.02527000962996585
2022-04-23 00:00:00+00:00,0.024430109363311577
2022-04-24 00:00:00+00:00,0.02415990633949414
2022-04-25 00:00:00+00:00,0.024134311219834642
2022-04-26 00:00:00+00:00,0.012055603575366053
2022-04-27 00:00:00+00:00,0.02012100718939408
2022-04-28 00:00:00+00:00,0.02012100718939408
2022-04-29 00:00:00+00:00,0.02033499012567653
2022-04-30 00:00:00+00:00,0.021021666207240365
2022-05-01 00:00:00+00:00,0.023304664743787652
2022-05-02 00:00:00+00:00,0.023554800106000726
2022-05-03 00:00:00+00:00,0.023446322539230343
2022-05-04 00:00:00+00:00,0.02291958188390846
2022-05-05 00:00:00+00:00,0.023425683769957715
2022-05-06 00:00:00+00:00,0.029240628860961095
2022-05-07 00:00:00+00:00,0.02906646366105127
2022-05-08 00:00:00+00:00,0.0288058212133435
2022-05-09 00:00:00+00:00,0.028880480161805493
2022-05-10 00:00:00+00:00,0.04339387663943019
2022-05-11 00:00:00+00:00,0.04307071637086975
2022-05-12 00:00:00+00:00,0.058908280720055356
2022-05-13 00:00:00+00:00,0.05759979214054101
2022-05-14 00:00:00+00:00,0.0589042669077836
2022-05-15 00:00:00+00:00,0.059862994410127185
2022-05-16 00:00:00+00:00,0.059862994410127185
2022-05-17 00:00:00+00:00,0.05925212163253197
2022-05-18 00:00:00+00:00,0.060000342582143616
2022-05-19 00:00:00+00:00,0.060319331040867785
2022-05-20 00:00:00+00:00,0.06086325756642718
2022-05-21 00:00:00+00:00,0.06026348221811931
2022-05-22 00:00:00+00:00,0.06131217870976298
2022-05-23 00:00:00+00:00,0.06242067816062175
2022-05-24 00:00:00+00:00,0.05395491299679188
2022-05-25 00:00:00+00:00,0.05395491299679188
2022-05-26 00:00:00+00:00,0.03113383595677254
2022-05-27 00:00:00+00:00,0.03291688588195302
2022-05-28 00:00:00+00:00,0.032240403100310955
2022-05-29 00:00:00+00:00,0.032240403100310955
2022-05-30 00:00:00+00:00,0.032240403100310955
2022-05-31 00:00:00+00:00,0.030505437070689253
2022-06-01 00:00:00+00:00,0.03050501085870249
2022-06-02 00:00:00+00:00,0.02752229790619349
2022-06-03 00:00:00+00:00,0.02752229790619349
2022-06-04 00:00:00+00:00,0.02780387649719656
2022-06-05 00:00:00+00:00,0.02780387649719656
2022-06-06 00:00:00+00:00,0.027578011065888114
2022-06-07 00:00:00+00:00,0.027290198435587273
2022-06-08 00:00:00+00:00,0.02683362517387435
2022-06-09 00:00:00+00:00,0.0268681786859162
2022-06-10 00:00:00+00:00,0.02368790749289966
2022-06-11 00:00:00+00:00,0.026428740713384493
2022-06-12 00:00:00+00:00,0.029452878888820852
2022-06-13 00:00:00+00:00,0.031767539383534604
2022-06-14 00:00:00+00:00,0.038432023911445956
2022-06-15 00:00:00+00:00,0.03843257366162581
2022-06-16 00:00:00+00:00,0.036689256636288504
2022-06-17 00:00:00+00:00,0.043098220834530215
2022-06-18 00:00:00+00:00,0.044140237550290146
2022-06-19 00:00:00+00:00,0.043233724151707544
2022-06-20 00:00:00+00:00,0.04351264132544025
2022-06-21 00:00:00+00:00,0.04351264132544025
2022-06-22 00:00:00+00:00,0.04437578725267102
2022-06-23 00:00:00+00:00,0.04391805396014393
2022-06-24 00:00:00+00:00,0.04391805396014393
2022-06-25 00:00:00+00:00,0.044488258602108297
2022-06-26 00:00:00+00:00,0.04407595478621272
2022-06-27 00:00:00+00:00,0.04225715730224827
2022-06-28 00:00:00+00:00,0.033777676197777474
2022-06-29 00:00:00+00:00,0.03452962091627575
2022-06-30 00:00:00+00:00,0.034026825590445
2022-07-01 00:00:00+00:00,0.019544565994738996
2022-07-02 00:00:00+00:00,0.01903308410156365
2022-07-03 00:00:00+00:00,0.016923968670789574
2022-07-04 00:00:00+00:00,0.016923968670789574
2022-07-05 00:00:00+00:00,0.016923968670789574
2022-07-06 00:00:00+00:00,0.01663947162367502
2022-07-07 00:00:00+00:00,0.0152440734989837
2022-07-08 00:00:00+00:00,0.0152440734989837
2022-07-09 00:00:00+00:00,0.014947354423140817
2022-07-10 00:00:00+00:00,0.014947354423140817
2022-07-11 00:00:00+00:00,0.01635013683856741
2022-07-12 00:00:00+00:00,0.020661174671103857
2022-07-13 00:00:00+00:00,0.018349688500197893
2022-07-14 00:00:00+00:00,0.018773867481520788
2022-07-15 00:00:00+00:00,0.018927650557520097
2022-07-16 00:00:00+00:00,0.01919714033898987
2022-07-17 00:00:00+00:00,0.01919714033898987
2022-07-18 00:00:00+00:00,0.018943257154694026
2022-07-19 00:00:00+00:00,0.018943257154694026
2022-07-20 00:00:00+00:00,0.018971719044170623
2022-07-21 00:00:00+00:00,0.019077424883366303
2022-07-22 00:00:00+00:00,0.019077424883366303
2022-07-23 00:00:00+00:00,0.019667239427595278
2022-07-24 00:00:00+00:00,0.019667239427595278
2022-07-25 00:00:00+00:00,0.018604254294231643
2022-07-26 00:00:00+00:00,0.02288704430757884
2022-07-27 00:00:00+00:00,0.022497671874579094
2022-07-28 00:00:00+00:00,0.022497671874579094
2022-07-29 00:00:00+00:00,0.022497671874579094
2022-07-30 00:00:00+00:00,0.022497671874579094
2022-07-31 00:00:00+00:00,0.022497671874579094
2022-08-01 00:00:00+00:00,0.022480325877831817
2022-08-02 00:00:00+00:00,0.022259198290540464
2022-08-03 00:00:00+00:00,0.022039903054029846
2022-08-04 00:00:00+00:00,0.021920729180960045
2022-08-05 00:00:00+00:00,0.021920729180960045
2022-08-06 00:00:00+00:00,0.021280623686132403
2022-08-07 00:00:00+00:00,0.021167002221396603
2022-08-08 00:00:00+00:00,0.021167002221396603
2022-08-09 00:00:00+00:00,0.005748822421033791
2022-08-10 00:00:00+00:00,0.009011330429319253
2022-08-11 00:00:00+00:00,0.009011330429319253
2022-08-12 00:00:00+00:00,0.008879119318865512
2022-08-13 00:00:00+00:00,0.008879119318865512
2022-08-14 00:00:00+00:00,0.008879119318865512
2022-08-15 00:00:00+00:00,0.008883447493304556
2022-08-16 00:00:00+00:00,0.009561312140932787
2022-08-17 00:00:00+00:00,0.008999479855555121
2022-08-18 00:00:00+00:00,0.012612294034840021
2022-08-19 00:00:00+00:00,0.013482579512118521
2022-08-20 00:00:00+00:00,0.026452736320326044
2022-08-21 00:00:00+00:00,0.026545061006223652
2022-08-22 00:00:00+00:00,0.026545061006223652
2022-08-23 00:00:00+00:00,0.026274561987990393
2022-08-24 00:00:00+00:00,0.026300048920710816
2022-08-25 00:00:00+00:00,0.025999732329467784
2022-08-26 00:00:00+00:00,0.02618118503088244
2022-08-27 00:00:00+00:00,0.03101756220329052
2022-08-28 00:00:00+00:00,0.03101756220329052
2022-08-29 00:00:00+00:00,0.030646255555900736
2022-08-30 00:00:00+00:00,0.03121811497798272
2022-08-31 00:00:00+00:00,0.030644052249908956
2022-09-01 00:00:00+00:00,0.030852207957388484
2022-09-02 00:00:00+00:00,0.03120728745356944
2022-09-03 00:00:00+00:00,0.021955066650550484
2022-09-04 00:00:00+00:00,0.02202112557116267
2022-09-05 00:00:00+00:00,0.02202112557116267
2022-09-06 00:00:00+00:00,0.02220647008382716
2022-09-07 00:00:00+00:00,0.0249365098004267
2022-09-08 00:00:00+00:00,0.025231547026729785
2022-09-09 00:00:00+00:00,0.025231547026729785
2022-09-10 00:00:00+00:00,0.016664847675353506
2022-09-11 00:00:00+00:00,0.016664847675353506
2022-09-12 00:00:00+00:00,0.015530378441300962
2022-09-13 00:00:00+00:00,0.015530378441300962
2022-09-14 00:00:00+00:00,0.024242967487788838
2022-09-15 00:00:00+00:00,0.024242967487788838
2022-09-16 00:00:00+00:00,0.025842221479614385
2022-09-17 00:00:00+00:00,0.025920861080455465
2022-09-18 00:00:00+00:00,0.025920861080455465
2022-09-19 00:00:00+00:00,0.029768767448376237
2022-09-20 00:00:00+00:00,0.029768767448376237
2022-09-21 00:00:00+00:00,0.027829174805072944
2022-09-22 00:00:00+00:00,0.027463572449728444
2022-09-23 00:00:00+00:00,0.027463572449728444
2022-09-24 00:00:00+00:00,0.027463572449728444
2022-09-25 00:00:00+00:00,0.02702263182648543
2022-09-26 00:00:00+00:00,0.026916232753981605
2022-09-27 00:00:00+00:00,0.026916232753981605
2022-09-28 00:00:00+00:00,0.020979770442670062
2022-09-29 00:00:00+00:00,0.020979770442670062
2022-09-30 00:00:00+00:00,0.019109051436474025
2022-10-01 00:00:00+00:00,0.018896816702181185
2022-10-02 00:00:00+00:00,0.0186079288417443
2022-10-03 00:00:00+00:00,0.008387314097157738
2022-10-04 00:00:00+00:00,0.008387314097157738
2022-10-05 00:00:00+00:00,0.008301501553346398
2022-10-06 00:00:00+00:00,0.007552533937244657
2022-10-07 00:00:00+00:00,0.007510359851974921
2022-10-08 00:00:00+00:00,0.007201088819310401
2022-10-09 00:00:00+00:00,0.006856801847322672
2022-10-10 00:00:00+00:00,0.00676916584700728
2022-10-11 00:00:00+00:00,0.009856965198580089
2022-10-12 00:00:00+00:00,0.009778062268887543
2022-10-13 00:00:00+00:00,0.009778062268887543
2022-10-14 00:00:00+00:00,0.009468173273355522
2022-10-15 00:00:00+00:00,0.009465470344969773
2022-10-16 00:00:00+00:00,0.009440474600026788
2022-10-17 00:00:00+00:00,0.009159433290237053
2022-10-18 00:00:00+00:00,0.009159433290237053
2022-10-19 00:00:00+00:00,0.009173677746323822
2022-10-20 00:00:00+00:00,0.01009395673353565
2022-10-21 00:00:00+00:00,0.010048899925433112
2022-10-22 00:00:00+00:00,0.010384970823335796
2022-10-23 00:00:00+00:00,0.010612892297635124
2022-10-24 00:00:00+00:00,0.010612892297635124
2022-10-25 00:00:00+00:00,0.008446288480804691
2022-10-26 00:00:00+00:00,0.008507506701959948
2022-10-27 00:00:00+00:00,0.008507506701959948
2022-10-28 00:00:00+00:00,0.008670277596617806
2022-10-29 00:00:00+00:00,0.008881879702721585
2022-10-30 00:00:00+00:00,0.009011300266077807
2022-10-31 00:00:00+00:00,0.008859095931628386
2022-11-01 00:00:00+00:00,0.008859095931628386
2022-11-02 00:00:00+00:00,0.00853198433316287
2022-11-03 00:00:00+00:00,0.008723767665849605
2022-11-04 00:00:00+00:00,0.008754985310053275
2022-11-05 00:00:00+00:00,0.008754985310053275
2022-11-06 00:00:00+00:00,0.008754985310053275
2022-11-07 00:00:00+00:00,0.014258558643125816
2022-11-08 00:00:00+00:00,0.013948786990168063
2022-11-09 00:00:00+00:00,0.03363088349961955
2022-11-10 00:00:00+00:00,0.05720184543793894
2022-11-11 00:00:00+00:00,0.05761054912227397
2022-11-12 00:00:00+00:00,0.056995319365190075
2022-11-13 00:00:00+00:00,0.056256879833783406
2022-11-14 00:00:00+00:00,0.055757672909216134
2022-11-15 00:00:00+00:00,0.055757672909216134
2022-11-16 00:00:00+00:00,0.055757672909216134
2022-11-17 00:00:00+00:00,0.05589045402464698
2022-11-18 00:00:00+00:00,0.05572814658655826
2022-11-19 00:00:00+00:00,0.05572814658655826
2022-11-20 00:00:00+00:00,0.05564508504127317
2022-11-21 00:00:00+00:00,0.055654217174565646
2022-11-22 00:00:00+00:00,0.0554082308684583
2022-11-23 00:00:00+00:00,0.050207743288664
2022-11-24 00:00:00+00:00,0.017842917079759782
2022-11-25 00:00:00+00:00,0.017842917079759782
2022-11-26 00:00:00+00:00,0.01705180049112405
2022-11-27 00:00:00+00:00,0.015685141810783648
2022-11-28 00:00:00+00:00,0.014108484507122857
2022-11-29 00:00:00+00:00,0.015097920728736653
2022-11-30 00:00:00+00:00,0.015097920728736653
2022-12-01 00:00:00+00:00,0.015001907441547757
2022-12-02 00:00:00+00:00,0.015739283284976223
2022-12-03 00:00:00+00:00,0.015739283284976223
2022-12-04 00:00:00+00:00,0.015749554295628097
2022-12-05 00:00:00+00:00,0.011634218045916245
2022-12-06 00:00:00+00:00,0.010582965090396457
2022-12-07 00:00:00+00:00,0.010582965090396457
2022-12-08 00:00:00+00:00,0.012303241320962907
2022-12-09 00:00:00+00:00,0.012303241320962907
2022-12-10 00:00:00+00:00,0.012215184328207394
2022-12-11 00:00:00+00:00,0.012148508458528634
2022-12-12 00:00:00+00:00,0.011925122503604398
2022-12-13 00:00:00+00:00,0.010650886004276147
2022-12-14 00:00:00+00:00,0.010650886004276147
2022-12-15 00:00:00+00:00,0.010379622670030878
2022-12-16 00:00:00+00:00,0.010825023494738418
2022-12-17 00:00:00+00:00,0.024584017921536992
2022-12-18 00:00:00+00:00,0.02492450610621463
2022-12-19 00:00:00+00:00,0.024812369081852137
2022-12-20 00:00:00+00:00,0.025603120488477262
2022-12-21 00:00:00+00:00,0.025603120488477262
2022-12-22 00:00:00+00:00,0.025288362898240192
2022-12-23 00:00:00+00:00,0.025288362898240192
2022-12-24 00:00:00+00:00,0.025631513551796183
2022-12-25 00:00:00+00:00,0.025512418174941334
2022-12-26 00:00:00+00:00,0.02583737716418248
2022-12-27 00:00:00+00:00,0.025995087256072247
2022-12-28 00:00:00+00:00,0.02569505370103216
2022-12-29 00:00:00+00:00,0.02647351719983306
2022-12-30 00:00:00+00:00,0.026413896193518763
2022-12-31 00:00:00+00:00,0.014137677839537057
2023-01-01 00:00:00+00:00,0.014137677839537057
2023-01-02 00:00:00+00:00,0.014241434638069879
2023-01-03 00:00:00+00:00,0.011076197806267821
2023-01-04 00:00:00+00:00,0.011076197806267821
2023-01-05 00:00:00+00:00,0.01076273365364202
2023-01-06 00:00:00+00:00,0.010834410408351028
2023-01-07 00:00:00+00:00,0.010834410408351028
2023-01-08 00:00:00+00:00,0.010835185297763988
2023-01-09 00:00:00+00:00,0.010835185297763988
2023-01-10 00:00:00+00:00,0.010835185297763988
2023-01-11 00:00:00+00:00,0.010706367998873126
2023-01-12 00:00:00+00:00,0.0031993972362266486
2023-01-13 00:00:00+00:00,0.003132508923089066
2023-01-14 00:00:00+00:00,0.003132508923089066
2023-01-15 00:00:00+00:00,0.003132508923089066
2023-01-16 00:00:00+00:00,0.005070984706858233
2023-01-17 00:00:00+00:00,0.0050521919592203535
2023-01-18 00:00:00+00:00,0.0050521919592203535
2023-01-19 00:00:00+00:00,0.012952991855610729
2023-01-20 00:00:00+00:00,0.012930735144176132
2023-01-21 00:00:00+00:00,0.012930735144176132
2023-01-22 00:00:00+00:00,0.01330720538911928
2023-01-23 00:00:00+00:00,0.01330720538911928
2023-01-24 00:00:00+00:00,0.01330720538911928
2023-01-25 00:00:00+00:00,0.01668053228848136
2023-01-26 00:00:00+00:00,0.01668053228848136
2023-01-27 00:00:00+00:00,0.016551062535113112
2023-01-28 00:00:00+00:00,0.016551062535113112
2023-01-29 00:00:00+00:00,0.01635188507114778
2023-01-30 00:00:00+00:00,0.016461307203538823
2023-01-31 00:00:00+00:00,0.01953164461147399
2023-02-01 00:00:00+00:00,0.01953164461147399
2023-02-02 00:00:00+00:00,0.016985814210450867
2023-02-03 00:00:00+00:00,0.01687587088825414
2023-02-04 00:00:00+00:00,0.01687587088825414
2023-02-05 00:00:00+00:00,0.016766932570949526
2023-02-06 00:00:00+00:00,0.017244540818979238
2023-02-07 00:00:00+00:00,0.017065184770471517
2023-02-08 00:00:00+00:00,0.014452496096983436
2023-02-09 00:00:00+00:00,0.01457736548171875
2023-02-10 00:00:00+00:00,0.02312163821351537
2023-02-11 00:00:00+00:00,0.022901357022085695
2023-02-12 00:00:00+00:00,0.023274447643242626
2023-02-13 00:00:00+00:00,0.02295915531475355
2023-02-14 00:00:00+00:00,0.020700248449885474
2023-02-15 00:00:00+00:00,0.020700248449885474
2023-02-16 00:00:00+00:00,0.020700248449885474
2023-02-17 00:00:00+00:00,0.021692515211203755
2023-02-18 00:00:00+00:00,0.021692515211203755
2023-02-19 00:00:00+00:00,0.02193044516850185
2023-02-20 00:00:00+00:00,0.02188379111429052
2023-02-21 00:00:00+00:00,0.022127642045604065
2023-02-22 00:00:00+00:00,0.021990217158831444
2023-02-23 00:00:00+00:00,0.021957545318374266
2023-02-24 00:00:00+00:00,0.011428094609459661
2023-02-25 00:00:00+00:00,0.014212465020208509
2023-02-26 00:00:00+00:00,0.013950820136883505
2023-02-27 00:00:00+00:00,0.014248151332381722
2023-02-28 00:00:00+00:00,0.01420610577962144
2023-03-01 00:00:00+00:00,0.01415296207779134
2023-03-02 00:00:00+00:00,0.01415296207779134
2023-03-03 00:00:00+00:00,0.011829740432327616
2023-03-04 00:00:00+00:00,0.013151852009660929
2023-03-05 00:00:00+00:00,0.012658614349924456
2023-03-06 00:00:00+00:00,0.012860575493678045
2023-03-07 00:00:00+00:00,0.01254023849564528
2023-03-08 00:00:00+00:00,0.012473517627543288
2023-03-09 00:00:00+00:00,0.013643746375804261
2023-03-10 00:00:00+00:00,0.016783646442807432
2023-03-11 00:00:00+00:00,0.016035918097784933
2023-03-12 00:00:00+00:00,0.015990048133072983
2023-03-13 00:00:00+00:00,0.015990048133072983
2023-03-14 00:00:00+00:00,0.016449587833553794
2023-03-15 00:00:00+00:00,0.016716068643454627
2023-03-16 00:00:00+00:00,0.01930505451244651
2023-03-17 00:00:00+00:00,0.0197422165173253
2023-03-18 00:00:00+00:00,0.019193435334314106
2023-03-19 00:00:00+00:00,0.01951724141295082
2023-03-20 00:00:00+00:00,0.01951724141295082
2023-03-21 00:00:00+00:00,0.02007556792923486
2023-03-22 00:00:00+00:00,0.02031743344618951
2023-03-23 00:00:00+00:00,0.020307820852852994
2023-03-24 00:00:00+00:00,0.017581240340451946
2023-03-25 00:00:00+00:00,0.01849753432584141
2023-03-26 00:00:00+00:00,0.018712641104203162
2023-03-27 00:00:00+00:00,0.018712641104203162
2023-03-28 00:00:00+00:00,0.018578638647151303
2023-03-29 00:00:00+00:00,0.018578638647151303
2023-03-30 00:00:00+00:00,0.015574259105114691
2023-03-31 00:00:00+00:00,0.015238359232129671
2023-04-01 00:00:00+00:00,0.015238359232129671
2023-04-02 00:00:00+00:00,0.015017020481245275
2023-04-03 00:00:00+00:00,0.014734766133131592
2023-04-04 00:00:00+00:00,0.013518465252818131
2023-04-05 00:00:00+00:00,0.013518465252818131
2023-04-06 00:00:00+00:00,0.011476002468042092
2023-04-07 00:00:00+00:00,0.01185838835462631
2023-04-08 00:00:00+00:00,0.008551814953450388
2023-04-09 00:00:00+00:00,0.008488467392215341
2023-04-10 00:00:00+00:00,0.008488467392215341
2023-04-11 00:00:00+00:00,0.006512433071068326
2023-04-12 00:00:00+00:00,0.006512433071068326
2023-04-13 00:00:00+00:00,0.006462129048567384
2023-04-14 00:00:00+00:00,0.006166562430819441
2023-04-15 00:00:00+00:00,0.006166562430819441
2023-04-16 00:00:00+00:00,0.006166562430819441
2023-04-17 00:00:00+00:00,0.0056081275659442265
2023-04-18 00:00:00+00:00,0.006586058532062805
2023-04-19 00:00:00+00:00,0.006586058532062805
2023-04-20 00:00:00+00:00,0.021181024930943378
2023-04-21 00:00:00+00:00,0.021303200521424995
2023-04-22 00:00:00+00:00,0.023202369886444207
2023-04-23 00:00:00+00:00,0.023406117106774937
2023-04-24 00:00:00+00:00,0.02316380798633679
2023-04-25 00:00:00+00:00,0.02306364539209
2023-04-26 00:00:00+00:00,0.02306364539209
2023-04-27 00:00:00+00:00,0.02283436536127142
2023-04-28 00:00:00+00:00,0.02283436536127142
2023-04-29 00:00:00+00:00,0.02283436536127142
2023-04-30 00:00:00+00:00,0.02283436536127142
2023-05-01 00:00:00+00:00,0.022602401332146225
2023-05-02 00:00:00+00:00,0.022938771394671015
2023-05-03 00:00:00+00:00,0.022938771394671015
2023-05-04 00:00:00+00:00,0.013896800685192051
2023-05-05 00:00:00+00:00,0.013405394673102242
2023-05-06 00:00:00+00:00,0.008842976830752476
2023-05-07 00:00:00+00:00,0.011615371890163902
2023-05-08 00:00:00+00:00,0.011596078970797296
2023-05-09 00:00:00+00:00,0.015548641616909628
2023-05-10 00:00:00+00:00,0.015548641616909628
2023-05-11 00:00:00+00:00,0.01569115648128496
2023-05-12 00:00:00+00:00,0.015881717433319134
2023-05-13 00:00:00+00:00,0.015881717433319134
2023-05-14 00:00:00+00:00,0.015632930545861522
2023-05-15 00:00:00+00:00,0.01588486969962107
2023-05-16 00:00:00+00:00,0.015264794395023836
2023-05-17 00:00:00+00:00,0.015264794395023836
2023-05-18 00:00:00+00:00,0.015264794395023836
2023-05-19 00:00:00+00:00,0.015342528861654136
2023-05-20 00:00:00+00:00,0.015342528861654136
2023-05-21 00:00:00+00:00,0.013607618534677228
2023-05-22 00:00:00+00:00,0.013811930136088777
2023-05-23 00:00:00+00:00,0.008075856669638799
2023-05-24 00:00:00+00:00,0.008075856669638799
2023-05-25 00:00:00+00:00,0.010853091874080907
2023-05-26 00:00:00+00:00,0.00972724839855715
2023-05-27 00:00:00+00:00,0.00972724839855715
2023-05-28 00:00:00+00:00,0.00981603765347311
2023-05-29 00:00:00+00:00,0.00981603765347311
2023-05-30 00:00:00+00:00,0.009769560724158043
2023-05-31 00:00:00+00:00,0.009769560724158043
2023-06-01 00:00:00+00:00,0.009965565516558908
2023-06-02 00:00:00+00:00,0.009639532259535899
2023-06-03 00:00:00+00:00,0.009639532259535899
2023-06-04 00:00:00+00:00,0.00956065639146886
2023-06-05 00:00:00+00:00,0.009159733547077303
2023-06-06 00:00:00+00:00,0.018287274635459767
2023-06-07 00:00:00+00:00,0.018287274635459767
2023-06-08 00:00:00+00:00,0.020111598186047925
2023-06-09 00:00:00+00:00,0.02015733261241584
2023-06-10 00:00:00+00:00,0.019957725234190087
2023-06-11 00:00:00+00:00,0.027472315499836048
2023-06-12 00:00:00+00:00,0.02734392628492329
2023-06-13 00:00:00+00:00,0.02753062560179485
2023-06-14 00:00:00+00:00,0.02753062560179485
2023-06-15 00:00:00+00:00,0.02803408728341279
2023-06-16 00:00:00+00:00,0.028349343948048968
2023-06-17 00:00:00+00:00,0.028349343948048968
2023-06-18 00:00:00+00:00,0.028443018115176848
2023-06-19 00:00:00+00:00,0.028240470162939183
2023-06-20 00:00:00+00:00,0.025244452283621287
2023-06-21 00:00:00+00:00,0.025244452283621287
2023-06-22 00:00:00+00:00,0.023508234080676187
2023-06-23 00:00:00+00:00,0.02331744791118228
2023-06-24 00:00:00+00:00,0.02347451624120777
2023-06-25 00:00:00+00:00,0.010632355601125886
2023-06-26 00:00:00+00:00,0.010712827018829009
2023-06-27 00:00:00+00:00,0.01168015963322933
2023-06-28 00:00:00+00:00,0.01168015963322933
2023-06-29 00:00:00+00:00,0.012977027033920245
2023-06-30 00:00:00+00:00,0.012977027033920245
2023-07-01 00:00:00+00:00,0.012977027033920245
2023-07-02 00:00:00+00:00,0.012977027033920245
2023-07-03 00:00:00+00:00,0.013104677055430789
2023-07-04 00:00:00+00:00,0.013060764849656585
2023-07-05 00:00:00+00:00,0.01291033603295116
2023-07-06 00:00:00+00:00,0.013168279769626649
2023-07-07 00:00:00+00:00,0.01357788594346931
2023-07-08 00:00:00+00:00,0.01357788594346931
2023-07-09 00:00:00+00:00,0.013539946757754558
2023-07-10 00:00:00+00:00,0.013330230766293543
2023-07-11 00:00:00+00:00,0.012903666781468733
2023-07-12 00:00:00+00:00,0.012903666781468733
2023-07-13 00:00:00+00:00,0.007749735939035798
2023-07-14 00:00:00+00:00,0.007749735939035798
2023-07-15 00:00:00+00:00,0.010807875922676624
2023-07-16 00:00:00+00:00,0.010807875922676624
2023-07-17 00:00:00+00:00,0.010696733785510205
2023-07-18 00:00:00+00:00,0.010606114233117263
2023-07-19 00:00:00+00:00,0.010707260330764684
2023-07-20 00:00:00+00:00,0.010405238673974854
2023-07-21 00:00:00+00:00,0.009628767477883531
2023-07-22 00:00:00+00:00,0.009628767477883531
2023-07-23 00:00:00+00:00,0.011070377854825885
2023-07-24 00:00:00+00:00,0.011280019307477043
2023-07-25 00:00:00+00:00,0.012155182486725811
2023-07-26 00:00:00+00:00,0.012155182486725811
2023-07-27 00:00:00+00:00,0.012434596081290746
2023-07-28 00:00:00+00:00,0.01229550222190241
2023-07-29 00:00:00+00:00,0.010215173185195393
2023-07-30 00:00:00+00:00,0.010215173185195393
2023-07-31 00:00:00+00:00,0.010081438809991477
2023-08-01 00:00:00+00:00,0.010134055448497702
2023-08-02 00:00:00+00:00,0.010107196312029686
2023-08-03 00:00:00+00:00,0.012041732446754959
2023-08-04 00:00:00+00:00,0.012152598975861014
2023-08-05 00:00:00+00:00,0.01193484308437568
2023-08-06 00:00:00+00:00,0.010806268280116361
2023-08-07 00:00:00+00:00,0.01075236545194886
2023-08-08 00:00:00+00:00,0.00913907725618523
2023-08-09 00:00:00+00:00,0.00913907725618523
2023-08-10 00:00:00+00:00,0.00913907725618523
2023-08-11 00:00:00+00:00,0.00910402764084283
2023-08-12 00:00:00+00:00,0.009015689992980776
2023-08-13 00:00:00+00:00,0.009015689992980776
2023-08-14 00:00:00+00:00,0.009036802514359314
2023-08-15 00:00:00+00:00,0.009014968063716664
2023-08-16 00:00:00+00:00,0.011266780081067698
2023-08-17 00:00:00+00:00,0.011235751866697768
2023-08-18 00:00:00+00:00,0.023149035935048187
2023-08-19 00:00:00+00:00,0.023312956315218257
2023-08-20 00:00:00+00:00,0.023312956315218257
2023-08-21 00:00:00+00:00,0.02335472486528898
2023-08-22 00:00:00+00:00,0.023260471356419267
2023-08-23 00:00:00+00:00,0.022949841886823943
2023-08-24 00:00:00+00:00,0.022949841886823943
2023-08-25 00:00:00+00:00,0.022870906874059953
2023-08-26 00:00:00+00:00,0.022852925030689517
2023-08-27 00:00:00+00:00,0.022730612718934666
2023-08-28 00:00:00+00:00,0.023059387720880977
2023-08-29 00:00:00+00:00,0.023059387720880977
2023-08-30 00:00:00+00:00,0.022731714770546398
2023-08-31 00:00:00+00:00,0.02221102956319701
2023-09-01 00:00:00+00:00,0.012675595081315664
2023-09-02 00:00:00+00:00,0.012457557017481545
2023-09-03 00:00:00+00:00,0.012457557017481545
2023-09-04 00:00:00+00:00,0.012457557017481545
2023-09-05 00:00:00+00:00,0.0123688620719969
2023-09-06 00:00:00+00:00,0.012435184260331316
2023-09-07 00:00:00+00:00,0.012318194318465746
2023-09-08 00:00:00+00:00,0.012280725932594746
2023-09-09 00:00:00+00:00,0.012253332231205595
2023-09-10 00:00:00+00:00,0.012253861053401625
2023-09-11 00:00:00+00:00,0.0128595337196513
2023-09-12 00:00:00+00:00,0.01414715145097318
2023-09-13 00:00:00+00:00,0.01414715145097318
2023-09-14 00:00:00+00:00,0.013965548703242823
2023-09-15 00:00:00+00:00,0.010092889260828752
2023-09-16 00:00:00+00:00,0.010132020710428128
2023-09-17 00:00:00+00:00,0.010065539310940242
2023-09-18 00:00:00+00:00,0.01016961074272811
2023-09-19 00:00:00+00:00,0.010214008717019458
2023-09-20 00:00:00+00:00,0.010214008717019458
2023-09-21 00:00:00+00:00,0.010204724025269844
2023-09-22 00:00:00+00:00,0.010870642384362235
2023-09-23 00:00:00+00:00,0.011083160793732586
2023-09-24 00:00:00+00:00,0.011196365771197916
2023-09-25 00:00:00+00:00,0.010349614675721902
2023-09-26 00:00:00+00:00,0.007237424233517921
2023-09-27 00:00:00+00:00,0.007138435724859252
2023-09-28 00:00:00+00:00,0.0070678918409621825
2023-09-29 00:00:00+00:00,0.0070678918409621825
2023-09-30 00:00:00+00:00,0.0070678918409621825
2023-10-01 00:00:00+00:00,0.007146950034520945
2023-10-02 00:00:00+00:00,0.006723139657655347
2023-10-03 00:00:00+00:00,0.008797536319066582
2023-10-04 00:00:00+00:00,0.008797536319066582
2023-10-05 00:00:00+00:00,0.008851103826592674
2023-10-06 00:00:00+00:00,0.007292895337340497
2023-10-07 00:00:00+00:00,0.007292895337340497
2023-10-08 00:00:00+00:00,0.007297375794725242
2023-10-09 00:00:00+00:00,0.006970114629981738
2023-10-10 00:00:00+00:00,0.010394604690375177
2023-10-11 00:00:00+00:00,0.010419816345341351
2023-10-12 00:00:00+00:00,0.010592144133463436
2023-10-13 00:00:00+00:00,0.010514197733060547
2023-10-14 00:00:00+00:00,0.010514197733060547
2023-10-15 00:00:00+00:00,0.010514197733060547
2023-10-16 00:00:00+00:00,0.010514197733060547
2023-10-17 00:00:00+00:00,0.009440385505976855
2023-10-18 00:00:00+00:00,0.00967128099297568
2023-10-19 00:00:00+00:00,0.009486490077481273
2023-10-20 00:00:00+00:00,0.009744875110227764
2023-10-21 00:00:00+00:00,0.009744875110227764
2023-10-22 00:00:00+00:00,0.009960761436004167
2023-10-23 00:00:00+00:00,0.010144344739932067
2023-10-24 00:00:00+00:00,0.006763474046775237
2023-10-25 00:00:00+00:00,0.006764079259844298
2023-10-26 00:00:00+00:00,0.006141515504404922
2023-10-27 00:00:00+00:00,0.005458995932990435
2023-10-28 00:00:00+00:00,0.007137506702276155
2023-10-29 00:00:00+00:00,0.007137506702276155
2023-10-30 00:00:00+00:00,0.007137506702276155
2023-10-31 00:00:00+00:00,0.007137506702276155
2023-11-01 00:00:00+00:00,0.006106226882053008
2023-11-02 00:00:00+00:00,0.00552334149121269
2023-11-03 00:00:00+00:00,0.005665118928187491
2023-11-04 00:00:00+00:00,0.005665118928187491
2023-11-05 00:00:00+00:00,0.005665118928187491
2023-11-06 00:00:00+00:00,0.005665118928187491
2023-11-07 00:00:00+00:00,0.005665118928187491
2023-11-08 00:00:00+00:00,0.006555044601981266
2023-11-09 00:00:00+00:00,0.006555044601981266
2023-11-10 00:00:00+00:00,0.006555044601981266
2023-11-11 00:00:00+00:00,0.004348907916966668
2023-11-12 00:00:00+00:00,0.004348907916966668
2023-11-13 00:00:00+00:00,0.004348907916966668
2023-11-14 00:00:00+00:00,0.01173974085259035
2023-11-15 00:00:00+00:00,0.011668631437802144
2023-11-16 00:00:00+00:00,0.011668631437802144
2023-11-17 00:00:00+00:00,0.013897325333986363
2023-11-18 00:00:00+00:00,0.013897325333986363
2023-11-19 00:00:00+00:00,0.013849589395991497
2023-11-20 00:00:00+00:00,0.013849589395991497
2023-11-21 00:00:00+00:00,0.014438121258178076
2023-11-22 00:00:00+00:00,0.020475082844621625
2023-11-23 00:00:00+00:00,0.020475082844621625
2023-11-24 00:00:00+00:00,0.020460308035998482
2023-11-25 00:00:00+00:00,0.020460308035998482
2023-11-26 00:00:00+00:00,0.020460308035998482
2023-11-27 00:00:00+00:00,0.020162380857497164
2023-11-28 00:00:00+00:00,0.018469450949119046
2023-11-29 00:00:00+00:00,0.018679772175743868
2023-11-30 00:00:00+00:00,0.018594127246744068
2023-12-01 00:00:00+00:00,0.017655145528266695
2023-12-02 00:00:00+00:00,0.017655145528266695
2023-12-03 00:00:00+00:00,0.0177029549356401
2023-12-04 00:00:00+00:00,0.017624138719629756
2023-12-05 00:00:00+00:00,0.017151689735972624
2023-12-06 00:00:00+00:00,0.0059402472483911254
2023-12-07 00:00:00+00:00,0.0059402472483911254
2023-12-08 00:00:00+00:00,0.005950450764811875
2023-12-09 00:00:00+00:00,0.005950450764811875
2023-12-10 00:00:00+00:00,0.0059488844103097955
2023-12-11 00:00:00+00:00,0.005448703565832462
2023-12-12 00:00:00+00:00,0.012461581027865402
2023-12-13 00:00:00+00:00,0.012461581027865402
2023-12-14 00:00:00+00:00,0.012494195777158629
2023-12-15 00:00:00+00:00,0.012494195777158629
2023-12-16 00:00:00+00:00,0.015320569303010864
2023-12-17 00:00:00+00:00,0.015320569303010864
2023-12-18 00:00:00+00:00,0.016230615805850345
2023-12-19 00:00:00+00:00,0.016230615805850345
2023-12-20 00:00:00+00:00,0.01614536543554363
2023-12-21 00:00:00+00:00,0.01614536543554363
2023-12-22 00:00:00+00:00,0.01614536543554363
2023-12-23 00:00:00+00:00,0.01614536543554363
2023-12-24 00:00:00+00:00,0.016147386898129303
2023-12-25 00:00:00+00:00,0.01595707874495069
2023-12-26 00:00:00+00:00,0.011902847295132902
2023-12-27 00:00:00+00:00,0.01253969412965514
2023-12-28 00:00:00+00:00,0.01253969412965514
2023-12-29 00:00:00+00:00,0.012714725162469678
2023-12-30 00:00:00+00:00,0.009907880285044919
2023-12-31 00:00:00+00:00,0.009700357625092498
2024-01-01 00:00:00+00:00,0.00811656344188031
2024-01-02 00:00:00+00:00,0.00811656344188031
2024-01-03 00:00:00+00:00,0.008000923515476729
2024-01-04 00:00:00+00:00,0.019176962940285498
2024-01-05 00:00:00+00:00,0.019176962940285498
2024-01-06 00:00:00+00:00,0.019319852335226984
2024-01-07 00:00:00+00:00,0.019202435588692963
2024-01-08 00:00:00+00:00,0.01929330892412586
2024-01-09 00:00:00+00:00,0.01929330892412586
2024-01-10 00:00:00+00:00,0.019266155059624878
2024-01-11 00:00:00+00:00,0.019266155059624878
2024-01-12 00:00:00+00:00,0.019771376506679938
2024-01-13 00:00:00+00:00,0.022132128861265817
2024-01-14 00:00:00+00:00,0.022434146345817446
2024-01-15 00:00:00+00:00,0.02240395450038235
2024-01-16 00:00:00+00:00,0.02240395450038235
2024-01-17 00:00:00+00:00,0.02293230972818572
2024-01-18 00:00:00+00:00,0.016850014904711236
2024-01-19 00:00:00+00:00,0.017274459185940248
2024-01-20 00:00:00+00:00,0.017381212131486596
2024-01-21 00:00:00+00:00,0.017310672340570224
2024-01-22 00:00:00+00:00,0.016694470661562422
2024-01-23 00:00:00+00:00,0.02123791717328083
2024-01-24 00:00:00+00:00,0.021301362516447618
2024-01-25 00:00:00+00:00,0.021301362516447618
2024-01-26 00:00:00+00:00,0.020931686056995375
2024-01-27 00:00:00+00:00,0.01802807071394854
2024-01-28 00:00:00+00:00,0.01802807071394854
2024-01-29 00:00:00+00:00,0.017847822034714893
2024-01-30 00:00:00+00:00,0.017847822034714893
2024-01-31 00:00:00+00:00,0.01773290121696298
2024-02-01 00:00:00+00:00,0.018169514620927963
2024-02-02 00:00:00+00:00,0.017136159291084245
2024-02-03 00:00:00+00:00,0.017146611011548126
2024-02-04 00:00:00+00:00,0.016970497002418858
2024-02-05 00:00:00+00:00,0.017067103531861697
2024-02-06 00:00:00+00:00,0.008594552365980399
2024-02-07 00:00:00+00:00,0.008740664380893791
2024-02-08 00:00:00+00:00,0.008740664380893791
2024-02-09 00:00:00+00:00,0.008627555478450571
2024-02-10 00:00:00+00:00,0.008627555478450571
2024-02-11 00:00:00+00:00,0.008627555478450571
2024-02-12 00:00:00+00:00,0.008522669909820665
2024-02-13 00:00:00+00:00,0.008522669909820665
2024-02-14 00:00:00+00:00,0.008366365671879997
2024-02-15 00:00:00+00:00,0.0057906568948788515
2024-02-16 00:00:00+00:00,0.0057906568948788515
2024-02-17 00:00:00+00:00,0.005747457088857413
2024-02-18 00:00:00+00:00,0.006072622948690134
2024-02-19 00:00:00+00:00,0.004842162290232506
2024-02-20 00:00:00+00:00,0.004842162290232506
2024-02-21 00:00:00+00:00,0.005293389605869896
2024-02-22 00:00:00+00:00,0.005776424037668141
2024-02-23 00:00:00+00:00,0.0057996842147580415
2024-02-24 00:00:00+00:00,0.0056949869881076755
2024-02-25 00:00:00+00:00,0.0056949869881076755
2024-02-26 00:00:00+00:00,0.005888886850798994
2024-02-27 00:00:00+00:00,0.005888886850798994
2024-02-28 00:00:00+00:00,0.005313370883643518
2024-02-29 00:00:00+00:00,0.005313370883643518
2024-03-01 00:00:00+00:00,0.005313370883643518
2024-03-02 00:00:00+00:00,0.005419966248337968
2024-03-03 00:00:00+00:00,0.005087445218158643
2024-03-04 00:00:00+00:00,0.005087445218158643
2024-03-05 00:00:00+00:00,0.005087445218158643
2024-03-06 00:00:00+00:00,0.019034280529777806
2024-03-07 00:00:00+00:00,0.019055018814282704
2024-03-08 00:00:00+00:00,0.019104246884841122
2024-03-09 00:00:00+00:00,0.019140150389940158
2024-03-10 00:00:00+00:00,0.019140150389940158
2024-03-11 00:00:00+00:00,0.019185746698187837
2024-03-12 00:00:00+00:00,0.019185746698187837
2024-03-13 00:00:00+00:00,0.01912179877563187
2024-03-14 00:00:00+00:00,0.01912179877563187
2024-03-15 00:00:00+00:00,0.019040739138293693
2024-03-16 00:00:00+00:00,0.019133868127523376
2024-03-17 00:00:00+00:00,0.02577207342203363
2024-03-18 00:00:00+00:00,0.02577207342203363
2024-03-19 00:00:00+00:00,0.025503715135089637
2024-03-20 00:00:00+00:00,0.03218138151002326
2024-03-21 00:00:00+00:00,0.03218138151002326
2024-03-22 00:00:00+00:00,0.031865857272709394
2024-03-23 00:00:00+00:00,0.031604693622596575
2024-03-24 00:00:00+00:00,0.031604693622596575
2024-03-25 00:00:00+00:00,0.03200436711628244
2024-03-26 00:00:00+00:00,0.03200436711628244
2024-03-27 00:00:00+00:00,0.03231217311943413
2024-03-28 00:00:00+00:00,0.031897405768574714
2024-03-29 00:00:00+00:00,0.032071589054999294
2024-03-30 00:00:00+00:00,0.03247364001477129
2024-03-31 00:00:00+00:00,0.028192218834846364
2024-04-01 00:00:00+00:00,0.028192218834846364
2024-04-02 00:00:00+00:00,0.02926723165342346
2024-04-03 00:00:00+00:00,0.018271831701900162
2024-04-04 00:00:00+00:00,0.017916691802759482
2024-04-05 00:00:00+00:00,0.018272628345984452
2024-04-06 00:00:00+00:00,0.01756940351268396
2024-04-07 00:00:00+00:00,0.01756940351268396
2024-04-08 00:00:00+00:00,0.01756940351268396
2024-04-09 00:00:00+00:00,0.01756940351268396
2024-04-10 00:00:00+00:00,0.018924077333361652
2024-04-11 00:00:00+00:00,0.019286974415139567
2024-04-12 00:00:00+00:00,0.019000833755512075
2024-04-13 00:00:00+00:00,0.029047905625300612
2024-04-14 00:00:00+00:00,0.03537706809567025
2024-04-15 00:00:00+00:00,0.03537706809567025
2024-04-16 00:00:00+00:00,0.03504592336767654
2024-04-17 00:00:00+00:00,0.03430247390345332
2024-04-18 00:00:00+00:00,0.03416930224056415
2024-04-19 00:00:00+00:00,0.03416930224056415
2024-04-20 00:00:00+00:00,0.03462678438508408
2024-04-21 00:00:00+00:00,0.03462678438508408
2024-04-22 00:00:00+00:00,0.03425271615290258
2024-04-23 00:00:00+00:00,0.03425271615290258
2024-04-24 00:00:00+00:00,0.033894261795703325
2024-04-25 00:00:00+00:00,0.03357246684838863
2024-04-26 00:00:00+00:00,0.03373519163588997
2024-04-27 00:00:00+00:00,0.025830924209255743
2024-04-28 00:00:00+00:00,0.012234396008811045
2024-04-29 00:00:00+00:00,0.011909905762876496
2024-04-30 00:00:00+00:00,0.010510109752157692
2024-05-01 00:00:00+00:00,0.015192101622194545
2024-05-02 00:00:00+00:00,0.015046825216141741
2024-05-03 00:00:00+00:00,0.015046825216141741
2024-05-04 00:00:00+00:00,0.015046825216141741
2024-05-05 00:00:00+00:00,0.015046825216141741
2024-05-06 00:00:00+00:00,0.015264153219098655
2024-05-07 00:00:00+00:00,0.015098751922196028
2024-05-08 00:00:00+00:00,0.015558867751231456
2024-05-09 00:00:00+00:00,0.013736675962644912
2024-05-10 00:00:00+00:00,0.013855207749822497
2024-05-11 00:00:00+00:00,0.01591402823893819
2024-05-12 00:00:00+00:00,0.01578298971684291
2024-05-13 00:00:00+00:00,0.015910127424064436
2024-05-14 00:00:00+00:00,0.015954340287220377
2024-05-15 00:00:00+00:00,0.012080661952082418
2024-05-16 00:00:00+00:00,0.012080661952082418
2024-05-17 00:00:00+00:00,0.01187834514008909
2024-05-18 00:00:00+00:00,0.01187834514008909
2024-05-19 00:00:00+00:00,0.01187834514008909
2024-05-20 00:00:00+00:00,0.01214542311900247
2024-05-21 00:00:00+00:00,0.01236766290388054
2024-05-22 00:00:00+00:00,0.011897161226230158
2024-05-23 00:00:00+00:00,0.012249677156470974
2024-05-24 00:00:00+00:00,0.012282186130747642
2024-05-25 00:00:00+00:00,0.009403535769061179
2024-05-26 00:00:00+00:00,0.009550016289320756
2024-05-27 00:00:00+00:00,0.009578819093506321
2024-05-28 00:00:00+00:00,0.009578819093506321
2024-05-29 00:00:00+00:00,0.008884469119989255
2024-05-30 00:00:00+00:00,0.008705330398158866
2024-05-31 00:00:00+00:00,0.008724802565060802
2024-06-01 00:00:00+00:00,0.008535239071925946
2024-06-02 00:00:00+00:00,0.008535239071925946
2024-06-03 00:00:00+00:00,0.007618159829822537
2024-06-04 00:00:00+00:00,0.007618159829822537
2024-06-05 00:00:00+00:00,0.007618159829822537
2024-06-06 00:00:00+00:00,0.007079624662416571
2024-06-07 00:00:00+00:00,0.006292258291896318
2024-06-08 00:00:00+00:00,0.012451698132828792
2024-06-09 00:00:00+00:00,0.012333875846109862
2024-06-10 00:00:00+00:00,0.012553471122105194
2024-06-11 00:00:00+00:00,0.012431781111880213
2024-06-12 00:00:00+00:00,0.014261242282348697
2024-06-13 00:00:00+00:00,0.014567296878979317
2024-06-14 00:00:00+00:00,0.015902314051495448
2024-06-15 00:00:00+00:00,0.01571381542075197
2024-06-16 00:00:00+00:00,0.01571381542075197
2024-06-17 00:00:00+00:00,0.01610206204081788
2024-06-18 00:00:00+00:00,0.01613422582565122
2024-06-19 00:00:00+00:00,0.01672027241711842
2024-06-20 00:00:00+00:00,0.01672027241711842
2024-06-21 00:00:00+00:00,0.017135688415999
2024-06-22 00:00:00+00:00,0.015199664818387956
2024-06-23 00:00:00+00:00,0.015491518135080562
2024-06-24 00:00:00+00:00,0.015109454522057081
2024-06-25 00:00:00+00:00,0.015102334687255645
2024-06-26 00:00:00+00:00,0.013975572237551885
2024-06-27 00:00:00+00:00,0.01360267017232778
2024-06-28 00:00:00+00:00,0.01221753280158564
2024-06-29 00:00:00+00:00,0.012392487974310076
2024-06-30 00:00:00+00:00,0.012392487974310076
2024-07-01 00:00:00+00:00,0.012392487974310076
2024-07-02 00:00:00+00:00,0.011469370758277237
2024-07-03 00:00:00+00:00,0.007409001706326763
2024-07-04 00:00:00+00:00,0.013843293018573738
2024-07-05 00:00:00+00:00,0.0240761010771036
2024-07-06 00:00:00+00:00,0.02401279736757648
2024-07-07 00:00:00+00:00,0.024112875102097902
2024-07-08 00:00:00+00:00,0.027328932639889288
2024-07-09 00:00:00+00:00,0.027710051729381093
2024-07-10 00:00:00+00:00,0.027710051729381093
2024-07-11 00:00:00+00:00,0.028010257010198446
2024-07-12 00:00:00+00:00,0.02780145334413079
2024-07-13 00:00:00+00:00,0.02810405838642478
2024-07-14 00:00:00+00:00,0.02810405838642478
2024-07-15 00:00:00+00:00,0.02810405838642478
2024-07-16 00:00:00+00:00,0.02810405838642478
2024-07-17 00:00:00+00:00,0.02810405838642478
2024-07-18 00:00:00+00:00,0.026275877812135206
2024-07-19 00:00:00+00:00,0.016547966993863097
2024-07-20 00:00:00+00:00,0.01665227258780335
2024-07-21 00:00:00+00:00,0.01665227258780335
2024-07-22 00:00:00+00:00,0.004262539393527939
2024-07-23 00:00:00+00:00,0.007054341404535844
2024-07-24 00:00:00+00:00,0.008733988323759606
2024-07-25 00:00:00+00:00,0.008827252735645589
2024-07-26 00:00:00+00:00,0.01000907684797525
2024-07-27 00:00:00+00:00,0.01000907684797525
2024-07-28 00:00:00+00:00,0.009824448086490637
2024-07-29 00:00:00+00:00,0.009562951563145815
2024-07-30 00:00:00+00:00,0.009324914571812585
2024-07-31 00:00:00+00:00,0.008980224380252005
2024-08-01 00:00:00+00:00,0.009626337745540916
2024-08-02 00:00:00+00:00,0.009589249810920316
2024-08-03 00:00:00+00:00,0.017556676885998757
2024-08-04 00:00:00+00:00,0.017085941636946853
2024-08-05 00:00:00+00:00,0.019333005974685524
2024-08-06 00:00:00+00:00,0.025119674744760397
2024-08-07 00:00:00+00:00,0.02595880647845607
2024-08-08 00:00:00+00:00,0.02656748291117868
2024-08-09 00:00:00+00:00,0.027182396998123116
2024-08-10 00:00:00+00:00,0.026607375240438772
2024-08-11 00:00:00+00:00,0.026846753485779536
2024-08-12 00:00:00+00:00,0.027193931296648304
2024-08-13 00:00:00+00:00,0.027482479466512593
2024-08-14 00:00:00+00:00,0.02794701279343927
2024-08-15 00:00:00+00:00,0.02798570896883721
2024-08-16 00:00:00+00:00,0.027784183194736318
2024-08-17 00:00:00+00:00,0.025444901246088926
2024-08-18 00:00:00+00:00,0.025928561792160822
2024-08-19 00:00:00+00:00,0.023534368097768377
2024-08-20 00:00:00+00:00,0.014009691429123368
2024-08-21 00:00:00+00:00,0.014009691429123368
2024-08-22 00:00:00+00:00,0.014009691429123368
2024-08-23 00:00:00+00:00,0.014009691429123368
2024-08-24 00:00:00+00:00,0.012990218512897644
2024-08-25 00:00:00+00:00,0.012990218512897644
2024-08-26 00:00:00+00:00,0.007499046357433455
2024-08-27 00:00:00+00:00,0.010392752732731414
2024-08-28 00:00:00+00:00,0.015851700341868273
2024-08-29 00:00:00+00:00,0.01584968058118629
2024-08-30 00:00:00+00:00,0.01574256462971904
2024-08-31 00:00:00+00:00,0.01574256462971904
2024-09-01 00:00:00+00:00,0.015569174888044364
2024-09-02 00:00:00+00:00,0.017617790588416456
2024-09-03 00:00:00+00:00,0.017617790588416456
2024-09-04 00:00:00+00:00,0.018113140642086235
2024-09-05 00:00:00+00:00,0.018113140642086235
2024-09-06 00:00:00+00:00,0.0177123897773747
2024-09-07 00:00:00+00:00,0.01817465016822709
2024-09-08 00:00:00+00:00,0.01817465016822709
2024-09-09 00:00:00+00:00,0.018733260952894657
2024-09-10 00:00:00+00:00,0.018555074328787266
2024-09-11 00:00:00+00:00,0.015045796276143442
2024-09-12 00:00:00+00:00,0.01489972259109848
2024-09-13 00:00:00+00:00,0.015022199223443585
2024-09-14 00:00:00+00:00,0.015022199223443585
2024-09-15 00:00:00+00:00,0.015249875490690705
2024-09-16 00:00:00+00:00,0.014034600059359355
2024-09-17 00:00:00+00:00,0.013964419766295318
2024-09-18 00:00:00+00:00,0.012696254404249733
2024-09-19 00:00:00+00:00,0.012696254404249733
2024-09-20 00:00:00+00:00,0.012619776966396696
2024-09-21 00:00:00+00:00,0.009091358642247194
2024-09-22 00:00:00+00:00,0.009091358642247194
2024-09-23 00:00:00+00:00,0.00943956274079071
2024-09-24 00:00:00+00:00,0.00943956274079071
2024-09-25 00:00:00+00:00,0.00943956274079071
2024-09-26 00:00:00+00:00,0.01020833417875666
2024-09-27 00:00:00+00:00,0.01020833417875666
2024-09-28 00:00:00+00:00,0.01020833417875666
2024-09-29 00:00:00+00:00,0.010175303306639284
2024-09-30 00:00:00+00:00,0.007215581253416609
2024-10-01 00:00:00+00:00,0.01400897150375763
2024-10-02 00:00:00+00:00,0.017902081709512668
2024-10-03 00:00:00+00:00,0.01820290993004326
2024-10-04 00:00:00+00:00,0.017944049633292197
2024-10-05 00:00:00+00:00,0.017944049633292197
2024-10-06 00:00:00+00:00,0.017864466337019953
2024-10-07 00:00:00+00:00,0.01814808167805466
2024-10-08 00:00:00+00:00,0.0178612694498772
2024-10-09 00:00:00+00:00,0.01780802439614586
2024-10-10 00:00:00+00:00,0.017761853661394735
2024-10-11 00:00:00+00:00,0.017650256108086872
2024-10-12 00:00:00+00:00,0.017650256108086872
2024-10-13 00:00:00+00:00,0.017692014910104463
2024-10-14 00:00:00+00:00,0.017609562320342557
2024-10-15 00:00:00+00:00,0.014154700237255523
2024-10-16 00:00:00+00:00,0.008362788189619556
2024-10-17 00:00:00+00:00,0.00577524082669553
2024-10-18 00:00:00+00:00,0.005784560123385602
2024-10-19 00:00:00+00:00,0.005784560123385602
2024-10-20 00:00:00+00:00,0.005842601241046284
2024-10-21 00:00:00+00:00,0.005842601241046284
2024-10-22 00:00:00+00:00,0.00658353433124881
2024-10-23 00:00:00+00:00,0.006700159158342664
2024-10-24 00:00:00+00:00,0.0061725209731949724
2024-10-25 00:00:00+00:00,0.006254972103412384
2024-10-26 00:00:00+00:00,0.014956804111190316
2024-10-27 00:00:00+00:00,0.014956804111190316
2024-10-28 00:00:00+00:00,0.015100234218441779
2024-10-29 00:00:00+00:00,0.015100234218441779
2024-10-30 00:00:00+00:00,0.015100234218441779
2024-10-31 00:00:00+00:00,0.015068111102824917
2024-11-01 00:00:00+00:00,0.017186745966834033
2024-11-02 00:00:00+00:00,0.017186745966834033
2024-11-03 00:00:00+00:00,0.016905125500862414
2024-11-04 00:00:00+00:00,0.016847374038684398
2024-11-05 00:00:00+00:00,0.01677311598945164
2024-11-06 00:00:00+00:00,0.0171120854046576
2024-11-07 00:00:00+00:00,0.017409954804538087
2024-11-08 00:00:00+00:00,0.017409954804538087
2024-11-09 00:00:00+00:00,0.012121737071189131
2024-11-10 00:00:00+00:00,0.012121737071189131
2024-11-11 00:00:00+00:00,0.012121737071189131
2024-11-12 00:00:00+00:00,0.012121737071189131
2024-11-13 00:00:00+00:00,0.011955420242450084
2024-11-14 00:00:00+00:00,0.011779398705296902
2024-11-15 00:00:00+00:00,0.007401496089075982
2024-11-16 00:00:00+00:00,0.007401496089075982
2024-11-17 00:00:00+00:00,0.007394355662050104
2024-11-18 00:00:00+00:00,0.006475083914911377
2024-11-19 00:00:00+00:00,0.00594588164579613
2024-11-20 00:00:00+00:00,0.005988854630159612
2024-11-21 00:00:00+00:00,0.005920105742768416
2024-11-22 00:00:00+00:00,0.005920105742768416
2024-11-23 00:00:00+00:00,0.005920105742768416
2024-11-24 00:00:00+00:00,0.005920105742768416
2024-11-25 00:00:00+00:00,0.005857861111596232
2024-11-26 00:00:00+00:00,0.012573017588593959
2024-11-27 00:00:00+00:00,0.01256807609701011
2024-11-28 00:00:00+00:00,0.012704003413055187
2024-11-29 00:00:00+00:00,0.012774691015749998
2024-11-30 00:00:00+00:00,0.012774691015749998
2024-12-01 00:00:00+00:00,0.012774691015749998
2024-12-02 00:00:00+00:00,0.012300109016054009
2024-12-03 00:00:00+00:00,0.012300109016054009
2024-12-04 00:00:00+00:00,0.012325982391530628
2024-12-05 00:00:00+00:00,0.01236207631234569
2024-12-06 00:00:00+00:00,0.012392333223491427
2024-12-07 00:00:00+00:00,0.012392333223491427
2024-12-08 00:00:00+00:00,0.012392333223491427
2024-12-09 00:00:00+00:00,0.01242850258172291
2024-12-10 00:00:00+00:00,0.0327537674060994
2024-12-11 00:00:00+00:00,0.032754848512303744
2024-12-12 00:00:00+00:00,0.032754848512303744
2024-12-13 00:00:00+00:00,0.032754848512303744
2024-12-14 00:00:00+00:00,0.032754848512303744
2024-12-15 00:00:00+00:00,0.032944177346571464
2024-12-16 00:00:00+00:00,0.032944177346571464
2024-12-17 00:00:00+00:00,0.03275869233082917
2024-12-18 00:00:00+00:00,0.032640741435767735
2024-12-19 00:00:00+00:00,0.037084634887627345
2024-12-20 00:00:00+00:00,0.03880662646587586
2024-12-21 00:00:00+00:00,0.03880662646587586
2024-12-22 00:00:00+00:00,0.03825265203451682
2024-12-23 00:00:00+00:00,0.037615680152334095
2024-12-24 00:00:00+00:00,0.025806338634881982
2024-12-25 00:00:00+00:00,0.026143609358505508
2024-12-26 00:00:00+00:00,0.0259054113797646
2024-12-27 00:00:00+00:00,0.027290027507476732
2024-12-28 00:00:00+00:00,0.026934813224194165
2024-12-29 00:00:00+00:00,0.027493634473949286
2024-12-30 00:00:00+00:00,0.02695499426336164
2024-12-31 00:00:00+00:00,0.02733551307123771
2025-01-01 00:00:00+00:00,0.02757924298440436
2025-01-02 00:00:00+00:00,0.021778497843759976
2025-01-03 00:00:00+00:00,0.01695674104980973
2025-01-04 00:00:00+00:00,0.01695674104980973
2025-01-05 00:00:00+00:00,0.016253364871565763
2025-01-06 00:00:00+00:00,0.016084991079865718
2025-01-07 00:00:00+00:00,0.016084991079865718
2025-01-08 00:00:00+00:00,0.025105520907758954
2025-01-09 00:00:00+00:00,0.025049123374191903
2025-01-10 00:00:00+00:00,0.022757594040507447
2025-01-11 00:00:00+00:00,0.022955389418649483
2025-01-12 00:00:00+00:00,0.022955389418649483
2025-01-13 00:00:00+00:00,0.022421973504675233
2025-01-14 00:00:00+00:00,0.022419055360813747
2025-01-15 00:00:00+00:00,0.022419055360813747
2025-01-16 00:00:00+00:00,0.022419055360813747
2025-01-17 00:00:00+00:00,0.022419055360813747
2025-01-18 00:00:00+00:00,0.022419055360813747
2025-01-19 00:00:00+00:00,0.022169167434887952
2025-01-20 00:00:00+00:00,0.026695436570702866
2025-01-21 00:00:00+00:00,0.026695436570702866
2025-01-22 00:00:00+00:00,0.02007798608938254
2025-01-23 00:00:00+00:00,0.02001023338857588
2025-01-24 00:00:00+00:00,0.019034449378749808
2025-01-25 00:00:00+00:00,0.01891474342608451
2025-01-26 00:00:00+00:00,0.01891474342608451
2025-01-27 00:00:00+00:00,0.02004877137771187
2025-01-28 00:00:00+00:00,0.01996278531954063
2025-01-29 00:00:00+00:00,0.020259632226358484
2025-01-30 00:00:00+00:00,0.020259632226358487
2025-01-31 00:00:00+00:00,0.020259632226358487
2025-02-01 00:00:00+00:00,0.019968814019421365
2025-02-02 00:00:00+00:00,0.02253472796851739
2025-02-03 00:00:00+00:00,0.027479767981479063
2025-02-04 00:00:00+00:00,0.027479767981479063
2025-02-05 00:00:00+00:00,0.02890991980080377
2025-02-06 00:00:00+00:00,0.02883681307042454
2025-02-07 00:00:00+00:00,0.028387453518977306
2025-02-08 00:00:00+00:00,0.028608384254034676
2025-02-09 00:00:00+00:00,0.028608384254034676
2025-02-10 00:00:00+00:00,0.0291382146177468
2025-02-11 00:00:00+00:00,0.02968680453705595
2025-02-12 00:00:00+00:00,0.030056284805567903
2025-02-13 00:00:00+00:00,0.030056284805567903
2025-02-14 00:00:00+00:00,0.029761402157418224
2025-02-15 00:00:00+00:00,0.030058001776109924
2025-02-16 00:00:00+00:00,0.028548546028217114
2025-02-17 00:00:00+00:00,0.01700192605486527
2025-02-18 00:00:00+00:00,0.016803039564661202
2025-02-19 00:00:00+00:00,0.010708398255746703
2025-02-20 00:00:00+00:00,0.010429498043129362
2025-02-21 00:00:00+00:00,0.008506387500084098
2025-02-22 00:00:00+00:00,0.010925956213575871
2025-02-23 00:00:00+00:00,0.010925956213575871
2025-02-24 00:00:00+00:00,0.010756680606072296
2025-02-25 00:00:00+00:00,0.02993146516749547
2025-02-26 00:00:00+00:00,0.02993146516749547
2025-02-27 00:00:00+00:00,0.029706182046009555
2025-02-28 00:00:00+00:00,0.02996153366241805
2025-03-01 00:00:00+00:00,0.029672104422635244
2025-03-02 00:00:00+00:00,0.02985019959229058
2025-03-03 00:00:00+00:00,0.03016667975256783
2025-03-04 00:00:00+00:00,0.04769847401916439
2025-03-05 00:00:00+00:00,0.04820507259995255
2025-03-06 00:00:00+00:00,0.04820507259995255
2025-03-07 00:00:00+00:00,0.04778358051985399
2025-03-08 00:00:00+00:00,0.04783152088588698
2025-03-09 00:00:00+00:00,0.04752591150845944
2025-03-10 00:00:00+00:00,0.04963524511960528
2025-03-11 00:00:00+00:00,0.044697120466161706
2025-03-12 00:00:00+00:00,0.044697120466161706
2025-03-13 00:00:00+00:00,0.04532422762922208
2025-03-14 00:00:00+00:00,0.04472449336127628
2025-03-15 00:00:00+00:00,0.04507743334369448
2025-03-16 00:00:00+00:00,0.04507743334369448
2025-03-17 00:00:00+00:00,0.044452062107353425
2025-03-18 00:00:00+00:00,0.02664505820225578
2025-03-19 00:00:00+00:00,0.026211411420888252
2025-03-20 00:00:00+00:00,0.026211411420888252
2025-03-21 00:00:00+00:00,0.026423846059935564
2025-03-22 00:00:00+00:00,0.026454137760182208
2025-03-23 00:00:00+00:00,0.026736769574601037
2025-03-24 00:00:00+00:00,0.01860345184974909
2025-03-25 00:00:00+00:00,0.013239094553827805
2025-03-26 00:00:00+00:00,0.013239094553827805
2025-03-27 00:00:00+00:00,0.013389903150791901
2025-03-28 00:00:00+00:00,0.013061031491707887
2025-03-29 00:00:00+00:00,0.01781978683105271
2025-03-30 00:00:00+00:00,0.018676311662950636
2025-03-31 00:00:00+00:00,0.01742213454218937
2025-04-01 00:00:00+00:00,0.01724467793231751
2025-04-02 00:00:00+00:00,0.01755948967157443
2025-04-03 00:00:00+00:00,0.0203678166037913
2025-04-04 00:00:00+00:00,0.020071602092206733
2025-04-05 00:00:00+00:00,0.020223630486790233
2025-04-06 00:00:00+00:00,0.019994470602649722
2025-04-07 00:00:00+00:00,0.031466859480994376
2025-04-08 00:00:00+00:00,0.031466859480994376
2025-04-09 00:00:00+00:00,0.031159700433884777
2025-04-10 00:00:00+00:00,0.0317879825811201
2025-04-11 00:00:00+00:00,0.03135954334475052
2025-04-12 00:00:00+00:00,0.030805270454756443
2025-04-13 00:00:00+00:00,0.03093674758481432
2025-04-14 00:00:00+00:00,0.030891007390683047
2025-04-15 00:00:00+00:00,0.031059658462855584
2025-04-16 00:00:00+00:00,0.0306088102192055
2025-04-17 00:00:00+00:00,0.02963283393584288
2025-04-18 00:00:00+00:00,0.02963283393584288
2025-04-19 00:00:00+00:00,0.02963283393584288
2025-04-20 00:00:00+00:00,0.029927132240249774
2025-04-21 00:00:00+00:00,0.015222998939470336
2025-04-22 00:00:00+00:00,0.015222998939470336
2025-04-23 00:00:00+00:00,0.013016874732067824
2025-04-24 00:00:00+00:00,0.013016874732067824
2025-04-25 00:00:00+00:00,0.009576286564263936
2025-04-26 00:00:00+00:00,0.009576286564263936
2025-04-27 00:00:00+00:00,0.009576286564263936
2025-04-28 00:00:00+00:00,0.0076741667761635775
2025-04-29 00:00:00+00:00,0.0076741667761635775
2025-04-30 00:00:00+00:00,0.004682647669169991
2025-05-01 00:00:00+00:00,0.005198896479454166
2025-05-02 00:00:00+00:00,0.005198896479454166
2025-05-03 00:00:00+00:00,0.00515459086393895
2025-05-04 00:00:00+00:00,0.005689792432218501
2025-05-05 00:00:00+00:00,0.0075824685482666744
2025-05-06 00:00:00+00:00,0.00753861411578377
2025-05-07 00:00:00+00:00,0.00753861411578377
2025-05-08 00:00:00+00:00,0.007377379165382515
2025-05-09 00:00:00+00:00,0.007377379165382515
2025-05-10 00:00:00+00:00,0.007377379165382515
2025-05-11 00:00:00+00:00,0.007377379165382515
2025-05-12 00:00:00+00:00,0.010801575898501678
2025-05-13 00:00:00+00:00,0.010801575898501678
2025-05-14 00:00:00+00:00,0.010858867550350763
2025-05-15 00:00:00+00:00,0.012211890342168208
2025-05-16 00:00:00+00:00,0.014112424374975159
2025-05-17 00:00:00+00:00,0.01434146683113913
2025-05-18 00:00:00+00:00,0.01473995344568255
2025-05-19 00:00:00+00:00,0.014587141201702486
2025-05-20 00:00:00+00:00,0.014393858568398586
2025-05-21 00:00:00+00:00,0.014393858568398586
2025-05-22 00:00:00+00:00,0.014648403515561282
2025-05-23 00:00:00+00:00,0.014648403515561282
2025-05-24 00:00:00+00:00,0.01919239183406251
2025-05-25 00:00:00+00:00,0.01919239183406251
2025-05-26 00:00:00+00:00,0.01842149934347374
2025-05-27 00:00:00+00:00,0.018307576308889486
2025-05-28 00:00:00+00:00,0.018307576308889486
2025-05-29 00:00:00+00:00,0.01769422568016845
2025-05-30 00:00:00+00:00,0.016669166256315156
2025-05-31 00:00:00+00:00,0.020833309552488303
2025-06-01 00:00:00+00:00,0.020919709693522314
2025-06-02 00:00:00+00:00,0.020919709693522314
2025-06-03 00:00:00+00:00,0.021151425346026778
2025-06-04 00:00:00+00:00,0.02104359248380037
2025-06-05 00:00:00+00:00,0.020848490642488685
2025-06-06 00:00:00+00:00,0.02354519845319655
2025-06-07 00:00:00+00:00,0.020560657229517724
2025-06-08 00:00:00+00:00,0.020560657229517724
2025-06-09 00:00:00+00:00,0.020560657229517724
2025-06-10 00:00:00+00:00,0.020669089940216583
2025-06-11 00:00:00+00:00,0.020669089940216583
2025-06-12 00:00:00+00:00,0.020742612989389928
2025-06-13 00:00:00+00:00,0.02223060105752044
2025-06-14 00:00:00+00:00,0.01848617650543129
2025-06-15 00:00:00+00:00,0.018197344859667768
2025-06-16 00:00:00+00:00,0.018197344859667768
2025-06-17 00:00:00+00:00,0.018197344859667768
2025-06-18 00:00:00+00:00,0.018314270013323038
2025-06-19 00:00:00+00:00,0.018376200715784986
2025-06-20 00:00:00+00:00,0.013826097127286247
2025-06-21 00:00:00+00:00,0.014762387579882312
2025-06-22 00:00:00+00:00,0.016060331122628602
2025-06-23 00:00:00+00:00,0.01548845753629741
2025-06-24 00:00:00+00:00,0.01548845753629741
2025-06-25 00:00:00+00:00,0.01548845753629741
2025-06-26 00:00:00+00:00,0.015465969195846212
2025-06-27 00:00:00+00:00,0.012900783120340847
2025-06-28 00:00:00+00:00,0.013219772286041714
2025-06-29 00:00:00+00:00,0.013545912737732991
2025-06-30 00:00:00+00:00,0.013545912737732991
2025-07-01 00:00:00+00:00,0.013193680124167339
2025-07-02 00:00:00+00:00,0.014276310427037052
2025-07-03 00:00:00+00:00,0.014609204254762491
2025-07-04 00:00:00+00:00,0.014699067352239645
2025-07-05 00:00:00+00:00,0.014619524473906333
2025-07-06 00:00:00+00:00,0.012438494565832155
2025-07-07 00:00:00+00:00,0.012517764433615379
2025-07-08 00:00:00+00:00,0.012340898788959598
2025-07-09 00:00:00+00:00,0.012340898788959598
2025-07-10 00:00:00+00:00,0.01250486084213644
2025-07-11 00:00:00+00:00,0.012406590211136449
2025-07-12 00:00:00+00:00,0.012406590211136449
2025-07-13 00:00:00+00:00,0.012261378767719256
2025-07-14 00:00:00+00:00,0.012261378767719256
2025-07-15 00:00:00+00:00,0.012273423161120536
2025-07-16 00:00:00+00:00,0.008757264218625114
2025-07-17 00:00:00+00:00,0.008757264218625114
2025-07-18 00:00:00+00:00,0.008757264218625114
2025-07-19 00:00:00+00:00,0.0034268595103511116
2025-07-20 00:00:00+00:00,0.0034268595103511116
2025-07-21 00:00:00+00:00,0.0034268595103511116
2025-07-22 00:00:00+00:00,0.0018634566598054907
2025-07-23 00:00:00+00:00,0.0018634566598054907
2025-07-24 00:00:00+00:00,0.017711635289300774
2025-07-25 00:00:00+00:00,0.01774081686773559
2025-07-26 00:00:00+00:00,0.01774081686773559
2025-07-27 00:00:00+00:00,0.01781317856516288
2025-07-28 00:00:00+00:00,0.01781317856516288
2025-07-29 00:00:00+00:00,0.01976503186465507
2025-07-30 00:00:00+00:00,0.019616797974988
2025-07-31 00:00:00+00:00,0.01945020013877934
2025-08-01 00:00:00+00:00,0.01998758904457065
2025-08-02 00:00:00+00:00,0.020423431604871527
2025-08-03 00:00:00+00:00,0.02018892457897527
2025-08-04 00:00:00+00:00,0.02018892457897527
2025-08-05 00:00:00+00:00,0.02018892457897527
2025-08-06 00:00:00+00:00,0.019891830658942577
2025-08-07 00:00:00+00:00,0.014862604822094892
2025-08-08 00:00:00+00:00,0.015311951854201996
2025-08-09 00:00:00+00:00,0.015311951854201996
2025-08-10 00:00:00+00:00,0.015311951854201996
2025-08-11 00:00:00+00:00,0.01522835785675605
2025-08-12 00:00:00+00:00,0.013912221417121265
2025-08-13 00:00:00+00:00,0.014271914546938573
2025-08-14 00:00:00+00:00,0.014590982787502019
2025-08-15 00:00:00+00:00,0.01696858664493826
2025-08-16 00:00:00+00:00,0.01577903232931723
2025-08-17 00:00:00+00:00,0.015277598940670064
2025-08-18 00:00:00+00:00,0.015277598940670064
2025-08-19 00:00:00+00:00,0.01644786451961038
2025-08-20 00:00:00+00:00,0.01915529649226738
2025-08-21 00:00:00+00:00,0.01915529649226738
2025-08-22 00:00:00+00:00,0.01925578686973297
2025-08-23 00:00:00+00:00,0.01925578686973297
2025-08-24 00:00:00+00:00,0.01907709052648465
2025-08-25 00:00:00+00:00,0.018743233015207937
2025-08-26 00:00:00+00:00,0.024248384875021504
2025-08-27 00:00:00+00:00,0.024248384875021504
2025-08-28 00:00:00+00:00,0.02401392969785121
2025-08-29 00:00:00+00:00,0.022912627807351954
2025-08-30 00:00:00+00:00,0.02369693027226333
2025-08-31 00:00:00+00:00,0.02369693027226333
2025-09-01 00:00:00+00:00,0.02328007935367177
2025-09-02 00:00:00+00:00,0.022905729231757613
2025-09-03 00:00:00+00:00,0.020947381426462703
2025-09-04 00:00:00+00:00,0.020947381426462703
2025-09-05 00:00:00+00:00,0.020814386482690093
2025-09-06 00:00:00+00:00,0.020814386482690093
2025-09-07 00:00:00+00:00,0.020786297838346197
2025-09-08 00:00:00+00:00,0.02106349577448892
2025-09-09 00:00:00+00:00,0.01177770673807574
2025-09-10 00:00:00+00:00,0.01177770673807574
2025-09-11 00:00:00+00:00,0.011905522560558475
2025-09-12 00:00:00+00:00,0.011905522560558475
2025-09-13 00:00:00+00:00,0.0074420144945687924
2025-09-14 00:00:00+00:00,0.0074420144945687924
2025-09-15 00:00:00+00:00,0.009075029778580023
2025-09-16 00:00:00+00:00,0.009529932411983766
2025-09-17 00:00:00+00:00,0.009529932411983766
2025-09-18 00:00:00+00:00,0.009529932411983766
2025-09-19 00:00:00+00:00,0.007531799735985684
2025-09-20 00:00:00+00:00,0.010469541793949827
2025-09-21 00:00:00+00:00,0.010569483060162454
2025-09-22 00:00:00+00:00,0.010471261544418877
2025-09-23 00:00:00+00:00,0.015600066114202612
2025-09-24 00:00:00+00:00,0.015392882153007121
2025-09-25 00:00:00+00:00,0.015392882153007121
2025-09-26 00:00:00+00:00,0.021394819155624727
2025-09-27 00:00:00+00:00,0.021394819155624727
2025-09-28 00:00:00+00:00,0.021227594921599407
2025-09-29 00:00:00+00:00,0.021399488764288946
2025-09-30 00:00:00+00:00,0.021632202582638118
2025-10-01 00:00:00+00:00,0.02136541971027704
2025-10-02 00:00:00+00:00,0.02136541971027704
2025-10-03 00:00:00+00:00,0.02136541971027704
2025-10-04 00:00:00+00:00,0.020922839538264817
2025-10-05 00:00:00+00:00,0.020881220470836348
2025-10-06 00:00:00+00:00,0.021089732300737792
2025-10-07 00:00:00+00:00,0.018122936129541863
2025-10-08 00:00:00+00:00,0.019887712318761182
2025-10-09 00:00:00+00:00,0.019887712318761182
2025-10-10 00:00:00+00:00,0.01181460764350245
2025-10-11 00:00:00+00:00,0.04694881000656268
2025-10-12 00:00:00+00:00,0.04674414815632355
2025-10-13 00:00:00+00:00,0.04674414815632355
2025-10-14 00:00:00+00:00,0.04674414815632355
2025-10-15 00:00:00+00:00,0.04683900376596971
2025-10-16 00:00:00+00:00,0.04653299825420553
2025-10-17 00:00:00+00:00,0.04604287955447424
2025-10-18 00:00:00+00:00,0.04538470784294713
2025-10-19 00:00:00+00:00,0.046013826778114185
2025-10-20 00:00:00+00:00,0.046013826778114185
2025-10-21 00:00:00+00:00,0.046013826778114185
2025-10-22 00:00:00+00:00,0.04590081631894761
2025-10-23 00:00:00+00:00,0.04532870238104886
2025-10-24 00:00:00+00:00,0.04589389332129462
2025-10-25 00:00:00+00:00,0.015481476320853404
2025-10-26 00:00:00+00:00,0.015901912794333097
2025-10-27 00:00:00+00:00,0.015901912794333097
2025-10-28 00:00:00+00:00,0.015480301000321158
2025-10-29 00:00:00+00:00,0.014712590053268968
2025-10-30 00:00:00+00:00,0.013203635263511525
2025-10-31 00:00:00+00:00,0.015237280802502777
2025-11-01 00:00:00+00:00,0.01485772703288292
2025-11-02 00:00:00+00:00,0.01485772703288292
2025-11-03 00:00:00+00:00,0.01485772703288292
2025-11-04 00:00:00+00:00,0.027344761555144727
2025-11-05 00:00:00+00:00,0.028260219430693418
2025-11-06 00:00:00+00:00,0.028660215208591303
2025-11-07 00:00:00+00:00,0.028488562393136085
2025-11-08 00:00:00+00:00,0.028488562393136085
2025-11-09 00:00:00+00:00,0.02819260288595355
2025-11-10 00:00:00+00:00,0.02819260288595355
2025-11-11 00:00:00+00:00,0.02860463922747894
2025-11-12 00:00:00+00:00,0.030000543650219966
2025-11-13 00:00:00+00:00,0.029743347165500093
2025-11-14 00:00:00+00:00,0.028924361974715943
2025-11-15 00:00:00+00:00,0.028543457509950486
2025-11-16 00:00:00+00:00,0.028543457509950486
