snapped_at,drawdown
2020-09-23 00:00:00+00:00,0.0
2020-09-24 00:00:00+00:00,-0.07439185540924047
2020-09-25 00:00:00+00:00,0.0
2020-09-26 00:00:00+00:00,0.0
2020-09-27 00:00:00+00:00,0.0
2020-09-28 00:00:00+00:00,0.0
2020-09-29 00:00:00+00:00,-0.01777199609251599
2020-09-30 00:00:00+00:00,-0.0048777872692574884
2020-10-01 00:00:00+00:00,-0.005243510885385824
2020-10-02 00:00:00+00:00,-0.023723568919867776
2020-10-03 00:00:00+00:00,-0.05724361485083113
2020-10-04 00:00:00+00:00,-0.05367635438765992
2020-10-05 00:00:00+00:00,-0.03400307243831455
2020-10-06 00:00:00+00:00,-0.029381871516864232
2020-10-07 00:00:00+00:00,-0.08310862816865887
2020-10-08 00:00:00+00:00,-0.07532856830927613
2020-10-09 00:00:00+00:00,-0.04450352405611369
2020-10-10 00:00:00+00:00,-0.00699580360949756
2020-10-11 00:00:00+00:00,-0.009201335303051788
2020-10-12 00:00:00+00:00,0.0
2020-10-13 00:00:00+00:00,0.0
2020-10-14 00:00:00+00:00,-0.013387911086996976
2020-10-15 00:00:00+00:00,-0.02870847714687236
2020-10-16 00:00:00+00:00,-0.03785124368736476
2020-10-17 00:00:00+00:00,-0.0652755903432288
2020-10-18 00:00:00+00:00,-0.055368857156574844
2020-10-19 00:00:00+00:00,-0.04521041385182289
2020-10-20 00:00:00+00:00,-0.052232310704572064
2020-10-21 00:00:00+00:00,-0.08208729323284575
2020-10-22 00:00:00+00:00,-0.03941794370225548
2020-10-23 00:00:00+00:00,-0.004084838391325641
2020-10-24 00:00:00+00:00,-0.008190803675860616
2020-10-25 00:00:00+00:00,-0.001023271350173161
2020-10-26 00:00:00+00:00,-0.015484457689102546
2020-10-27 00:00:00+00:00,-0.019159336049572408
2020-10-28 00:00:00+00:00,-0.006420945451487108
2020-10-29 00:00:00+00:00,-0.04916747021956609
2020-10-30 00:00:00+00:00,-0.07642488142354768
2020-10-31 00:00:00+00:00,-0.08536396488385298
2020-11-01 00:00:00+00:00,-0.07526802481657055
2020-11-02 00:00:00+00:00,-0.06300105262386903
2020-11-03 00:00:00+00:00,-0.09245876786060761
2020-11-04 00:00:00+00:00,-0.10097066978446963
2020-11-05 00:00:00+00:00,-0.09833709849896438
2020-11-06 00:00:00+00:00,-0.056916845106432856
2020-11-07 00:00:00+00:00,0.0
2020-11-08 00:00:00+00:00,-0.039849557996369266
2020-11-09 00:00:00+00:00,-0.009240221133341463
2020-11-10 00:00:00+00:00,-0.026270908837597067
2020-11-11 00:00:00+00:00,-0.0054480212144252475
2020-11-12 00:00:00+00:00,-0.00970049230298061
2020-11-13 00:00:00+00:00,-0.015720603521609207
2020-11-14 00:00:00+00:00,0.0
2020-11-15 00:00:00+00:00,-0.022495537741516764
2020-11-16 00:00:00+00:00,-0.02623524775797544
2020-11-17 00:00:00+00:00,0.0
2020-11-18 00:00:00+00:00,0.0
2020-11-19 00:00:00+00:00,-0.019336862201625858
2020-11-20 00:00:00+00:00,-0.013445092296227227
2020-11-21 00:00:00+00:00,0.0
2020-11-22 00:00:00+00:00,0.0
2020-11-23 00:00:00+00:00,-0.02163075110320325
2020-11-24 00:00:00+00:00,0.0
2020-11-25 00:00:00+00:00,0.0
2020-11-26 00:00:00+00:00,-0.0603841605298361
2020-11-27 00:00:00+00:00,-0.17266072455760903
2020-11-28 00:00:00+00:00,-0.1671539248349199
2020-11-29 00:00:00+00:00,-0.12412411789213554
2020-11-30 00:00:00+00:00,-0.09760025205777681
2020-12-01 00:00:00+00:00,-0.05309719044723278
2020-12-02 00:00:00+00:00,-0.09242217254307784
2020-12-03 00:00:00+00:00,-0.06247767800954037
2020-12-04 00:00:00+00:00,-0.05460370831969162
2020-12-05 00:00:00+00:00,-0.12488434598461322
2020-12-06 00:00:00+00:00,-0.09190407042658415
2020-12-07 00:00:00+00:00,-0.09350421205926379
2020-12-08 00:00:00+00:00,-0.10870626260171468
2020-12-09 00:00:00+00:00,-0.16930706170507573
2020-12-10 00:00:00+00:00,-0.15074693030605693
2020-12-11 00:00:00+00:00,-0.17276373084166827
2020-12-12 00:00:00+00:00,-0.19309237703747967
2020-12-13 00:00:00+00:00,-0.17430133381984678
2020-12-14 00:00:00+00:00,-0.14587693422337933
2020-12-15 00:00:00+00:00,-0.14752862386840265
2020-12-16 00:00:00+00:00,-0.13614695147153844
2020-12-17 00:00:00+00:00,-0.07092786988215635
2020-12-18 00:00:00+00:00,-0.0567652922624168
2020-12-19 00:00:00+00:00,-0.03241466659025355
2020-12-20 00:00:00+00:00,-0.010308385212839442
2020-12-21 00:00:00+00:00,-0.017775024633211234
2020-12-22 00:00:00+00:00,-0.060273210712626986
2020-12-23 00:00:00+00:00,-0.05465260688925059
2020-12-24 00:00:00+00:00,-0.17406236572324968
2020-12-25 00:00:00+00:00,-0.08593897610070467
2020-12-26 00:00:00+00:00,-0.06809225981767626
2020-12-27 00:00:00+00:00,-0.07262520190893065
2020-12-28 00:00:00+00:00,-0.07384358728076265
2020-12-29 00:00:00+00:00,-0.012730642040146536
2020-12-30 00:00:00+00:00,0.0
2020-12-31 00:00:00+00:00,-0.011977364626018271
2021-01-01 00:00:00+00:00,0.0
2021-01-02 00:00:00+00:00,0.0
2021-01-03 00:00:00+00:00,0.0
2021-01-04 00:00:00+00:00,0.0
2021-01-05 00:00:00+00:00,0.0
2021-01-06 00:00:00+00:00,0.0
2021-01-07 00:00:00+00:00,0.0
2021-01-08 00:00:00+00:00,0.0
2021-01-09 00:00:00+00:00,0.0
2021-01-10 00:00:00+00:00,0.0
2021-01-11 00:00:00+00:00,-0.038650652905548526
2021-01-12 00:00:00+00:00,-0.1360121386707113
2021-01-13 00:00:00+00:00,-0.12228520076494447
2021-01-14 00:00:00+00:00,-0.03823385584113859
2021-01-15 00:00:00+00:00,0.0
2021-01-16 00:00:00+00:00,-0.03478668721708337
2021-01-17 00:00:00+00:00,0.0
2021-01-18 00:00:00+00:00,0.0
2021-01-19 00:00:00+00:00,0.0
2021-01-20 00:00:00+00:00,-0.00336997884492398
2021-01-21 00:00:00+00:00,0.0
2021-01-22 00:00:00+00:00,-0.13057026988578674
2021-01-23 00:00:00+00:00,-0.06359191840147628
2021-01-24 00:00:00+00:00,-0.05420984636911418
2021-01-25 00:00:00+00:00,-0.03465119488915181
2021-01-26 00:00:00+00:00,-0.0543851069330596
2021-01-27 00:00:00+00:00,-0.04711888095518398
2021-01-28 00:00:00+00:00,-0.11938388090403232
2021-01-29 00:00:00+00:00,0.0
2021-01-30 00:00:00+00:00,0.0
2021-01-31 00:00:00+00:00,0.0
2021-02-01 00:00:00+00:00,0.0
2021-02-02 00:00:00+00:00,0.0
2021-02-03 00:00:00+00:00,0.0
2021-02-04 00:00:00+00:00,0.0
2021-02-05 00:00:00+00:00,0.0
2021-02-06 00:00:00+00:00,0.0
2021-02-07 00:00:00+00:00,0.0
2021-02-08 00:00:00+00:00,0.0
2021-02-09 00:00:00+00:00,0.0
2021-02-10 00:00:00+00:00,0.0
2021-02-11 00:00:00+00:00,0.0
2021-02-12 00:00:00+00:00,0.0
2021-02-13 00:00:00+00:00,0.0
2021-02-14 00:00:00+00:00,-0.011407119988868761
2021-02-15 00:00:00+00:00,-0.044595172846550846
2021-02-16 00:00:00+00:00,-0.06784872547161945
2021-02-17 00:00:00+00:00,-0.0721787962439338
2021-02-18 00:00:00+00:00,-0.02613032039493551
2021-02-19 00:00:00+00:00,0.0
2021-02-20 00:00:00+00:00,0.0
2021-02-21 00:00:00+00:00,-0.025059627825644873
2021-02-22 00:00:00+00:00,0.0
2021-02-23 00:00:00+00:00,-0.017526699040724018
2021-02-24 00:00:00+00:00,-0.13067286250224142
2021-02-25 00:00:00+00:00,-0.06664119431049498
2021-02-26 00:00:00+00:00,-0.1433640853563293
2021-02-27 00:00:00+00:00,-0.14338770875185652
2021-02-28 00:00:00+00:00,-0.123688268243356
2021-03-01 00:00:00+00:00,-0.16497635296674804
2021-03-02 00:00:00+00:00,-0.08017078574535268
2021-03-03 00:00:00+00:00,-0.10468902109879594
2021-03-04 00:00:00+00:00,-0.08447875784820799
2021-03-05 00:00:00+00:00,-0.11606689073844233
2021-03-06 00:00:00+00:00,-0.13024311805454747
2021-03-07 00:00:00+00:00,-0.11798716266042295
2021-03-08 00:00:00+00:00,-0.08280169099013647
2021-03-09 00:00:00+00:00,-0.06259060126366199
2021-03-10 00:00:00+00:00,0.0
2021-03-11 00:00:00+00:00,-0.03957874778983924
2021-03-12 00:00:00+00:00,-0.02193956028840607
2021-03-13 00:00:00+00:00,-0.05638508067826141
2021-03-14 00:00:00+00:00,0.0
2021-03-15 00:00:00+00:00,-0.038936461099919266
2021-03-16 00:00:00+00:00,-0.07727132578770082
2021-03-17 00:00:00+00:00,-0.03234580917484311
2021-03-18 00:00:00+00:00,-0.0024807157831795313
2021-03-19 00:00:00+00:00,-0.025605335412116098
2021-03-20 00:00:00+00:00,0.0
2021-03-21 00:00:00+00:00,-0.003046013189925162
2021-03-22 00:00:00+00:00,-0.0205171949396899
2021-03-23 00:00:00+00:00,-0.05320580396579717
2021-03-24 00:00:00+00:00,-0.06457987541864893
2021-03-25 00:00:00+00:00,-0.12377053610219824
2021-03-26 00:00:00+00:00,-0.13430886939568268
2021-03-27 00:00:00+00:00,-0.05524022171511928
2021-03-28 00:00:00+00:00,-0.0430429763717867
2021-03-29 00:00:00+00:00,-0.03361270574745349
2021-03-30 00:00:00+00:00,0.0
2021-03-31 00:00:00+00:00,0.0
2021-04-01 00:00:00+00:00,0.0
2021-04-02 00:00:00+00:00,0.0
2021-04-03 00:00:00+00:00,0.0
2021-04-04 00:00:00+00:00,-0.016983421023241938
2021-04-05 00:00:00+00:00,0.0
2021-04-06 00:00:00+00:00,0.0
2021-04-07 00:00:00+00:00,0.0
2021-04-08 00:00:00+00:00,-0.06255317715942194
2021-04-09 00:00:00+00:00,-0.011720193692955402
2021-04-10 00:00:00+00:00,-0.007661392152314996
2021-04-11 00:00:00+00:00,0.0
2021-04-12 00:00:00+00:00,0.0
2021-04-13 00:00:00+00:00,0.0
2021-04-14 00:00:00+00:00,0.0
2021-04-15 00:00:00+00:00,0.0
2021-04-16 00:00:00+00:00,0.0
2021-04-17 00:00:00+00:00,0.0
2021-04-18 00:00:00+00:00,-0.036429440678549224
2021-04-19 00:00:00+00:00,-0.06313655504610316
2021-04-20 00:00:00+00:00,-0.07038991933586561
2021-04-21 00:00:00+00:00,-0.05427481606419025
2021-04-22 00:00:00+00:00,-0.08065960504907971
2021-04-23 00:00:00+00:00,-0.10760119565132625
2021-04-24 00:00:00+00:00,-0.12758336245475813
2021-04-25 00:00:00+00:00,-0.15646204441077619
2021-04-26 00:00:00+00:00,-0.1479768873125694
2021-04-27 00:00:00+00:00,-0.048928783196647306
2021-04-28 00:00:00+00:00,-0.018368195942206855
2021-04-29 00:00:00+00:00,0.0
2021-04-30 00:00:00+00:00,-0.0018246442871203332
2021-05-01 00:00:00+00:00,0.0
2021-05-02 00:00:00+00:00,0.0
2021-05-03 00:00:00+00:00,-0.02304373308514337
2021-05-04 00:00:00+00:00,0.0
2021-05-05 00:00:00+00:00,-0.0418353866466315
2021-05-06 00:00:00+00:00,0.0
2021-05-07 00:00:00+00:00,0.0
2021-05-08 00:00:00+00:00,0.0
2021-05-09 00:00:00+00:00,0.0
2021-05-10 00:00:00+00:00,0.0
2021-05-11 00:00:00+00:00,-0.07248562312825242
2021-05-12 00:00:00+00:00,-0.0207430095796356
2021-05-13 00:00:00+00:00,-0.12736692193197566
2021-05-14 00:00:00+00:00,-0.08135121802754504
2021-05-15 00:00:00+00:00,-0.01829669167473019
2021-05-16 00:00:00+00:00,-0.06108183813367105
2021-05-17 00:00:00+00:00,-0.04673181171619102
2021-05-18 00:00:00+00:00,-0.10472265897032912
2021-05-19 00:00:00+00:00,-0.06332347411870042
2021-05-20 00:00:00+00:00,-0.34601518560194583
2021-05-21 00:00:00+00:00,-0.2622566419630916
2021-05-22 00:00:00+00:00,-0.36337569873179554
2021-05-23 00:00:00+00:00,-0.40902625449209595
2021-05-24 00:00:00+00:00,-0.4858448947664563
2021-05-25 00:00:00+00:00,-0.3699944522235942
2021-05-26 00:00:00+00:00,-0.3783389670963875
2021-05-27 00:00:00+00:00,-0.3214564275011278
2021-05-28 00:00:00+00:00,-0.35397965540278015
2021-05-29 00:00:00+00:00,-0.4163636316596142
2021-05-30 00:00:00+00:00,-0.4483344425180495
2021-05-31 00:00:00+00:00,-0.4235253185006271
2021-06-01 00:00:00+00:00,-0.36142701524257287
2021-06-02 00:00:00+00:00,-0.36251221294380187
2021-06-03 00:00:00+00:00,-0.3199864165761258
2021-06-04 00:00:00+00:00,-0.28760819264460474
2021-06-05 00:00:00+00:00,-0.3378177232340377
2021-06-06 00:00:00+00:00,-0.3554884406672505
2021-06-07 00:00:00+00:00,-0.3422295965089834
2021-06-08 00:00:00+00:00,-0.4011035256327485
2021-06-09 00:00:00+00:00,-0.39653598675397633
2021-06-10 00:00:00+00:00,-0.3651499123786176
2021-06-11 00:00:00+00:00,-0.3916019549687644
2021-06-12 00:00:00+00:00,-0.4203506713654394
2021-06-13 00:00:00+00:00,-0.421352473216111
2021-06-14 00:00:00+00:00,-0.3846076358578059
2021-06-15 00:00:00+00:00,-0.36202294883156744
2021-06-16 00:00:00+00:00,-0.3733275030975455
2021-06-17 00:00:00+00:00,-0.40475228513830364
2021-06-18 00:00:00+00:00,-0.39930562521061225
2021-06-19 00:00:00+00:00,-0.43416535771775155
2021-06-20 00:00:00+00:00,-0.4480470579611019
2021-06-21 00:00:00+00:00,-0.4392093289091166
2021-06-22 00:00:00+00:00,-0.5560018836511528
2021-06-23 00:00:00+00:00,-0.5688355364474089
2021-06-24 00:00:00+00:00,-0.5202250085898651
2021-06-25 00:00:00+00:00,-0.5001574398889701
2021-06-26 00:00:00+00:00,-0.537688205244865
2021-06-27 00:00:00+00:00,-0.5436582198943293
2021-06-28 00:00:00+00:00,-0.5130824432209673
2021-06-29 00:00:00+00:00,-0.5027010302786346
2021-06-30 00:00:00+00:00,-0.48267003763931293
2021-07-01 00:00:00+00:00,-0.4787115101089645
2021-07-02 00:00:00+00:00,-0.5052924618473509
2021-07-03 00:00:00+00:00,-0.5029474030005437
2021-07-04 00:00:00+00:00,-0.4921930034016154
2021-07-05 00:00:00+00:00,-0.47620735419473387
2021-07-06 00:00:00+00:00,-0.4970177617757748
2021-07-07 00:00:00+00:00,-0.4817211857831881
2021-07-08 00:00:00+00:00,-0.4793141817633514
2021-07-09 00:00:00+00:00,-0.511254436922698
2021-07-10 00:00:00+00:00,-0.4990393817791278
2021-07-11 00:00:00+00:00,-0.5095749392185368
2021-07-12 00:00:00+00:00,-0.5041050158668036
2021-07-13 00:00:00+00:00,-0.5159905893488058
2021-07-14 00:00:00+00:00,-0.5335671789846385
2021-07-15 00:00:00+00:00,-0.5300382022440544
2021-07-16 00:00:00+00:00,-0.5505488676448071
2021-07-17 00:00:00+00:00,-0.5681546610507001
2021-07-18 00:00:00+00:00,-0.5639393862789855
2021-07-19 00:00:00+00:00,-0.5604491257304541
2021-07-20 00:00:00+00:00,-0.5861864823207937
2021-07-21 00:00:00+00:00,-0.6029307647175348
2021-07-22 00:00:00+00:00,-0.5626783672128397
2021-07-23 00:00:00+00:00,-0.5524537951405416
2021-07-24 00:00:00+00:00,-0.5432416702767938
2021-07-25 00:00:00+00:00,-0.5349085602564193
2021-07-26 00:00:00+00:00,-0.5298324974482219
2021-07-27 00:00:00+00:00,-0.5233083998211621
2021-07-28 00:00:00+00:00,-0.5125268522654486
2021-07-29 00:00:00+00:00,-0.4989297475669629
2021-07-30 00:00:00+00:00,-0.48475827834407476
2021-07-31 00:00:00+00:00,-0.47206962126241436
2021-08-01 00:00:00+00:00,-0.45393896301262815
2021-08-02 00:00:00+00:00,-0.4633946226742803
2021-08-03 00:00:00+00:00,-0.46326937788594
2021-08-04 00:00:00+00:00,-0.47251432009294114
2021-08-05 00:00:00+00:00,-0.4482280599087164
2021-08-06 00:00:00+00:00,-0.44071626210762493
2021-08-07 00:00:00+00:00,-0.4207056019043246
2021-08-08 00:00:00+00:00,-0.3793293148599899
2021-08-09 00:00:00+00:00,-0.40778462428136836
2021-08-10 00:00:00+00:00,-0.3736904742821244
2021-08-11 00:00:00+00:00,-0.35561611965473766
2021-08-12 00:00:00+00:00,-0.3265134696703876
2021-08-13 00:00:00+00:00,-0.3402866502605586
2021-08-14 00:00:00+00:00,-0.2746016837368132
2021-08-15 00:00:00+00:00,-0.26203701686029546
2021-08-16 00:00:00+00:00,-0.22881828849327626
2021-08-17 00:00:00+00:00,-0.2291150635689483
2021-08-18 00:00:00+00:00,-0.24338940643147972
2021-08-19 00:00:00+00:00,-0.1945690677517401
2021-08-20 00:00:00+00:00,-0.1592406672408039
2021-08-21 00:00:00+00:00,-0.09583574359314811
2021-08-22 00:00:00+00:00,-0.09857867343028419
2021-08-23 00:00:00+00:00,-0.09015349732483639
2021-08-24 00:00:00+00:00,-0.05515614922948755
2021-08-25 00:00:00+00:00,-0.09190274408396538
2021-08-26 00:00:00+00:00,-0.0877000584802722
2021-08-27 00:00:00+00:00,-0.12872521393200487
2021-08-28 00:00:00+00:00,-0.05360439435879514
2021-08-29 00:00:00+00:00,-0.05559890807442277
2021-08-30 00:00:00+00:00,-0.06768621554233474
2021-08-31 00:00:00+00:00,-0.08510647868904705
2021-09-01 00:00:00+00:00,-0.04901415400071483
2021-09-02 00:00:00+00:00,-0.0030881148883895745
2021-09-03 00:00:00+00:00,0.0
2021-09-04 00:00:00+00:00,0.0
2021-09-05 00:00:00+00:00,-0.008262800370742587
2021-09-06 00:00:00+00:00,0.0
2021-09-07 00:00:00+00:00,0.0
2021-09-08 00:00:00+00:00,-0.13865561160443016
2021-09-09 00:00:00+00:00,-0.1384596172480962
2021-09-10 00:00:00+00:00,-0.12156039684617864
2021-09-11 00:00:00+00:00,-0.14119863118298157
2021-09-12 00:00:00+00:00,-0.10084467089868482
2021-09-13 00:00:00+00:00,-0.06951446995559273
2021-09-14 00:00:00+00:00,-0.11115477293872163
2021-09-15 00:00:00+00:00,-0.09902229020884085
2021-09-16 00:00:00+00:00,-0.07030474751772658
2021-09-17 00:00:00+00:00,-0.0702719480642141
2021-09-18 00:00:00+00:00,-0.09332155756825884
2021-09-19 00:00:00+00:00,-0.0705257611983837
2021-09-20 00:00:00+00:00,-0.09645064770595103
2021-09-21 00:00:00+00:00,-0.20648517776294933
2021-09-22 00:00:00+00:00,-0.2514147559704518
2021-09-23 00:00:00+00:00,-0.13857084892196053
2021-09-24 00:00:00+00:00,-0.11685431490885566
2021-09-25 00:00:00+00:00,-0.1727420056382486
2021-09-26 00:00:00+00:00,-0.17868960703006953
2021-09-27 00:00:00+00:00,-0.18814319178251704
2021-09-28 00:00:00+00:00,-0.2087451952116073
2021-09-29 00:00:00+00:00,-0.23898882914569203
2021-09-30 00:00:00+00:00,-0.21059211805756184
2021-10-01 00:00:00+00:00,-0.1782975733266344
2021-10-02 00:00:00+00:00,-0.10551189450515397
2021-10-03 00:00:00+00:00,-0.09416680198294036
2021-10-04 00:00:00+00:00,-0.08686489666975268
2021-10-05 00:00:00+00:00,-0.0940378448261628
2021-10-06 00:00:00+00:00,-0.07226543024586886
2021-10-07 00:00:00+00:00,-0.07356666158982875
2021-10-08 00:00:00+00:00,-0.0710952846177634
2021-10-09 00:00:00+00:00,-0.08051283242011073
2021-10-10 00:00:00+00:00,-0.05452887872057057
2021-10-11 00:00:00+00:00,-0.09559033550022561
2021-10-12 00:00:00+00:00,-0.08857966719738927
2021-10-13 00:00:00+00:00,-0.09086189852510218
2021-10-14 00:00:00+00:00,-0.052817619737707135
2021-10-15 00:00:00+00:00,-0.045882289425167234
2021-10-16 00:00:00+00:00,-0.011218078924762911
2021-10-17 00:00:00+00:00,-0.020816627492115332
2021-10-18 00:00:00+00:00,-0.02820523691703157
2021-10-19 00:00:00+00:00,-0.030237812663270563
2021-10-20 00:00:00+00:00,-0.016909279825361837
2021-10-21 00:00:00+00:00,0.0
2021-10-22 00:00:00+00:00,-0.022993113816639127
2021-10-23 00:00:00+00:00,-0.013155909232055498
2021-10-24 00:00:00+00:00,-0.0008840780057348861
2021-10-25 00:00:00+00:00,-0.0026630573112692785
2021-10-26 00:00:00+00:00,0.0
2021-10-27 00:00:00+00:00,-0.014249546684212976
2021-10-28 00:00:00+00:00,-0.09239678125897162
2021-10-29 00:00:00+00:00,-0.02287026026404326
2021-10-30 00:00:00+00:00,0.0
2021-10-31 00:00:00+00:00,-0.02772656151671493
2021-11-01 00:00:00+00:00,-0.012224349941115303
2021-11-02 00:00:00+00:00,0.0
2021-11-03 00:00:00+00:00,0.0
2021-11-04 00:00:00+00:00,0.0
2021-11-05 00:00:00+00:00,-0.003903295365486802
2021-11-06 00:00:00+00:00,-0.017206784086016946
2021-11-07 00:00:00+00:00,0.0
2021-11-08 00:00:00+00:00,0.0
2021-11-09 00:00:00+00:00,0.0
2021-11-10 00:00:00+00:00,0.0
2021-11-11 00:00:00+00:00,-0.04550692856227064
2021-11-12 00:00:00+00:00,-0.03025675105161303
2021-11-13 00:00:00+00:00,-0.04929032820749494
2021-11-14 00:00:00+00:00,-0.020725904915402174
2021-11-15 00:00:00+00:00,-0.014705760970507374
2021-11-16 00:00:00+00:00,-0.0374880247411683
2021-11-17 00:00:00+00:00,-0.09908883723017665
2021-11-18 00:00:00+00:00,-0.0889988903724794
2021-11-19 00:00:00+00:00,-0.16174213942015997
2021-11-20 00:00:00+00:00,-0.09954303939375533
2021-11-21 00:00:00+00:00,-0.07025319725495414
2021-11-22 00:00:00+00:00,-0.07599631669353057
2021-11-23 00:00:00+00:00,-0.11588230411763305
2021-11-24 00:00:00+00:00,-0.09768388778077325
2021-11-25 00:00:00+00:00,-0.13104307638959084
2021-11-26 00:00:00+00:00,-0.1031117951284551
2021-11-27 00:00:00+00:00,-0.1921484379672176
2021-11-28 00:00:00+00:00,-0.18156882054596535
2021-11-29 00:00:00+00:00,-0.15867377667413174
2021-11-30 00:00:00+00:00,-0.1328504787989598
2021-12-01 00:00:00+00:00,-0.1266005923168441
2021-12-02 00:00:00+00:00,-0.12525753509282742
2021-12-03 00:00:00+00:00,-0.13143706969801938
2021-12-04 00:00:00+00:00,-0.17866068166034563
2021-12-05 00:00:00+00:00,-0.25523892366472845
2021-12-06 00:00:00+00:00,-0.2763398574189351
2021-12-07 00:00:00+00:00,-0.2526842945949355
2021-12-08 00:00:00+00:00,-0.25567732658889697
2021-12-09 00:00:00+00:00,-0.24103366738960905
2021-12-10 00:00:00+00:00,-0.28481714169746575
2021-12-11 00:00:00+00:00,-0.3163144645334068
2021-12-12 00:00:00+00:00,-0.28544714884860983
2021-12-13 00:00:00+00:00,-0.27428974022408353
2021-12-14 00:00:00+00:00,-0.3390700610084057
2021-12-15 00:00:00+00:00,-0.3030542807329757
2021-12-16 00:00:00+00:00,-0.2749927346175206
2021-12-17 00:00:00+00:00,-0.2949809836619268
2021-12-18 00:00:00+00:00,-0.2993355610371266
2021-12-19 00:00:00+00:00,-0.28071948598495755
2021-12-20 00:00:00+00:00,-0.28860434455355854
2021-12-21 00:00:00+00:00,-0.2844435218417948
2021-12-22 00:00:00+00:00,-0.25840832125440294
2021-12-23 00:00:00+00:00,-0.25365724284685043
2021-12-24 00:00:00+00:00,-0.21289541262059805
2021-12-25 00:00:00+00:00,-0.23254360073384403
2021-12-26 00:00:00+00:00,-0.2225589456831533
2021-12-27 00:00:00+00:00,-0.2168109484254183
2021-12-28 00:00:00+00:00,-0.21501241257862197
2021-12-29 00:00:00+00:00,-0.26947305839973906
2021-12-30 00:00:00+00:00,-0.2967215680259947
2021-12-31 00:00:00+00:00,-0.2870898737845533
2022-01-01 00:00:00+00:00,-0.29158795939217597
2022-01-02 00:00:00+00:00,-0.26485424140114927
2022-01-03 00:00:00+00:00,-0.2613028045343639
2022-01-04 00:00:00+00:00,-0.27942546722867756
2022-01-05 00:00:00+00:00,-0.29070245164808434
2022-01-06 00:00:00+00:00,-0.3340439365651372
2022-01-07 00:00:00+00:00,-0.33852748819692413
2022-01-08 00:00:00+00:00,-0.37527383620902044
2022-01-09 00:00:00+00:00,-0.385974924027049
2022-01-10 00:00:00+00:00,-0.3787499263331292
2022-01-11 00:00:00+00:00,-0.39830907175217106
2022-01-12 00:00:00+00:00,-0.3662746775160062
2022-01-13 00:00:00+00:00,-0.3274878652138128
2022-01-14 00:00:00+00:00,-0.34770887940716255
2022-01-15 00:00:00+00:00,-0.3278710253505594
2022-01-16 00:00:00+00:00,-0.32060502216855974
2022-01-17 00:00:00+00:00,-0.3183013783262174
2022-01-18 00:00:00+00:00,-0.33052676514908474
2022-01-19 00:00:00+00:00,-0.3465227218816907
2022-01-20 00:00:00+00:00,-0.36767515858943844
2022-01-21 00:00:00+00:00,-0.39434121635277525
2022-01-22 00:00:00+00:00,-0.47142976777740286
2022-01-23 00:00:00+00:00,-0.507658546719777
2022-01-24 00:00:00+00:00,-0.4825906760320295
2022-01-25 00:00:00+00:00,-0.4983043861678859
2022-01-26 00:00:00+00:00,-0.4883787047010497
2022-01-27 00:00:00+00:00,-0.49249658485566644
2022-01-28 00:00:00+00:00,-0.49646365470026727
2022-01-29 00:00:00+00:00,-0.48835683671568897
2022-01-30 00:00:00+00:00,-0.4766316520577938
2022-01-31 00:00:00+00:00,-0.489200237060439
2022-02-01 00:00:00+00:00,-0.47523521326517065
2022-02-02 00:00:00+00:00,-0.4572767481089924
2022-02-03 00:00:00+00:00,-0.48548054087960973
2022-02-04 00:00:00+00:00,-0.48326075501680626
2022-02-05 00:00:00+00:00,-0.43172938727533544
2022-02-06 00:00:00+00:00,-0.42504135470174426
2022-02-07 00:00:00+00:00,-0.4119719390059849
2022-02-08 00:00:00+00:00,-0.37612242305051047
2022-02-09 00:00:00+00:00,-0.38274043451593087
2022-02-10 00:00:00+00:00,-0.3706686247817733
2022-02-11 00:00:00+00:00,-0.39389466781841564
2022-02-12 00:00:00+00:00,-0.4336270242063236
2022-02-13 00:00:00+00:00,-0.4316500025310374
2022-02-14 00:00:00+00:00,-0.4359711580469898
2022-02-15 00:00:00+00:00,-0.4317919851503999
2022-02-16 00:00:00+00:00,-0.39162415978799725
2022-02-17 00:00:00+00:00,-0.39968042631395084
2022-02-18 00:00:00+00:00,-0.4459978502980607
2022-02-19 00:00:00+00:00,-0.45448057692644556
2022-02-20 00:00:00+00:00,-0.44888388855854494
2022-02-21 00:00:00+00:00,-0.47581258745944044
2022-02-22 00:00:00+00:00,-0.509833258574479
2022-02-23 00:00:00+00:00,-0.49182676246359974
2022-02-24 00:00:00+00:00,-0.5028623584977484
2022-02-25 00:00:00+00:00,-0.5017294272623364
2022-02-26 00:00:00+00:00,-0.47477048366904656
2022-02-27 00:00:00+00:00,-0.4765996359773013
2022-02-28 00:00:00+00:00,-0.49915760102508067
2022-03-01 00:00:00+00:00,-0.4441002186963246
2022-03-02 00:00:00+00:00,-0.43797133015696116
2022-03-03 00:00:00+00:00,-0.4454599369337352
2022-03-04 00:00:00+00:00,-0.4618816478990489
2022-03-05 00:00:00+00:00,-0.49823832610235147
2022-03-06 00:00:00+00:00,-0.48484332143088893
2022-03-07 00:00:00+00:00,-0.5046125749286448
2022-03-08 00:00:00+00:00,-0.5137235769465707
2022-03-09 00:00:00+00:00,-0.5082198285882271
2022-03-10 00:00:00+00:00,-0.47904882082293676
2022-03-11 00:00:00+00:00,-0.5039487080658852
2022-03-12 00:00:00+00:00,-0.502984040603469
2022-03-13 00:00:00+00:00,-0.501627305733333
2022-03-14 00:00:00+00:00,-0.516393462791944
2022-03-15 00:00:00+00:00,-0.5040115629807753
2022-03-16 00:00:00+00:00,-0.5023720352737462
2022-03-17 00:00:00+00:00,-0.47785736938993295
2022-03-18 00:00:00+00:00,-0.4738739229555343
2022-03-19 00:00:00+00:00,-0.46012667813310976
2022-03-20 00:00:00+00:00,-0.44656740041389087
2022-03-21 00:00:00+00:00,-0.4627007957841702
2022-03-22 00:00:00+00:00,-0.45481411096091173
2022-03-23 00:00:00+00:00,-0.43840362050265846
2022-03-24 00:00:00+00:00,-0.42004010355331617
2022-03-25 00:00:00+00:00,-0.4034013926981802
2022-03-26 00:00:00+00:00,-0.4163207018359544
2022-03-27 00:00:00+00:00,-0.40456550224647264
2022-03-28 00:00:00+00:00,-0.3781315498808318
2022-03-29 00:00:00+00:00,-0.37986004740942325
2022-03-30 00:00:00+00:00,-0.3679005878099962
2022-03-31 00:00:00+00:00,-0.3596095385850927
2022-04-01 00:00:00+00:00,-0.3801422609595261
2022-04-02 00:00:00+00:00,-0.3606961275861385
2022-04-03 00:00:00+00:00,-0.36373471621053693
2022-04-04 00:00:00+00:00,-0.3470028761950333
2022-04-05 00:00:00+00:00,-0.3528624026069149
2022-04-06 00:00:00+00:00,-0.357451639444321
2022-04-07 00:00:00+00:00,-0.4152664558205613
2022-04-08 00:00:00+00:00,-0.3967782016702483
2022-04-09 00:00:00+00:00,-0.4214683097868664
2022-04-10 00:00:00+00:00,-0.4115354551460087
2022-04-11 00:00:00+00:00,-0.4175252036533974
2022-04-12 00:00:00+00:00,-0.46915396351186184
2022-04-13 00:00:00+00:00,-0.45240354193667426
2022-04-14 00:00:00+00:00,-0.43855742860416924
2022-04-15 00:00:00+00:00,-0.4506605574292719
2022-04-16 00:00:00+00:00,-0.4385013275353661
2022-04-17 00:00:00+00:00,-0.4360833952162931
2022-04-18 00:00:00+00:00,-0.45400967679091
2022-04-19 00:00:00+00:00,-0.44244838783998436
2022-04-20 00:00:00+00:00,-0.42900889678432813
2022-04-21 00:00:00+00:00,-0.4368290563271611
2022-04-22 00:00:00+00:00,-0.455783485028092
2022-04-23 00:00:00+00:00,-0.4595793846583933
2022-04-24 00:00:00+00:00,-0.4636909914002535
2022-04-25 00:00:00+00:00,-0.47016789778344
2022-04-26 00:00:00+00:00,-0.453749237041498
2022-04-27 00:00:00+00:00,-0.4924588298196852
2022-04-28 00:00:00+00:00,-0.4818564729085594
2022-04-29 00:00:00+00:00,-0.48075279958128025
2022-04-30 00:00:00+00:00,-0.500338643859432
2022-05-01 00:00:00+00:00,-0.5291117148484605
2022-05-02 00:00:00+00:00,-0.5110665464406396
2022-05-03 00:00:00+00:00,-0.5120663741475452
2022-05-04 00:00:00+00:00,-0.5200387208568312
2022-05-05 00:00:00+00:00,-0.48096628222036264
2022-05-06 00:00:00+00:00,-0.5245657431686025
2022-05-07 00:00:00+00:00,-0.5306273502050842
2022-05-08 00:00:00+00:00,-0.5428870083323625
2022-05-09 00:00:00+00:00,-0.5600666721147974
2022-05-10 00:00:00+00:00,-0.6263178151839074
2022-05-11 00:00:00+00:00,-0.6113692554628507
2022-05-12 00:00:00+00:00,-0.6838688111999051
2022-05-13 00:00:00+00:00,-0.6959638652916188
2022-05-14 00:00:00+00:00,-0.6725859234575573
2022-05-15 00:00:00+00:00,-0.6599794539763978
2022-05-16 00:00:00+00:00,-0.6406823940876044
2022-05-17 00:00:00+00:00,-0.6648632274563444
2022-05-18 00:00:00+00:00,-0.6502337722855572
2022-05-19 00:00:00+00:00,-0.6846022539089032
2022-05-20 00:00:00+00:00,-0.6674811872448201
2022-05-21 00:00:00+00:00,-0.6792618262413319
2022-05-22 00:00:00+00:00,-0.6736449576578589
2022-05-23 00:00:00+00:00,-0.6635152968972182
2022-05-24 00:00:00+00:00,-0.6777872639694744
2022-05-25 00:00:00+00:00,-0.673674202380151
2022-05-26 00:00:00+00:00,-0.6803264125585651
2022-05-27 00:00:00+00:00,-0.7008267343526332
2022-05-28 00:00:00+00:00,-0.7096831855470161
2022-05-29 00:00:00+00:00,-0.6977486250203875
2022-05-30 00:00:00+00:00,-0.6926599501408653
2022-05-31 00:00:00+00:00,-0.668661770371701
2022-06-01 00:00:00+00:00,-0.6686644724131329
2022-06-02 00:00:00+00:00,-0.6959026841710482
2022-06-03 00:00:00+00:00,-0.6881387854300217
2022-06-04 00:00:00+00:00,-0.7009038656631457
2022-06-05 00:00:00+00:00,-0.6955729688363956
2022-06-06 00:00:00+00:00,-0.6969585676572879
2022-06-07 00:00:00+00:00,-0.6854461062403886
2022-06-08 00:00:00+00:00,-0.6912303209932441
2022-06-09 00:00:00+00:00,-0.695242762528576
2022-06-10 00:00:00+00:00,-0.6951053732253939
2022-06-11 00:00:00+00:00,-0.7132170782728594
2022-06-12 00:00:00+00:00,-0.7327954444875057
2022-06-13 00:00:00+00:00,-0.7519704083107162
2022-06-14 00:00:00+00:00,-0.7800173082408941
2022-06-15 00:00:00+00:00,-0.7729155501593307
2022-06-16 00:00:00+00:00,-0.7529596986397088
2022-06-17 00:00:00+00:00,-0.7825324193504647
2022-06-18 00:00:00+00:00,-0.7762298891201531
2022-06-19 00:00:00+00:00,-0.787356321615824
2022-06-20 00:00:00+00:00,-0.7678495863270127
2022-06-21 00:00:00+00:00,-0.7642841463752458
2022-06-22 00:00:00+00:00,-0.7624498463779215
2022-06-23 00:00:00+00:00,-0.7721427413859733
2022-06-24 00:00:00+00:00,-0.7559797777916444
2022-06-25 00:00:00+00:00,-0.7406846656579125
2022-06-26 00:00:00+00:00,-0.7381382218168971
2022-06-27 00:00:00+00:00,-0.7444725046163971
2022-06-28 00:00:00+00:00,-0.7483811141354095
2022-06-29 00:00:00+00:00,-0.7615144351682754
2022-06-30 00:00:00+00:00,-0.765255914503425
2022-07-01 00:00:00+00:00,-0.7705781610936739
2022-07-02 00:00:00+00:00,-0.7736884230063471
2022-07-03 00:00:00+00:00,-0.773088171752869
2022-07-04 00:00:00+00:00,-0.7714788443574327
2022-07-05 00:00:00+00:00,-0.7598413808268544
2022-07-06 00:00:00+00:00,-0.765221483998001
2022-07-07 00:00:00+00:00,-0.7583107085326908
2022-07-08 00:00:00+00:00,-0.7488237074295147
2022-07-09 00:00:00+00:00,-0.7504900879343175
2022-07-10 00:00:00+00:00,-0.7494531902177215
2022-07-11 00:00:00+00:00,-0.7593013926370732
2022-07-12 00:00:00+00:00,-0.7738811302258233
2022-07-13 00:00:00+00:00,-0.7802507249660157
2022-07-14 00:00:00+00:00,-0.7690273699808595
2022-07-15 00:00:00+00:00,-0.7608770451935232
2022-07-16 00:00:00+00:00,-0.7592701492217788
2022-07-17 00:00:00+00:00,-0.7462149256065445
2022-07-18 00:00:00+00:00,-0.7501017586417179
2022-07-19 00:00:00+00:00,-0.7258459013074423
2022-07-20 00:00:00+00:00,-0.7203425802422024
2022-07-21 00:00:00+00:00,-0.7274185044048264
2022-07-22 00:00:00+00:00,-0.7227495601906853
2022-07-23 00:00:00+00:00,-0.731608076366258
2022-07-24 00:00:00+00:00,-0.7295294544892608
2022-07-25 00:00:00+00:00,-0.7265964877878687
2022-07-26 00:00:00+00:00,-0.7485780291616367
2022-07-27 00:00:00+00:00,-0.7503669412853583
2022-07-28 00:00:00+00:00,-0.7256688034266753
2022-07-29 00:00:00+00:00,-0.7145127567097896
2022-07-30 00:00:00+00:00,-0.7114211735080123
2022-07-31 00:00:00+00:00,-0.7113219042210266
2022-08-01 00:00:00+00:00,-0.7137980963584047
2022-08-02 00:00:00+00:00,-0.7174026669840796
2022-08-03 00:00:00+00:00,-0.7224764942941042
2022-08-04 00:00:00+00:00,-0.7231100893590324
2022-08-05 00:00:00+00:00,-0.7196521497326506
2022-08-06 00:00:00+00:00,-0.7083656571669115
2022-08-07 00:00:00+00:00,-0.7096385638123172
2022-08-08 00:00:00+00:00,-0.7055075803888796
2022-08-09 00:00:00+00:00,-0.697548565037034
2022-08-10 00:00:00+00:00,-0.7065414982519858
2022-08-11 00:00:00+00:00,-0.6936145251255882
2022-08-12 00:00:00+00:00,-0.6951525112254162
2022-08-13 00:00:00+00:00,-0.6875264543690861
2022-08-14 00:00:00+00:00,-0.6857580965439946
2022-08-15 00:00:00+00:00,-0.6864869868531189
2022-08-16 00:00:00+00:00,-0.6927974673990691
2022-08-17 00:00:00+00:00,-0.6899873267884932
2022-08-18 00:00:00+00:00,-0.7017333693781879
2022-08-19 00:00:00+00:00,-0.709802419111311
2022-08-20 00:00:00+00:00,-0.7374993387794526
2022-08-21 00:00:00+00:00,-0.7379853987431508
2022-08-22 00:00:00+00:00,-0.730079036286626
2022-08-23 00:00:00+00:00,-0.7321481752933208
2022-08-24 00:00:00+00:00,-0.7284889264314814
2022-08-25 00:00:00+00:00,-0.7317267390564902
2022-08-26 00:00:00+00:00,-0.728600334587235
2022-08-27 00:00:00+00:00,-0.7502849030442329
2022-08-28 00:00:00+00:00,-0.7498779847244017
2022-08-29 00:00:00+00:00,-0.7571443718840771
2022-08-30 00:00:00+00:00,-0.7460872937803212
2022-08-31 00:00:00+00:00,-0.7522153951102453
2022-09-01 00:00:00+00:00,-0.7520843717784793
2022-09-02 00:00:00+00:00,-0.746911710887357
2022-09-03 00:00:00+00:00,-0.7474502427356523
2022-09-04 00:00:00+00:00,-0.7466160643470554
2022-09-05 00:00:00+00:00,-0.742586424362132
2022-09-06 00:00:00+00:00,-0.7423062944422466
2022-09-07 00:00:00+00:00,-0.7565437016191875
2022-09-08 00:00:00+00:00,-0.7458048475337552
2022-09-09 00:00:00+00:00,-0.7436348244365558
2022-09-10 00:00:00+00:00,-0.7297407963314523
2022-09-11 00:00:00+00:00,-0.7252408995698697
2022-09-12 00:00:00+00:00,-0.7277231964278876
2022-09-13 00:00:00+00:00,-0.7256123762160424
2022-09-14 00:00:00+00:00,-0.7468259513687296
2022-09-15 00:00:00+00:00,-0.7411865570029499
2022-09-16 00:00:00+00:00,-0.7531749517584961
2022-09-17 00:00:00+00:00,-0.7512701012217875
2022-09-18 00:00:00+00:00,-0.7435545669402588
2022-09-19 00:00:00+00:00,-0.7617886286575604
2022-09-20 00:00:00+00:00,-0.7558329945318838
2022-09-21 00:00:00+00:00,-0.7600160537651924
2022-09-22 00:00:00+00:00,-0.7646685873592625
2022-09-23 00:00:00+00:00,-0.7488348877300692
2022-09-24 00:00:00+00:00,-0.7445230346252545
2022-09-25 00:00:00+00:00,-0.7486571623966318
2022-09-26 00:00:00+00:00,-0.7523273430738813
2022-09-27 00:00:00+00:00,-0.7491563791694764
2022-09-28 00:00:00+00:00,-0.7530055922485115
2022-09-29 00:00:00+00:00,-0.7509090682938878
2022-09-30 00:00:00+00:00,-0.7479489897517735
2022-10-01 00:00:00+00:00,-0.749621469278267
2022-10-02 00:00:00+00:00,-0.7525287142119388
2022-10-03 00:00:00+00:00,-0.7574750947749147
2022-10-04 00:00:00+00:00,-0.7507030662847037
2022-10-05 00:00:00+00:00,-0.7421987618293981
2022-10-06 00:00:00+00:00,-0.7439543651534481
2022-10-07 00:00:00+00:00,-0.7473754175964904
2022-10-08 00:00:00+00:00,-0.749654657385595
2022-10-09 00:00:00+00:00,-0.7508313574292982
2022-10-10 00:00:00+00:00,-0.7478296518355129
2022-10-11 00:00:00+00:00,-0.7564966039193072
2022-10-12 00:00:00+00:00,-0.7598134153748946
2022-10-13 00:00:00+00:00,-0.7597203690128511
2022-10-14 00:00:00+00:00,-0.7616113281617174
2022-10-15 00:00:00+00:00,-0.7632256064891598
2022-10-16 00:00:00+00:00,-0.765497529464983
2022-10-17 00:00:00+00:00,-0.7621546850595816
2022-10-18 00:00:00+00:00,-0.7581292727311388
2022-10-19 00:00:00+00:00,-0.7621315675361514
2022-10-20 00:00:00+00:00,-0.768032493363559
2022-10-21 00:00:00+00:00,-0.7702654682426369
2022-10-22 00:00:00+00:00,-0.7675701173952711
2022-10-23 00:00:00+00:00,-0.7664932074246872
2022-10-24 00:00:00+00:00,-0.7604013364455459
2022-10-25 00:00:00+00:00,-0.7652541549667929
2022-10-26 00:00:00+00:00,-0.7491432556593898
2022-10-27 00:00:00+00:00,-0.7405521231353533
2022-10-28 00:00:00+00:00,-0.7439500119713487
2022-10-29 00:00:00+00:00,-0.7339050146540008
2022-10-30 00:00:00+00:00,-0.7182747264967944
2022-10-31 00:00:00+00:00,-0.7206659110310804
2022-11-01 00:00:00+00:00,-0.7161993538176019
2022-11-02 00:00:00+00:00,-0.7149874885144796
2022-11-03 00:00:00+00:00,-0.7223666099818413
2022-11-04 00:00:00+00:00,-0.7203102721992869
2022-11-05 00:00:00+00:00,-0.6988412151689533
2022-11-06 00:00:00+00:00,-0.6962140371663535
2022-11-07 00:00:00+00:00,-0.710686486467415
2022-11-08 00:00:00+00:00,-0.7147450421122361
2022-11-09 00:00:00+00:00,-0.7498896858582416
2022-11-10 00:00:00+00:00,-0.7978917569638274
2022-11-11 00:00:00+00:00,-0.7609482391074941
2022-11-12 00:00:00+00:00,-0.7693795465598048
2022-11-13 00:00:00+00:00,-0.7779736652426694
2022-11-14 00:00:00+00:00,-0.785596069862494
2022-11-15 00:00:00+00:00,-0.7805213888342442
2022-11-16 00:00:00+00:00,-0.7769778433615573
2022-11-17 00:00:00+00:00,-0.781189954835967
2022-11-18 00:00:00+00:00,-0.7819411101285209
2022-11-19 00:00:00+00:00,-0.7816112953778938
2022-11-20 00:00:00+00:00,-0.7819827554270576
2022-11-21 00:00:00+00:00,-0.7924928926581501
2022-11-22 00:00:00+00:00,-0.797499019506267
2022-11-23 00:00:00+00:00,-0.7888692441567186
2022-11-24 00:00:00+00:00,-0.7751234228848064
2022-11-25 00:00:00+00:00,-0.7737989044088059
2022-11-26 00:00:00+00:00,-0.7743159622199725
2022-11-27 00:00:00+00:00,-0.773550094388979
2022-11-28 00:00:00+00:00,-0.7717755612719887
2022-11-29 00:00:00+00:00,-0.7784134955311243
2022-11-30 00:00:00+00:00,-0.773296440936798
2022-12-01 00:00:00+00:00,-0.76349425386322
2022-12-02 00:00:00+00:00,-0.7697677143821079
2022-12-03 00:00:00+00:00,-0.7657679165201411
2022-12-04 00:00:00+00:00,-0.7701251704527408
2022-12-05 00:00:00+00:00,-0.7653776400160945
2022-12-06 00:00:00+00:00,-0.7673201848674872
2022-12-07 00:00:00+00:00,-0.7663355446569582
2022-12-08 00:00:00+00:00,-0.7735529068790334
2022-12-09 00:00:00+00:00,-0.768690374062395
2022-12-10 00:00:00+00:00,-0.7714815953676227
2022-12-11 00:00:00+00:00,-0.771769701825514
2022-12-12 00:00:00+00:00,-0.7750074993512855
2022-12-13 00:00:00+00:00,-0.7760184870535973
2022-12-14 00:00:00+00:00,-0.7709720141909272
2022-12-15 00:00:00+00:00,-0.7731154964368864
2022-12-16 00:00:00+00:00,-0.779865039529838
2022-12-17 00:00:00+00:00,-0.8003584399926411
2022-12-18 00:00:00+00:00,-0.7965368442659237
2022-12-19 00:00:00+00:00,-0.7970932219700968
2022-12-20 00:00:00+00:00,-0.8051771074930776
2022-12-21 00:00:00+00:00,-0.797884769813128
2022-12-22 00:00:00+00:00,-0.8010148150728947
2022-12-23 00:00:00+00:00,-0.7993342305032156
2022-12-24 00:00:00+00:00,-0.7991377944972915
2022-12-25 00:00:00+00:00,-0.8000400126765271
2022-12-26 00:00:00+00:00,-0.7998684248080908
2022-12-27 00:00:00+00:00,-0.797633298507461
2022-12-28 00:00:00+00:00,-0.8001177214949808
2022-12-29 00:00:00+00:00,-0.8080643298924178
2022-12-30 00:00:00+00:00,-0.8088149216359065
2022-12-31 00:00:00+00:00,-0.8086510622844947
2023-01-01 00:00:00+00:00,-0.8077099316824027
2023-01-02 00:00:00+00:00,-0.8071062127053301
2023-01-03 00:00:00+00:00,-0.8009004833698644
2023-01-04 00:00:00+00:00,-0.7969091018991146
2023-01-05 00:00:00+00:00,-0.7908731517784604
2023-01-06 00:00:00+00:00,-0.7932212250282007
2023-01-07 00:00:00+00:00,-0.7900107426552762
2023-01-08 00:00:00+00:00,-0.7909211938621868
2023-01-09 00:00:00+00:00,-0.7845608782738587
2023-01-10 00:00:00+00:00,-0.7761799265450172
2023-01-11 00:00:00+00:00,-0.7735762965556306
2023-01-12 00:00:00+00:00,-0.7614440049188793
2023-01-13 00:00:00+00:00,-0.7581918264853762
2023-01-14 00:00:00+00:00,-0.7483682105680648
2023-01-15 00:00:00+00:00,-0.7291298033993829
2023-01-16 00:00:00+00:00,-0.7335086943372165
2023-01-17 00:00:00+00:00,-0.7336754778003671
2023-01-18 00:00:00+00:00,-0.7331111298526568
2023-01-19 00:00:00+00:00,-0.7457043622494042
2023-01-20 00:00:00+00:00,-0.7394232074965257
2023-01-21 00:00:00+00:00,-0.7188058128335544
2023-01-22 00:00:00+00:00,-0.7235005010962082
2023-01-23 00:00:00+00:00,-0.7212318868476163
2023-01-24 00:00:00+00:00,-0.7151381765874654
2023-01-25 00:00:00+00:00,-0.7277707967777138
2023-01-26 00:00:00+00:00,-0.7173261577546752
2023-01-27 00:00:00+00:00,-0.7184393338066132
2023-01-28 00:00:00+00:00,-0.7109218448163579
2023-01-29 00:00:00+00:00,-0.7145350570622203
2023-01-30 00:00:00+00:00,-0.7028561601483839
2023-01-31 00:00:00+00:00,-0.7176930870199006
2023-02-01 00:00:00+00:00,-0.7102396790612772
2023-02-02 00:00:00+00:00,-0.7020162185466126
2023-02-03 00:00:00+00:00,-0.702961539458002
2023-02-04 00:00:00+00:00,-0.6980924916392572
2023-02-05 00:00:00+00:00,-0.6997067581841673
2023-02-06 00:00:00+00:00,-0.7077613583458943
2023-02-07 00:00:00+00:00,-0.7128947808336498
2023-02-08 00:00:00+00:00,-0.7006753654294139
2023-02-09 00:00:00+00:00,-0.7068986642028652
2023-02-10 00:00:00+00:00,-0.7297434971661286
2023-02-11 00:00:00+00:00,-0.7311215475826071
2023-02-12 00:00:00+00:00,-0.7265036383385926
2023-02-13 00:00:00+00:00,-0.7289437973152646
2023-02-14 00:00:00+00:00,-0.7328068951874782
2023-02-15 00:00:00+00:00,-0.7239147830226901
2023-02-16 00:00:00+00:00,-0.7034157581141935
2023-02-17 00:00:00+00:00,-0.7152810997078694
2023-02-18 00:00:00+00:00,-0.7034736911978218
2023-02-19 00:00:00+00:00,-0.7028214282720054
2023-02-20 00:00:00+00:00,-0.7036427525891873
2023-02-21 00:00:00+00:00,-0.6979073034053596
2023-02-22 00:00:00+00:00,-0.7046487605248883
2023-02-23 00:00:00+00:00,-0.7067229872802959
2023-02-24 00:00:00+00:00,-0.7098867467974095
2023-02-25 00:00:00+00:00,-0.721468626927407
2023-02-26 00:00:00+00:00,-0.7232621168954223
2023-02-27 00:00:00+00:00,-0.7175011556397535
2023-02-28 00:00:00+00:00,-0.7206910418090605
2023-03-01 00:00:00+00:00,-0.7264444388257103
2023-03-02 00:00:00+00:00,-0.719511722365902
2023-03-03 00:00:00+00:00,-0.724883226381241
2023-03-04 00:00:00+00:00,-0.7344713724385499
2023-03-05 00:00:00+00:00,-0.7385296211078036
2023-03-06 00:00:00+00:00,-0.738282425491854
2023-03-07 00:00:00+00:00,-0.739516676154353
2023-03-08 00:00:00+00:00,-0.7408748246248147
2023-03-09 00:00:00+00:00,-0.7498038611518342
2023-03-10 00:00:00+00:00,-0.7627018261323093
2023-03-11 00:00:00+00:00,-0.7616770251145744
2023-03-12 00:00:00+00:00,-0.7635146199337214
2023-03-13 00:00:00+00:00,-0.7446543409257959
2023-03-14 00:00:00+00:00,-0.7342189828868179
2023-03-15 00:00:00+00:00,-0.7288416495290116
2023-03-16 00:00:00+00:00,-0.7428895484935378
2023-03-17 00:00:00+00:00,-0.7349649844228995
2023-03-18 00:00:00+00:00,-0.7164356735374883
2023-03-19 00:00:00+00:00,-0.7236995686422032
2023-03-20 00:00:00+00:00,-0.7160883455006135
2023-03-21 00:00:00+00:00,-0.7255308727956419
2023-03-22 00:00:00+00:00,-0.7075085850982745
2023-03-23 00:00:00+00:00,-0.7175498689465084
2023-03-24 00:00:00+00:00,-0.7054691124107954
2023-03-25 00:00:00+00:00,-0.716148761666295
2023-03-26 00:00:00+00:00,-0.7166197499279143
2023-03-27 00:00:00+00:00,-0.7133660032549098
2023-03-28 00:00:00+00:00,-0.7206429608207616
2023-03-29 00:00:00+00:00,-0.7132354051142015
2023-03-30 00:00:00+00:00,-0.7053198998077217
2023-03-31 00:00:00+00:00,-0.7088034659160244
2023-04-01 00:00:00+00:00,-0.7019456009581091
2023-04-02 00:00:00+00:00,-0.7014060589032863
2023-04-03 00:00:00+00:00,-0.7051974524284319
2023-04-04 00:00:00+00:00,-0.7003738811710184
2023-04-05 00:00:00+00:00,-0.6969423061205963
2023-04-06 00:00:00+00:00,-0.6957046406715189
2023-04-07 00:00:00+00:00,-0.7017344589906844
2023-04-08 00:00:00+00:00,-0.7037833143235186
2023-04-09 00:00:00+00:00,-0.7060242387151336
2023-04-10 00:00:00+00:00,-0.703200721389526
2023-04-11 00:00:00+00:00,-0.6958906392068941
2023-04-12 00:00:00+00:00,-0.6907179260897148
2023-04-13 00:00:00+00:00,-0.6910764631950053
2023-04-14 00:00:00+00:00,-0.68138898801872
2023-04-15 00:00:00+00:00,-0.6752629882600686
2023-04-16 00:00:00+00:00,-0.6747740814522036
2023-04-17 00:00:00+00:00,-0.6678383885990979
2023-04-18 00:00:00+00:00,-0.6731292976746707
2023-04-19 00:00:00+00:00,-0.6651132863403806
2023-04-20 00:00:00+00:00,-0.6916952763924183
2023-04-21 00:00:00+00:00,-0.6986856136825162
2023-04-22 00:00:00+00:00,-0.712023608693187
2023-04-23 00:00:00+00:00,-0.7042497020700594
2023-04-24 00:00:00+00:00,-0.7079995108508279
2023-04-25 00:00:00+00:00,-0.7087740985338201
2023-04-26 00:00:00+00:00,-0.7014180303526356
2023-04-27 00:00:00+00:00,-0.7063889158554743
2023-04-28 00:00:00+00:00,-0.6992007940803605
2023-04-29 00:00:00+00:00,-0.6987288427551986
2023-04-30 00:00:00+00:00,-0.6984643321658192
2023-05-01 00:00:00+00:00,-0.7003465740020133
2023-05-02 00:00:00+00:00,-0.7090191319626693
2023-05-03 00:00:00+00:00,-0.7067785501049317
2023-05-04 00:00:00+00:00,-0.7041769931591542
2023-05-05 00:00:00+00:00,-0.707695285672023
2023-05-06 00:00:00+00:00,-0.700110008526717
2023-05-07 00:00:00+00:00,-0.7105789156717449
2023-05-08 00:00:00+00:00,-0.7116190383899998
2023-05-09 00:00:00+00:00,-0.7251640436678822
2023-05-10 00:00:00+00:00,-0.7251292857617417
2023-05-11 00:00:00+00:00,-0.7221110425038202
2023-05-12 00:00:00+00:00,-0.7287566020673356
2023-05-13 00:00:00+00:00,-0.7258159105131038
2023-05-14 00:00:00+00:00,-0.7274916854120855
2023-05-15 00:00:00+00:00,-0.7254668696866927
2023-05-16 00:00:00+00:00,-0.7232368066900422
2023-05-17 00:00:00+00:00,-0.7226803621664901
2023-05-18 00:00:00+00:00,-0.7175282085104102
2023-05-19 00:00:00+00:00,-0.7218763245095896
2023-05-20 00:00:00+00:00,-0.7210435019219068
2023-05-21 00:00:00+00:00,-0.720531715618068
2023-05-22 00:00:00+00:00,-0.7251804457112886
2023-05-23 00:00:00+00:00,-0.7231875688801369
2023-05-24 00:00:00+00:00,-0.7200966635368441
2023-05-25 00:00:00+00:00,-0.7291428811183973
2023-05-26 00:00:00+00:00,-0.7294724499982962
2023-05-27 00:00:00+00:00,-0.726352091010577
2023-05-28 00:00:00+00:00,-0.7224392681940165
2023-05-29 00:00:00+00:00,-0.7138112128540759
2023-05-30 00:00:00+00:00,-0.7162740914849665
2023-05-31 00:00:00+00:00,-0.7137836727099777
2023-06-01 00:00:00+00:00,-0.71808174089315
2023-06-02 00:00:00+00:00,-0.7203078572633523
2023-06-03 00:00:00+00:00,-0.7140348169559931
2023-06-04 00:00:00+00:00,-0.7146089846084959
2023-06-05 00:00:00+00:00,-0.7122704014013588
2023-06-06 00:00:00+00:00,-0.7308593573350598
2023-06-07 00:00:00+00:00,-0.721865935869826
2023-06-08 00:00:00+00:00,-0.7350809074492899
2023-06-09 00:00:00+00:00,-0.7338023635378433
2023-06-10 00:00:00+00:00,-0.7377597507454494
2023-06-11 00:00:00+00:00,-0.7598028358991857
2023-06-12 00:00:00+00:00,-0.7604830215326587
2023-06-13 00:00:00+00:00,-0.7611817792421203
2023-06-14 00:00:00+00:00,-0.7597456879019894
2023-06-15 00:00:00+00:00,-0.7687253586169003
2023-06-16 00:00:00+00:00,-0.7681296011190056
2023-06-17 00:00:00+00:00,-0.7643750532857123
2023-06-18 00:00:00+00:00,-0.7615933115698811
2023-06-19 00:00:00+00:00,-0.7627061558161209
2023-06-20 00:00:00+00:00,-0.7605901941846914
2023-06-21 00:00:00+00:00,-0.7532705777760976
2023-06-22 00:00:00+00:00,-0.7419374226575849
2023-06-23 00:00:00+00:00,-0.7444586410057702
2023-06-24 00:00:00+00:00,-0.7369212050369454
2023-06-25 00:00:00+00:00,-0.7418865243103547
2023-06-26 00:00:00+00:00,-0.7391182234105215
2023-06-27 00:00:00+00:00,-0.745127180900186
2023-06-28 00:00:00+00:00,-0.7419390922546094
2023-06-29 00:00:00+00:00,-0.7531827128054706
2023-06-30 00:00:00+00:00,-0.745652550188539
2023-07-01 00:00:00+00:00,-0.7317816676394864
2023-07-02 00:00:00+00:00,-0.729574074619903
2023-07-03 00:00:00+00:00,-0.7256127204814647
2023-07-04 00:00:00+00:00,-0.7259406817401524
2023-07-05 00:00:00+00:00,-0.7281337225526153
2023-07-06 00:00:00+00:00,-0.7337430508351981
2023-07-07 00:00:00+00:00,-0.7394108362353765
2023-07-08 00:00:00+00:00,-0.734161174337964
2023-07-09 00:00:00+00:00,-0.7308420616210223
2023-07-10 00:00:00+00:00,-0.7337539147332997
2023-07-11 00:00:00+00:00,-0.7311744976884017
2023-07-12 00:00:00+00:00,-0.7290441050740198
2023-07-13 00:00:00+00:00,-0.7314055793106851
2023-07-14 00:00:00+00:00,-0.6887901934255153
2023-07-15 00:00:00+00:00,-0.6994152433037877
2023-07-16 00:00:00+00:00,-0.697042032229412
2023-07-17 00:00:00+00:00,-0.7011849582352423
2023-07-18 00:00:00+00:00,-0.7021326789658816
2023-07-19 00:00:00+00:00,-0.7063567339362798
2023-07-20 00:00:00+00:00,-0.700692946648574
2023-07-21 00:00:00+00:00,-0.7028349279580144
2023-07-22 00:00:00+00:00,-0.7004943800593582
2023-07-23 00:00:00+00:00,-0.7090878613833913
2023-07-24 00:00:00+00:00,-0.7048138632355013
2023-07-25 00:00:00+00:00,-0.7128937063674422
2023-07-26 00:00:00+00:00,-0.709779451609469
2023-07-27 00:00:00+00:00,-0.707190061229147
2023-07-28 00:00:00+00:00,-0.708024277406507
2023-07-29 00:00:00+00:00,-0.7072182968328433
2023-07-30 00:00:00+00:00,-0.704027696472942
2023-07-31 00:00:00+00:00,-0.7070607892166515
2023-08-01 00:00:00+00:00,-0.7106844914541834
2023-08-02 00:00:00+00:00,-0.7078192355473383
2023-08-03 00:00:00+00:00,-0.7172411222862873
2023-08-04 00:00:00+00:00,-0.721506409088555
2023-08-05 00:00:00+00:00,-0.7228793859557601
2023-08-06 00:00:00+00:00,-0.7221122147629705
2023-08-07 00:00:00+00:00,-0.7224117894154859
2023-08-08 00:00:00+00:00,-0.7234833948975012
2023-08-09 00:00:00+00:00,-0.7166883992427417
2023-08-10 00:00:00+00:00,-0.7164157264354977
2023-08-11 00:00:00+00:00,-0.7185454869511868
2023-08-12 00:00:00+00:00,-0.7190947145154537
2023-08-13 00:00:00+00:00,-0.7186419632812823
2023-08-14 00:00:00+00:00,-0.721693326649654
2023-08-15 00:00:00+00:00,-0.719670671090223
2023-08-16 00:00:00+00:00,-0.7286248253985528
2023-08-17 00:00:00+00:00,-0.7373252041355114
2023-08-18 00:00:00+00:00,-0.7592265744502149
2023-08-19 00:00:00+00:00,-0.7577920582127564
2023-08-20 00:00:00+00:00,-0.7555108328812369
2023-08-21 00:00:00+00:00,-0.753871741176102
2023-08-22 00:00:00+00:00,-0.758152337516792
2023-08-23 00:00:00+00:00,-0.7612776684185243
2023-08-24 00:00:00+00:00,-0.7553646846105184
2023-08-25 00:00:00+00:00,-0.7587972618526201
2023-08-26 00:00:00+00:00,-0.7593714131862451
2023-08-27 00:00:00+00:00,-0.760023065811116
2023-08-28 00:00:00+00:00,-0.758287480047463
2023-08-29 00:00:00+00:00,-0.7569152159805953
2023-08-30 00:00:00+00:00,-0.7470443495580965
2023-08-31 00:00:00+00:00,-0.7527219942868284
2023-09-01 00:00:00+00:00,-0.7633522736038917
2023-09-02 00:00:00+00:00,-0.7657188921140483
2023-09-03 00:00:00+00:00,-0.764682980069986
2023-09-04 00:00:00+00:00,-0.7645740097878658
2023-09-05 00:00:00+00:00,-0.7648158127207246
2023-09-06 00:00:00+00:00,-0.7636883242726077
2023-09-07 00:00:00+00:00,-0.7645570135860795
2023-09-08 00:00:00+00:00,-0.7627746671677463
2023-09-09 00:00:00+00:00,-0.7648926708612305
2023-09-10 00:00:00+00:00,-0.7655242367522052
2023-09-11 00:00:00+00:00,-0.7709799707096042
2023-09-12 00:00:00+00:00,-0.7784506100397616
2023-09-13 00:00:00+00:00,-0.7748175167860366
2023-09-14 00:00:00+00:00,-0.772138645989795
2023-09-15 00:00:00+00:00,-0.7695533612184708
2023-09-16 00:00:00+00:00,-0.7661909974734753
2023-09-17 00:00:00+00:00,-0.7666779705709565
2023-09-18 00:00:00+00:00,-0.769850506218361
2023-09-19 00:00:00+00:00,-0.7664331065361047
2023-09-20 00:00:00+00:00,-0.7630631685924967
2023-09-21 00:00:00+00:00,-0.7650960949612717
2023-09-22 00:00:00+00:00,-0.7704408214157518
2023-09-23 00:00:00+00:00,-0.7699185602112917
2023-09-24 00:00:00+00:00,-0.7696538856842248
2023-09-25 00:00:00+00:00,-0.7724929935679572
2023-09-26 00:00:00+00:00,-0.7703808322526564
2023-09-27 00:00:00+00:00,-0.7712096567730465
2023-09-28 00:00:00+00:00,-0.7716154388086887
2023-09-29 00:00:00+00:00,-0.7658056120335042
2023-09-30 00:00:00+00:00,-0.76441028139877
2023-10-01 00:00:00+00:00,-0.7625063070825558
2023-10-02 00:00:00+00:00,-0.752611881304691
2023-10-03 00:00:00+00:00,-0.7588796351615773
2023-10-04 00:00:00+00:00,-0.7585391117172687
2023-10-05 00:00:00+00:00,-0.7578460021920854
2023-10-06 00:00:00+00:00,-0.7598778009891802
2023-10-07 00:00:00+00:00,-0.7553479235568502
2023-10-08 00:00:00+00:00,-0.7573117601770997
2023-10-09 00:00:00+00:00,-0.7589710801300248
2023-10-10 00:00:00+00:00,-0.7669979043926696
2023-10-11 00:00:00+00:00,-0.7675850494727661
2023-10-12 00:00:00+00:00,-0.7710795162662504
2023-10-13 00:00:00+00:00,-0.7741944506988514
2023-10-14 00:00:00+00:00,-0.7723114541485416
2023-10-15 00:00:00+00:00,-0.7710846447725775
2023-10-16 00:00:00+00:00,-0.7705430731358951
2023-10-17 00:00:00+00:00,-0.7633423513585368
2023-10-18 00:00:00+00:00,-0.7673907874956925
2023-10-19 00:00:00+00:00,-0.7701810029824246
2023-10-20 00:00:00+00:00,-0.7652585476546011
2023-10-21 00:00:00+00:00,-0.7597543156967034
2023-10-22 00:00:00+00:00,-0.7527675095699172
2023-10-23 00:00:00+00:00,-0.7494228130569065
2023-10-24 00:00:00+00:00,-0.7323560297405942
2023-10-25 00:00:00+00:00,-0.734067198509275
2023-10-26 00:00:00+00:00,-0.7303261041745001
2023-10-27 00:00:00+00:00,-0.7265552230902584
2023-10-28 00:00:00+00:00,-0.732065296655308
2023-10-29 00:00:00+00:00,-0.7298828960017609
2023-10-30 00:00:00+00:00,-0.7246170497125817
2023-10-31 00:00:00+00:00,-0.7189423882463997
2023-11-01 00:00:00+00:00,-0.7172599163014516
2023-11-02 00:00:00+00:00,-0.7075224851936619
2023-11-03 00:00:00+00:00,-0.7096218006022911
2023-11-04 00:00:00+00:00,-0.7084069366351182
2023-11-05 00:00:00+00:00,-0.7034668363497408
2023-11-06 00:00:00+00:00,-0.6967927449974977
2023-11-07 00:00:00+00:00,-0.6843894062785814
2023-11-08 00:00:00+00:00,-0.689175981558917
2023-11-09 00:00:00+00:00,-0.6856646011458092
2023-11-10 00:00:00+00:00,-0.6795194801210929
2023-11-11 00:00:00+00:00,-0.6641872194374624
2023-11-12 00:00:00+00:00,-0.6565588306669207
2023-11-13 00:00:00+00:00,-0.6529087386443235
2023-11-14 00:00:00+00:00,-0.6676795225261665
2023-11-15 00:00:00+00:00,-0.6697614200382469
2023-11-16 00:00:00+00:00,-0.6441014875903784
2023-11-17 00:00:00+00:00,-0.6559371051797978
2023-11-18 00:00:00+00:00,-0.6535358660485994
2023-11-19 00:00:00+00:00,-0.6540083842325135
2023-11-20 00:00:00+00:00,-0.6461015990150906
2023-11-21 00:00:00+00:00,-0.6548189429094082
2023-11-22 00:00:00+00:00,-0.676587734719013
2023-11-23 00:00:00+00:00,-0.6575944780185643
2023-11-24 00:00:00+00:00,-0.6577059750114223
2023-11-25 00:00:00+00:00,-0.6542358431560832
2023-11-26 00:00:00+00:00,-0.6498501505839361
2023-11-27 00:00:00+00:00,-0.6537235780140086
2023-11-28 00:00:00+00:00,-0.6608257266628478
2023-11-29 00:00:00+00:00,-0.6546437248039881
2023-11-30 00:00:00+00:00,-0.6553562502539674
2023-12-01 00:00:00+00:00,-0.652007207148123
2023-12-02 00:00:00+00:00,-0.6467043628317235
2023-12-03 00:00:00+00:00,-0.6379532474456483
2023-12-04 00:00:00+00:00,-0.6388175048138629
2023-12-05 00:00:00+00:00,-0.6305178748121657
2023-12-06 00:00:00+00:00,-0.6203308549555814
2023-12-07 00:00:00+00:00,-0.615322261571691
2023-12-08 00:00:00+00:00,-0.605878183481394
2023-12-09 00:00:00+00:00,-0.5747578217188767
2023-12-10 00:00:00+00:00,-0.5747780171746852
2023-12-11 00:00:00+00:00,-0.561625812781008
2023-12-12 00:00:00+00:00,-0.5821749669489252
2023-12-13 00:00:00+00:00,-0.5786120580663779
2023-12-14 00:00:00+00:00,-0.5619157960953903
2023-12-15 00:00:00+00:00,-0.5577283038393811
2023-12-16 00:00:00+00:00,-0.5741740337284539
2023-12-17 00:00:00+00:00,-0.5672067630938297
2023-12-18 00:00:00+00:00,-0.5788622361397991
2023-12-19 00:00:00+00:00,-0.573165940523391
2023-12-20 00:00:00+00:00,-0.5793120875956315
2023-12-21 00:00:00+00:00,-0.563169768844451
2023-12-22 00:00:00+00:00,-0.5364398711060842
2023-12-23 00:00:00+00:00,-0.533465858407236
2023-12-24 00:00:00+00:00,-0.5273963742357343
2023-12-25 00:00:00+00:00,-0.530660728813261
2023-12-26 00:00:00+00:00,-0.5146816315476548
2023-12-27 00:00:00+00:00,-0.525712731620974
2023-12-28 00:00:00+00:00,-0.5164024268181421
2023-12-29 00:00:00+00:00,-0.5259627037572214
2023-12-30 00:00:00+00:00,-0.5315627983112085
2023-12-31 00:00:00+00:00,-0.5341837629605655
2024-01-01 00:00:00+00:00,-0.5397597358086922
2024-01-02 00:00:00+00:00,-0.5193835997162319
2024-01-03 00:00:00+00:00,-0.5254642114125989
2024-01-04 00:00:00+00:00,-0.5599259754794768
2024-01-05 00:00:00+00:00,-0.5465752802356312
2024-01-06 00:00:00+00:00,-0.5592671223974202
2024-01-07 00:00:00+00:00,-0.571263740150758
2024-01-08 00:00:00+00:00,-0.5833015213940838
2024-01-09 00:00:00+00:00,-0.5573870829980376
2024-01-10 00:00:00+00:00,-0.5668342590046466
2024-01-11 00:00:00+00:00,-0.537879906744276
2024-01-12 00:00:00+00:00,-0.5330358153491928
2024-01-13 00:00:00+00:00,-0.5579736812392574
2024-01-14 00:00:00+00:00,-0.5532304933030916
2024-01-15 00:00:00+00:00,-0.5638945351991772
2024-01-16 00:00:00+00:00,-0.5573659652777299
2024-01-17 00:00:00+00:00,-0.5539122373556237
2024-01-18 00:00:00+00:00,-0.5570047645152698
2024-01-19 00:00:00+00:00,-0.5724509499662093
2024-01-20 00:00:00+00:00,-0.5725585728308569
2024-01-21 00:00:00+00:00,-0.565732222668576
2024-01-22 00:00:00+00:00,-0.5695167791173883
2024-01-23 00:00:00+00:00,-0.5961799124380938
2024-01-24 00:00:00+00:00,-0.5984003837864321
2024-01-25 00:00:00+00:00,-0.594006427966877
2024-01-26 00:00:00+00:00,-0.598997498145466
2024-01-27 00:00:00+00:00,-0.5836684801004923
2024-01-28 00:00:00+00:00,-0.5800580706542915
2024-01-29 00:00:00+00:00,-0.5773270130977373
2024-01-30 00:00:00+00:00,-0.5632133949724064
2024-01-31 00:00:00+00:00,-0.570479403657466
2024-02-01 00:00:00+00:00,-0.5816861233112064
2024-02-02 00:00:00+00:00,-0.5771091832235427
2024-02-03 00:00:00+00:00,-0.5696992320929838
2024-02-04 00:00:00+00:00,-0.5722311447379826
2024-02-05 00:00:00+00:00,-0.5793985436193593
2024-02-06 00:00:00+00:00,-0.5792328173656592
2024-02-07 00:00:00+00:00,-0.5755952364223339
2024-02-08 00:00:00+00:00,-0.566888587439499
2024-02-09 00:00:00+00:00,-0.5591801787803243
2024-02-10 00:00:00+00:00,-0.5463729657569807
2024-02-11 00:00:00+00:00,-0.5416043040050562
2024-02-12 00:00:00+00:00,-0.5437651158657612
2024-02-13 00:00:00+00:00,-0.5292703980022007
2024-02-14 00:00:00+00:00,-0.5363599228001444
2024-02-15 00:00:00+00:00,-0.5174593859269015
2024-02-16 00:00:00+00:00,-0.5100667771352452
2024-02-17 00:00:00+00:00,-0.5126033557000037
2024-02-18 00:00:00+00:00,-0.5179727604486601
2024-02-19 00:00:00+00:00,-0.5104865261061277
2024-02-20 00:00:00+00:00,-0.5053520885915567
2024-02-21 00:00:00+00:00,-0.5109086698254861
2024-02-22 00:00:00+00:00,-0.5172737209974054
2024-02-23 00:00:00+00:00,-0.5219341757212042
2024-02-24 00:00:00+00:00,-0.5261623209012217
2024-02-25 00:00:00+00:00,-0.5153594090854949
2024-02-26 00:00:00+00:00,-0.5117117225272619
2024-02-27 00:00:00+00:00,-0.49410402690770383
2024-02-28 00:00:00+00:00,-0.4802830184049205
2024-02-29 00:00:00+00:00,-0.45442991777365316
2024-03-01 00:00:00+00:00,-0.44672942837249696
2024-03-02 00:00:00+00:00,-0.4167301198480572
2024-03-03 00:00:00+00:00,-0.3950281005987964
2024-03-04 00:00:00+00:00,-0.3925757997639839
2024-03-05 00:00:00+00:00,-0.3650444299299805
2024-03-06 00:00:00+00:00,-0.4105173350736773
2024-03-07 00:00:00+00:00,-0.38005468163201994
2024-03-08 00:00:00+00:00,-0.35965394102963116
2024-03-09 00:00:00+00:00,-0.3543984221351449
2024-03-10 00:00:00+00:00,-0.34413413527493814
2024-03-11 00:00:00+00:00,-0.35260301768340535
2024-03-12 00:00:00+00:00,-0.2961327072795598
2024-03-13 00:00:00+00:00,-0.302698076364006
2024-03-14 00:00:00+00:00,-0.278729956059904
2024-03-15 00:00:00+00:00,-0.28179575614927427
2024-03-16 00:00:00+00:00,-0.2946353817921913
2024-03-17 00:00:00+00:00,-0.34692851345164616
2024-03-18 00:00:00+00:00,-0.3142553494865011
2024-03-19 00:00:00+00:00,-0.3211240313732214
2024-03-20 00:00:00+00:00,-0.39296299215860764
2024-03-21 00:00:00+00:00,-0.3345578633148914
2024-03-22 00:00:00+00:00,-0.34223933520812666
2024-03-23 00:00:00+00:00,-0.36205432071032845
2024-03-24 00:00:00+00:00,-0.35033645244780554
2024-03-25 00:00:00+00:00,-0.32200552649714087
2024-03-26 00:00:00+00:00,-0.3063510265148873
2024-03-27 00:00:00+00:00,-0.3008245924916105
2024-03-28 00:00:00+00:00,-0.31246962347348145
2024-03-29 00:00:00+00:00,-0.2940917349087059
2024-03-30 00:00:00+00:00,-0.2803619016808286
2024-03-31 00:00:00+00:00,-0.2952400859350958
2024-04-01 00:00:00+00:00,-0.2741576047875183
2024-04-02 00:00:00+00:00,-0.3060383129577281
2024-04-03 00:00:00+00:00,-0.34338770488026393
2024-04-04 00:00:00+00:00,-0.3508598482218349
2024-04-05 00:00:00+00:00,-0.34084342936879936
2024-04-06 00:00:00+00:00,-0.3493730186464091
2024-04-07 00:00:00+00:00,-0.3345888228692028
2024-04-08 00:00:00+00:00,-0.32378239054731506
2024-04-09 00:00:00+00:00,-0.3046289405178724
2024-04-10 00:00:00+00:00,-0.3333379696638566
2024-04-11 00:00:00+00:00,-0.3258991726489112
2024-04-12 00:00:00+00:00,-0.3308199814914518
2024-04-13 00:00:00+00:00,-0.39655629665829306
2024-04-14 00:00:00+00:00,-0.4546307966468946
2024-04-15 00:00:00+00:00,-0.4268413100713458
2024-04-16 00:00:00+00:00,-0.4447490528971882
2024-04-17 00:00:00+00:00,-0.4490847413013761
2024-04-18 00:00:00+00:00,-0.46193756398904645
2024-04-19 00:00:00+00:00,-0.44513883712059704
2024-04-20 00:00:00+00:00,-0.4410571953931794
2024-04-21 00:00:00+00:00,-0.41275183244826086
2024-04-22 00:00:00+00:00,-0.4184268259674
2024-04-23 00:00:00+00:00,-0.3962058441952771
2024-04-24 00:00:00+00:00,-0.40398195209002796
2024-04-25 00:00:00+00:00,-0.4251762367913222
2024-04-26 00:00:00+00:00,-0.4270467704691473
2024-04-27 00:00:00+00:00,-0.4341667607166877
2024-04-28 00:00:00+00:00,-0.4333824416282101
2024-04-29 00:00:00+00:00,-0.43922563598718045
2024-04-30 00:00:00+00:00,-0.4397991950069213
2024-05-01 00:00:00+00:00,-0.4674681053061549
2024-05-02 00:00:00+00:00,-0.46249611808547236
2024-05-03 00:00:00+00:00,-0.4540875398084185
2024-05-04 00:00:00+00:00,-0.43166387891858693
2024-05-05 00:00:00+00:00,-0.4231180158603955
2024-05-06 00:00:00+00:00,-0.4211611827197485
2024-05-07 00:00:00+00:00,-0.424010100276474
2024-05-08 00:00:00+00:00,-0.4375873984397476
2024-05-09 00:00:00+00:00,-0.44375353499466924
2024-05-10 00:00:00+00:00,-0.4282008990006961
2024-05-11 00:00:00+00:00,-0.44957297359705184
2024-05-12 00:00:00+00:00,-0.45135929223816884
2024-05-13 00:00:00+00:00,-0.4527430783003696
2024-05-14 00:00:00+00:00,-0.44834274587590683
2024-05-15 00:00:00+00:00,-0.46189674287436994
2024-05-16 00:00:00+00:00,-0.42659030388420666
2024-05-17 00:00:00+00:00,-0.4314994862058271
2024-05-18 00:00:00+00:00,-0.41034833445220464
2024-05-19 00:00:00+00:00,-0.40996463970823394
2024-05-20 00:00:00+00:00,-0.42288978126502846
2024-05-21 00:00:00+00:00,-0.36842361425121606
2024-05-22 00:00:00+00:00,-0.3651189308680745
2024-05-23 00:00:00+00:00,-0.37717499986217606
2024-05-24 00:00:00+00:00,-0.38877554777327494
2024-05-25 00:00:00+00:00,-0.39107956651952097
2024-05-26 00:00:00+00:00,-0.3830044560340312
2024-05-27 00:00:00+00:00,-0.39105309351228185
2024-05-28 00:00:00+00:00,-0.3794392302222681
2024-05-29 00:00:00+00:00,-0.39098824632953777
2024-05-30 00:00:00+00:00,-0.398511425536571
2024-05-31 00:00:00+00:00,-0.4021518426570752
2024-06-01 00:00:00+00:00,-0.4040781163036227
2024-06-02 00:00:00+00:00,-0.4014006900570638
2024-06-03 00:00:00+00:00,-0.40728047104649806
2024-06-04 00:00:00+00:00,-0.4006816692008844
2024-06-05 00:00:00+00:00,-0.3836369034832149
2024-06-06 00:00:00+00:00,-0.37679523821778715
2024-06-07 00:00:00+00:00,-0.38365367082841295
2024-06-08 00:00:00+00:00,-0.4119752823601732
2024-06-09 00:00:00+00:00,-0.42132463806614695
2024-06-10 00:00:00+00:00,-0.41539257156671394
2024-06-11 00:00:00+00:00,-0.42492079592438564
2024-06-12 00:00:00+00:00,-0.4462218811468998
2024-06-13 00:00:00+00:00,-0.42728238365704624
2024-06-14 00:00:00+00:00,-0.44734179820543757
2024-06-15 00:00:00+00:00,-0.4567728311886571
2024-06-16 00:00:00+00:00,-0.45009059979587185
2024-06-17 00:00:00+00:00,-0.4452902403260946
2024-06-18 00:00:00+00:00,-0.46079310913137184
2024-06-19 00:00:00+00:00,-0.4816573715003446
2024-06-20 00:00:00+00:00,-0.4789170074276986
2024-06-21 00:00:00+00:00,-0.4801247236406845
2024-06-22 00:00:00+00:00,-0.48243033905874483
2024-06-23 00:00:00+00:00,-0.48364865866759404
2024-06-24 00:00:00+00:00,-0.49369890554298435
2024-06-25 00:00:00+00:00,-0.5002633079488815
2024-06-26 00:00:00+00:00,-0.4878849336741294
2024-06-27 00:00:00+00:00,-0.49274895532837115
2024-06-28 00:00:00+00:00,-0.47241086871050053
2024-06-29 00:00:00+00:00,-0.48307306622341245
2024-06-30 00:00:00+00:00,-0.48267780628645585
2024-07-01 00:00:00+00:00,-0.4693155605358996
2024-07-02 00:00:00+00:00,-0.46910389047335016
2024-07-03 00:00:00+00:00,-0.4614762047195201
2024-07-04 00:00:00+00:00,-0.48817409399065115
2024-07-05 00:00:00+00:00,-0.5307234612923032
2024-07-06 00:00:00+00:00,-0.533843364973967
2024-07-07 00:00:00+00:00,-0.5053868202412704
2024-07-08 00:00:00+00:00,-0.5362693119605614
2024-07-09 00:00:00+00:00,-0.5219208567825894
2024-07-10 00:00:00+00:00,-0.5134083463663291
2024-07-11 00:00:00+00:00,-0.5099902480415254
2024-07-12 00:00:00+00:00,-0.5128040450087717
2024-07-13 00:00:00+00:00,-0.5000240555697868
2024-07-14 00:00:00+00:00,-0.4857375879587369
2024-07-15 00:00:00+00:00,-0.4769199144825708
2024-07-16 00:00:00+00:00,-0.44821958757914654
2024-07-17 00:00:00+00:00,-0.4463535607816915
2024-07-18 00:00:00+00:00,-0.45143666872929966
2024-07-19 00:00:00+00:00,-0.4587067420512248
2024-07-20 00:00:00+00:00,-0.4388750847080414
2024-07-21 00:00:00+00:00,-0.42891830391917424
2024-07-22 00:00:00+00:00,-0.4117775121499992
2024-07-23 00:00:00+00:00,-0.4254891410459408
2024-07-24 00:00:00+00:00,-0.43906571567312286
2024-07-25 00:00:00+00:00,-0.44651655443322485
2024-07-26 00:00:00+00:00,-0.4598128484694854
2024-07-27 00:00:00+00:00,-0.43834526886871034
2024-07-28 00:00:00+00:00,-0.4407023225750856
2024-07-29 00:00:00+00:00,-0.44472868257575204
2024-07-30 00:00:00+00:00,-0.44731671162969
2024-07-31 00:00:00+00:00,-0.452038772096675
2024-08-01 00:00:00+00:00,-0.46429525364848045
2024-08-02 00:00:00+00:00,-0.4696654654060304
2024-08-03 00:00:00+00:00,-0.5051734127552172
2024-08-04 00:00:00+00:00,-0.5157244347734301
2024-08-05 00:00:00+00:00,-0.542762054524893
2024-08-06 00:00:00+00:00,-0.5794554109392666
2024-08-07 00:00:00+00:00,-0.5594694424242241
2024-08-08 00:00:00+00:00,-0.5580665803353428
2024-08-09 00:00:00+00:00,-0.5129256733429882
2024-08-10 00:00:00+00:00,-0.526363646109024
2024-08-11 00:00:00+00:00,-0.5254511178352607
2024-08-12 00:00:00+00:00,-0.547016876545037
2024-08-13 00:00:00+00:00,-0.5305897071654936
2024-08-14 00:00:00+00:00,-0.5277208389668472
2024-08-15 00:00:00+00:00,-0.5362199151408541
2024-08-16 00:00:00+00:00,-0.5443494277931765
2024-08-17 00:00:00+00:00,-0.5417967905986961
2024-08-18 00:00:00+00:00,-0.5337997361935168
2024-08-19 00:00:00+00:00,-0.5373286470159075
2024-08-20 00:00:00+00:00,-0.5265032170021556
2024-08-21 00:00:00+00:00,-0.5255133715318687
2024-08-22 00:00:00+00:00,-0.5134014532510076
2024-08-23 00:00:00+00:00,-0.5087650658287044
2024-08-24 00:00:00+00:00,-0.486299755724566
2024-08-25 00:00:00+00:00,-0.48132705059743397
2024-08-26 00:00:00+00:00,-0.4903775363039783
2024-08-27 00:00:00+00:00,-0.5066751158896854
2024-08-28 00:00:00+00:00,-0.532557231063026
2024-08-29 00:00:00+00:00,-0.5333032770856615
2024-08-30 00:00:00+00:00,-0.5345943979752549
2024-08-31 00:00:00+00:00,-0.5321060451830176
2024-09-01 00:00:00+00:00,-0.5358237123162746
2024-09-02 00:00:00+00:00,-0.5542330818713648
2024-09-03 00:00:00+00:00,-0.5394541231792465
2024-09-04 00:00:00+00:00,-0.5539751199092798
2024-09-05 00:00:00+00:00,-0.548760892218216
2024-09-06 00:00:00+00:00,-0.555891287524553
2024-09-07 00:00:00+00:00,-0.572410657702353
2024-09-08 00:00:00+00:00,-0.5648614002807022
2024-09-09 00:00:00+00:00,-0.557025341304726
2024-09-10 00:00:00+00:00,-0.5424914332704797
2024-09-11 00:00:00+00:00,-0.5411031969525412
2024-09-12 00:00:00+00:00,-0.5440372842441565
2024-09-13 00:00:00+00:00,-0.5344450328717044
2024-09-14 00:00:00+00:00,-0.5203553170043022
2024-09-15 00:00:00+00:00,-0.5203310153635601
2024-09-16 00:00:00+00:00,-0.535126149707825
2024-09-17 00:00:00+00:00,-0.5430881064379391
2024-09-18 00:00:00+00:00,-0.537473064516501
2024-09-19 00:00:00+00:00,-0.5297370934619654
2024-09-20 00:00:00+00:00,-0.5151513029327958
2024-09-21 00:00:00+00:00,-0.5092329930253522
2024-09-22 00:00:00+00:00,-0.49737267142296665
2024-09-23 00:00:00+00:00,-0.5046938416389318
2024-09-24 00:00:00+00:00,-0.49923902872568626
2024-09-25 00:00:00+00:00,-0.4870447775671732
2024-09-26 00:00:00+00:00,-0.49701579816324915
2024-09-27 00:00:00+00:00,-0.4767074986519446
2024-09-28 00:00:00+00:00,-0.4651535097048376
2024-09-29 00:00:00+00:00,-0.4655802565202335
2024-09-30 00:00:00+00:00,-0.4674187982067899
2024-10-01 00:00:00+00:00,-0.4940781565789125
2024-10-02 00:00:00+00:00,-0.5188917220488793
2024-10-03 00:00:00+00:00,-0.5317869871278847
2024-10-04 00:00:00+00:00,-0.5352021550217722
2024-10-05 00:00:00+00:00,-0.5205207985610146
2024-10-06 00:00:00+00:00,-0.521293250505757
2024-10-07 00:00:00+00:00,-0.5130253099114073
2024-10-08 00:00:00+00:00,-0.5199408798494893
2024-10-09 00:00:00+00:00,-0.5204409321792932
2024-10-10 00:00:00+00:00,-0.5289416098026282
2024-10-11 00:00:00+00:00,-0.5300196313438726
2024-10-12 00:00:00+00:00,-0.5144838682065529
2024-10-13 00:00:00+00:00,-0.508446964578084
2024-10-14 00:00:00+00:00,-0.5113255250521735
2024-10-15 00:00:00+00:00,-0.4910767454830198
2024-10-16 00:00:00+00:00,-0.4906122343679304
2024-10-17 00:00:00+00:00,-0.4875080706104807
2024-10-18 00:00:00+00:00,-0.49134048332325025
2024-10-19 00:00:00+00:00,-0.4794416735475586
2024-10-20 00:00:00+00:00,-0.4725289772184683
2024-10-21 00:00:00+00:00,-0.4637400817875676
2024-10-22 00:00:00+00:00,-0.4738459657629159
2024-10-23 00:00:00+00:00,-0.4788655910315807
2024-10-24 00:00:00+00:00,-0.4861095703191492
2024-10-25 00:00:00+00:00,-0.4802349819154258
2024-10-26 00:00:00+00:00,-0.5089741389369228
2024-10-27 00:00:00+00:00,-0.4978514159741493
2024-10-28 00:00:00+00:00,-0.48675045743463274
2024-10-29 00:00:00+00:00,-0.4747729577736739
2024-10-30 00:00:00+00:00,-0.4579764810408659
2024-10-31 00:00:00+00:00,-0.46625548926750077
2024-11-01 00:00:00+00:00,-0.4874104774944718
2024-11-02 00:00:00+00:00,-0.4872060424322762
2024-11-03 00:00:00+00:00,-0.49230728556997816
2024-11-04 00:00:00+00:00,-0.5044135560109387
2024-11-05 00:00:00+00:00,-0.5111911532331199
2024-11-06 00:00:00+00:00,-0.4959462179619539
2024-11-07 00:00:00+00:00,-0.4471099164378326
2024-11-08 00:00:00+00:00,-0.4315792420395957
2024-11-09 00:00:00+00:00,-0.4145879429843351
2024-11-10 00:00:00+00:00,-0.3903330558036011
2024-11-11 00:00:00+00:00,-0.33552263398432924
2024-11-12 00:00:00+00:00,-0.2784421226475246
2024-11-13 00:00:00+00:00,-0.2823633296954346
2024-11-14 00:00:00+00:00,-0.2895051535261497
2024-11-15 00:00:00+00:00,-0.2971695200590888
2024-11-16 00:00:00+00:00,-0.2516127459098318
2024-11-17 00:00:00+00:00,-0.2063371601293708
2024-11-18 00:00:00+00:00,-0.2214020893431934
2024-11-19 00:00:00+00:00,-0.19494413504778405
2024-11-20 00:00:00+00:00,-0.2012722000519501
2024-11-21 00:00:00+00:00,-0.20271358959333044
2024-11-22 00:00:00+00:00,-0.15657153334829035
2024-11-23 00:00:00+00:00,-0.08686467417179378
2024-11-24 00:00:00+00:00,-0.04528549968699877
2024-11-25 00:00:00+00:00,-0.04669357928394743
2024-11-26 00:00:00+00:00,-0.09071828550553442
2024-11-27 00:00:00+00:00,-0.09890954940282214
2024-11-28 00:00:00+00:00,-0.05105855422826732
2024-11-29 00:00:00+00:00,-0.050513012474901815
2024-11-30 00:00:00+00:00,-0.0020422838657629446
2024-12-01 00:00:00+00:00,0.0
2024-12-02 00:00:00+00:00,0.0
2024-12-03 00:00:00+00:00,0.0
2024-12-04 00:00:00+00:00,0.0
2024-12-05 00:00:00+00:00,0.0
2024-12-06 00:00:00+00:00,-0.009788816338305239
2024-12-07 00:00:00+00:00,0.0
2024-12-08 00:00:00+00:00,0.0
2024-12-09 00:00:00+00:00,0.0
2024-12-10 00:00:00+00:00,-0.12333939769308451
2024-12-11 00:00:00+00:00,-0.13092816007814967
2024-12-12 00:00:00+00:00,-0.07966366829928803
2024-12-13 00:00:00+00:00,-0.07074485044357301
2024-12-14 00:00:00+00:00,-0.06115568071904825
2024-12-15 00:00:00+00:00,-0.08746820372863219
2024-12-16 00:00:00+00:00,-0.06102994116281928
2024-12-17 00:00:00+00:00,-0.07338734841203548
2024-12-18 00:00:00+00:00,-0.0776335080197149
2024-12-19 00:00:00+00:00,-0.1531309006508425
2024-12-20 00:00:00+00:00,-0.20727906985173467
2024-12-21 00:00:00+00:00,-0.19326770059315432
2024-12-22 00:00:00+00:00,-0.21711449292098814
2024-12-23 00:00:00+00:00,-0.23225264617726252
2024-12-24 00:00:00+00:00,-0.19528083571760296
2024-12-25 00:00:00+00:00,-0.1701709162027723
2024-12-26 00:00:00+00:00,-0.17474641822422607
2024-12-27 00:00:00+00:00,-0.22111938843255463
2024-12-28 00:00:00+00:00,-0.22641083348746005
2024-12-29 00:00:00+00:00,-0.2052390018201031
2024-12-30 00:00:00+00:00,-0.22838229131422302
2024-12-31 00:00:00+00:00,-0.2309060230379391
2025-01-01 00:00:00+00:00,-0.229258737706808
2025-01-02 00:00:00+00:00,-0.199309980008413
2025-01-03 00:00:00+00:00,-0.1723177325094753
2025-01-04 00:00:00+00:00,-0.12229309367772484
2025-01-05 00:00:00+00:00,-0.11987386453607042
2025-01-06 00:00:00+00:00,-0.12001512058832035
2025-01-07 00:00:00+00:00,-0.10698038014325208
2025-01-08 00:00:00+00:00,-0.1787029054302326
2025-01-09 00:00:00+00:00,-0.19388712781400405
2025-01-10 00:00:00+00:00,-0.22122954734110575
2025-01-11 00:00:00+00:00,-0.20364540363935035
2025-01-12 00:00:00+00:00,-0.18678204960540204
2025-01-13 00:00:00+00:00,-0.19771461309417987
2025-01-14 00:00:00+00:00,-0.2130586333472304
2025-01-15 00:00:00+00:00,-0.18400675711148085
2025-01-16 00:00:00+00:00,-0.10930401489870588
2025-01-17 00:00:00+00:00,-0.10652318790848811
2025-01-18 00:00:00+00:00,-0.061852509305436836
2025-01-19 00:00:00+00:00,-0.07608795285750888
2025-01-20 00:00:00+00:00,-0.14186526250154088
2025-01-21 00:00:00+00:00,-0.1365819674565086
2025-01-22 00:00:00+00:00,-0.11233800822679589
2025-01-23 00:00:00+00:00,-0.12516815838189962
2025-01-24 00:00:00+00:00,-0.12965722386383494
2025-01-25 00:00:00+00:00,-0.1327804897982993
2025-01-26 00:00:00+00:00,-0.12139734770611123
2025-01-27 00:00:00+00:00,-0.15216661875240975
2025-01-28 00:00:00+00:00,-0.16497720365185103
2025-01-29 00:00:00+00:00,-0.19012440011284185
2025-01-30 00:00:00+00:00,-0.1745051297656708
2025-01-31 00:00:00+00:00,-0.1413604374730529
2025-02-01 00:00:00+00:00,-0.14786418779096738
2025-02-02 00:00:00+00:00,-0.19311821307756305
2025-02-03 00:00:00+00:00,-0.2702947941186331
2025-02-04 00:00:00+00:00,-0.25059499505341604
2025-02-05 00:00:00+00:00,-0.2948651666922425
2025-02-06 00:00:00+00:00,-0.3081306846249806
2025-02-07 00:00:00+00:00,-0.32762824027685084
2025-02-08 00:00:00+00:00,-0.3229932443971474
2025-02-09 00:00:00+00:00,-0.3098084664659284
2025-02-10 00:00:00+00:00,-0.3098466217097918
2025-02-11 00:00:00+00:00,-0.2929941654494462
2025-02-12 00:00:00+00:00,-0.2883185143668547
2025-02-13 00:00:00+00:00,-0.26037211153610096
2025-02-14 00:00:00+00:00,-0.26593010492294594
2025-02-15 00:00:00+00:00,-0.25262245839693964
2025-02-16 00:00:00+00:00,-0.2560978004817754
2025-02-17 00:00:00+00:00,-0.2712617483482847
2025-02-18 00:00:00+00:00,-0.27580411261598414
2025-02-19 00:00:00+00:00,-0.2951746500099406
2025-02-20 00:00:00+00:00,-0.27967411010433246
2025-02-21 00:00:00+00:00,-0.2674797653789364
2025-02-22 00:00:00+00:00,-0.2903290586883863
2025-02-23 00:00:00+00:00,-0.2774944277080039
2025-02-24 00:00:00+00:00,-0.28158725499160997
2025-02-25 00:00:00+00:00,-0.3625405753366281
2025-02-26 00:00:00+00:00,-0.35594832211395766
2025-02-27 00:00:00+00:00,-0.3725624510644079
2025-02-28 00:00:00+00:00,-0.36462673995065525
2025-03-01 00:00:00+00:00,-0.3703285306916668
2025-03-02 00:00:00+00:00,-0.3685753182561829
2025-03-03 00:00:00+00:00,-0.24140643908355708
2025-03-04 00:00:00+00:00,-0.3588681643723325
2025-03-05 00:00:00+00:00,-0.35566401928813346
2025-03-06 00:00:00+00:00,-0.3347079790167005
2025-03-07 00:00:00+00:00,-0.3449549510193832
2025-03-08 00:00:00+00:00,-0.36793192017357385
2025-03-09 00:00:00+00:00,-0.37349678483280674
2025-03-10 00:00:00+00:00,-0.42723673503146975
2025-03-11 00:00:00+00:00,-0.46042578124779776
2025-03-12 00:00:00+00:00,-0.4328042965568033
2025-03-13 00:00:00+00:00,-0.42006074590938375
2025-03-14 00:00:00+00:00,-0.43275118631245996
2025-03-15 00:00:00+00:00,-0.41034779519752906
2025-03-16 00:00:00+00:00,-0.39601795388018324
2025-03-17 00:00:00+00:00,-0.4186910185200425
2025-03-18 00:00:00+00:00,-0.40490630286775325
2025-03-19 00:00:00+00:00,-0.41138106998456303
2025-03-20 00:00:00+00:00,-0.3810422009530402
2025-03-21 00:00:00+00:00,-0.40153834278100187
2025-03-22 00:00:00+00:00,-0.40368492068891815
2025-03-23 00:00:00+00:00,-0.40451279474839397
2025-03-24 00:00:00+00:00,-0.39482155865439467
2025-03-25 00:00:00+00:00,-0.3722482384418416
2025-03-26 00:00:00+00:00,-0.3618654484774972
2025-03-27 00:00:00+00:00,-0.374341737480873
2025-03-28 00:00:00+00:00,-0.3731694744332029
2025-03-29 00:00:00+00:00,-0.40717155454487186
2025-03-30 00:00:00+00:00,-0.4288777922522829
2025-03-31 00:00:00+00:00,-0.4345760662895656
2025-04-01 00:00:00+00:00,-0.43677260855734135
2025-04-02 00:00:00+00:00,-0.41923602725041914
2025-04-03 00:00:00+00:00,-0.45005979393080625
2025-04-04 00:00:00+00:00,-0.4454413359940314
2025-04-05 00:00:00+00:00,-0.43593094776217733
2025-04-06 00:00:00+00:00,-0.44103342917872185
2025-04-07 00:00:00+00:00,-0.5004938954353365
2025-04-08 00:00:00+00:00,-0.498081070045369
2025-04-09 00:00:00+00:00,-0.5171257508849324
2025-04-10 00:00:00+00:00,-0.4626483693841172
2025-04-11 00:00:00+00:00,-0.48299724061425847
2025-04-12 00:00:00+00:00,-0.464242700278404
2025-04-13 00:00:00+00:00,-0.4378723575599928
2025-04-14 00:00:00+00:00,-0.4523110796195624
2025-04-15 00:00:00+00:00,-0.450047399994892
2025-04-16 00:00:00+00:00,-0.46503758190022176
2025-04-17 00:00:00+00:00,-0.4630111236570316
2025-04-18 00:00:00+00:00,-0.45740370781811784
2025-04-19 00:00:00+00:00,-0.45463497109785816
2025-04-20 00:00:00+00:00,-0.4450259337131871
2025-04-21 00:00:00+00:00,-0.4485819261288811
2025-04-22 00:00:00+00:00,-0.44587449785223293
2025-04-23 00:00:00+00:00,-0.39884747218757943
2025-04-24 00:00:00+00:00,-0.3954821173881263
2025-04-25 00:00:00+00:00,-0.389260807444932
2025-04-26 00:00:00+00:00,-0.38915586181227263
2025-04-27 00:00:00+00:00,-0.3873408640296388
2025-04-28 00:00:00+00:00,-0.3941999278863516
2025-04-29 00:00:00+00:00,-0.3895667335112309
2025-04-30 00:00:00+00:00,-0.39795514210626004
2025-05-01 00:00:00+00:00,-0.40469763936041264
2025-05-02 00:00:00+00:00,-0.3876909562823499
2025-05-03 00:00:00+00:00,-0.3909627547872136
2025-05-04 00:00:00+00:00,-0.39913690657846
2025-05-05 00:00:00+00:00,-0.41301872819535645
2025-05-06 00:00:00+00:00,-0.4135066089034613
2025-05-07 00:00:00+00:00,-0.40143088619952816
2025-05-08 00:00:00+00:00,-0.4061156676662918
2025-05-09 00:00:00+00:00,-0.3402727858984282
2025-05-10 00:00:00+00:00,-0.3111518362177339
2025-05-11 00:00:00+00:00,-0.25949859467154873
2025-05-12 00:00:00+00:00,-0.28601892904322285
2025-05-13 00:00:00+00:00,-0.2759425021607465
2025-05-14 00:00:00+00:00,-0.25578879615165073
2025-05-15 00:00:00+00:00,-0.27665460616325377
2025-05-16 00:00:00+00:00,-0.3031926327908598
2025-05-17 00:00:00+00:00,-0.3029079023008426
2025-05-18 00:00:00+00:00,-0.31916479788504803
2025-05-19 00:00:00+00:00,-0.300252784153016
2025-05-20 00:00:00+00:00,-0.3093255262271281
2025-05-21 00:00:00+00:00,-0.30830523120718695
2025-05-22 00:00:00+00:00,-0.28882953359597774
2025-05-23 00:00:00+00:00,-0.2634389388472104
2025-05-24 00:00:00+00:00,-0.3062348081921799
2025-05-25 00:00:00+00:00,-0.3034069421312539
2025-05-26 00:00:00+00:00,-0.3003904668969931
2025-05-27 00:00:00+00:00,-0.3022712166164669
2025-05-28 00:00:00+00:00,-0.294334392066161
2025-05-29 00:00:00+00:00,-0.2998898109480312
2025-05-30 00:00:00+00:00,-0.31817618100528444
2025-05-31 00:00:00+00:00,-0.3576639984953245
2025-06-01 00:00:00+00:00,-0.353861570846432
2025-06-02 00:00:00+00:00,-0.3512043157052364
2025-06-03 00:00:00+00:00,-0.34430936071954843
2025-06-04 00:00:00+00:00,-0.34636043049404724
2025-06-05 00:00:00+00:00,-0.3577306063436442
2025-06-06 00:00:00+00:00,-0.39394041626813336
2025-06-07 00:00:00+00:00,-0.374563137303312
2025-06-08 00:00:00+00:00,-0.36181050331296183
2025-06-09 00:00:00+00:00,-0.3580360837015865
2025-06-10 00:00:00+00:00,-0.3298250512061969
2025-06-11 00:00:00+00:00,-0.31718481263954573
2025-06-12 00:00:00+00:00,-0.3310549035998532
2025-06-13 00:00:00+00:00,-0.36118811600306133
2025-06-14 00:00:00+00:00,-0.3735956701367224
2025-06-15 00:00:00+00:00,-0.3829645709885897
2025-06-16 00:00:00+00:00,-0.3765127428687257
2025-06-17 00:00:00+00:00,-0.3719505412364211
2025-06-18 00:00:00+00:00,-0.3883808677778752
2025-06-19 00:00:00+00:00,-0.3929368603346891
2025-06-20 00:00:00+00:00,-0.39388019716429373
2025-06-21 00:00:00+00:00,-0.413482873226831
2025-06-22 00:00:00+00:00,-0.4368272511593566
2025-06-23 00:00:00+00:00,-0.44521451615444957
2025-06-24 00:00:00+00:00,-0.40338067150346435
2025-06-25 00:00:00+00:00,-0.39986493894905367
2025-06-26 00:00:00+00:00,-0.40698187977448635
2025-06-27 00:00:00+00:00,-0.41663102486779263
2025-06-28 00:00:00+00:00,-0.41037184649028247
2025-06-29 00:00:00+00:00,-0.39987476954760676
2025-06-30 00:00:00+00:00,-0.38580089142361573
2025-07-01 00:00:00+00:00,-0.3937416095349532
2025-07-02 00:00:00+00:00,-0.41571241335564174
2025-07-03 00:00:00+00:00,-0.3835057656762869
2025-07-04 00:00:00+00:00,-0.37809545980573117
2025-07-05 00:00:00+00:00,-0.397743223845087
2025-07-06 00:00:00+00:00,-0.39575335198069245
2025-07-07 00:00:00+00:00,-0.38425120682596015
2025-07-08 00:00:00+00:00,-0.39121556685371495
2025-07-09 00:00:00+00:00,-0.38111743853341046
2025-07-10 00:00:00+00:00,-0.35421009948465815
2025-07-11 00:00:00+00:00,-0.3180600308153752
2025-07-12 00:00:00+00:00,-0.305373093171863
2025-07-13 00:00:00+00:00,-0.3102163211923051
2025-07-14 00:00:00+00:00,-0.2971041363885079
2025-07-15 00:00:00+00:00,-0.2932572349405157
2025-07-16 00:00:00+00:00,-0.28279920871765013
2025-07-17 00:00:00+00:00,-0.2577368323278428
2025-07-18 00:00:00+00:00,-0.22405002071523744
2025-07-19 00:00:00+00:00,-0.22097549364051136
2025-07-20 00:00:00+00:00,-0.2008368480890648
2025-07-21 00:00:00+00:00,-0.17354506726632804
2025-07-22 00:00:00+00:00,-0.1593045296077814
2025-07-23 00:00:00+00:00,-0.1472387579890079
2025-07-24 00:00:00+00:00,-0.20389756692049155
2025-07-25 00:00:00+00:00,-0.21381473657302305
2025-07-26 00:00:00+00:00,-0.20499676883972737
2025-07-27 00:00:00+00:00,-0.19875782330653388
2025-07-28 00:00:00+00:00,-0.17824519132683636
2025-07-29 00:00:00+00:00,-0.2100335138860018
2025-07-30 00:00:00+00:00,-0.21740206387418642
2025-07-31 00:00:00+00:00,-0.2266427674022933
2025-08-01 00:00:00+00:00,-0.25056510196103915
2025-08-02 00:00:00+00:00,-0.2756470273880817
2025-08-03 00:00:00+00:00,-0.2945890101648346
2025-08-04 00:00:00+00:00,-0.2722733883983835
2025-08-05 00:00:00+00:00,-0.23672356604430855
2025-08-06 00:00:00+00:00,-0.25935429919506486
2025-08-07 00:00:00+00:00,-0.2479922670116119
2025-08-08 00:00:00+00:00,-0.20825319571680348
2025-08-09 00:00:00+00:00,-0.19791651733654228
2025-08-10 00:00:00+00:00,-0.18476761502381553
2025-08-11 00:00:00+00:00,-0.1858739097083322
2025-08-12 00:00:00+00:00,-0.20717676631561488
2025-08-13 00:00:00+00:00,-0.1545078877667063
2025-08-14 00:00:00+00:00,-0.12735273126676588
2025-08-15 00:00:00+00:00,-0.16935165161994284
2025-08-16 00:00:00+00:00,-0.1780596254036517
2025-08-17 00:00:00+00:00,-0.17002876989676716
2025-08-18 00:00:00+00:00,-0.15620930884333115
2025-08-19 00:00:00+00:00,-0.18437771056838675
2025-08-20 00:00:00+00:00,-0.2261706924463552
2025-08-21 00:00:00+00:00,-0.19100651071720195
2025-08-22 00:00:00+00:00,-0.21381018660325618
2025-08-23 00:00:00+00:00,-0.13976774902326927
2025-08-24 00:00:00+00:00,-0.1428159504461295
2025-08-25 00:00:00+00:00,-0.1520163288949947
2025-08-26 00:00:00+00:00,-0.21397064729218113
2025-08-27 00:00:00+00:00,-0.18399623945115176
2025-08-28 00:00:00+00:00,-0.18765562984231984
2025-08-29 00:00:00+00:00,-0.17199637641531576
2025-08-30 00:00:00+00:00,-0.20426086950566746
2025-08-31 00:00:00+00:00,-0.20322995499883487
2025-09-01 00:00:00+00:00,-0.2111696455041694
2025-09-02 00:00:00+00:00,-0.2203248961930953
2025-09-03 00:00:00+00:00,-0.19541911693897385
2025-09-04 00:00:00+00:00,-0.18568270487106836
2025-09-05 00:00:00+00:00,-0.2065519058475279
2025-09-06 00:00:00+00:00,-0.19827319317997003
2025-09-07 00:00:00+00:00,-0.20180860190781133
2025-09-08 00:00:00+00:00,-0.18107822024092465
2025-09-09 00:00:00+00:00,-0.1663807249733661
2025-09-10 00:00:00+00:00,-0.162596790698489
2025-09-11 00:00:00+00:00,-0.13491724572219238
2025-09-12 00:00:00+00:00,-0.12377763956692887
2025-09-13 00:00:00+00:00,-0.0975766196158799
2025-09-14 00:00:00+00:00,-0.08311029019597028
2025-09-15 00:00:00+00:00,-0.10491249747241799
2025-09-16 00:00:00+00:00,-0.12043289177895836
2025-09-17 00:00:00+00:00,-0.10769418853216117
2025-09-18 00:00:00+00:00,-0.08141663810274864
2025-09-19 00:00:00+00:00,-0.06669545958715074
2025-09-20 00:00:00+00:00,-0.09556840632982616
2025-09-21 00:00:00+00:00,-0.09054675140985967
2025-09-22 00:00:00+00:00,-0.09680347327997925
2025-09-23 00:00:00+00:00,-0.14174878570283844
2025-09-24 00:00:00+00:00,-0.14780153923513342
2025-09-25 00:00:00+00:00,-0.14704152327565898
2025-09-26 00:00:00+00:00,-0.20420045773062231
2025-09-27 00:00:00+00:00,-0.17951116742606385
2025-09-28 00:00:00+00:00,-0.18248020424653905
2025-09-29 00:00:00+00:00,-0.15892461521150347
2025-09-30 00:00:00+00:00,-0.1512658869236526
2025-10-01 00:00:00+00:00,-0.16120145319531912
2025-10-02 00:00:00+00:00,-0.12158977504146062
2025-10-03 00:00:00+00:00,-0.08834148769515641
2025-10-04 00:00:00+00:00,-0.07786352672811891
2025-10-05 00:00:00+00:00,-0.09752736171631297
2025-10-06 00:00:00+00:00,-0.09708835583990695
2025-10-07 00:00:00+00:00,-0.07009196224825824
2025-10-08 00:00:00+00:00,-0.10601706517704165
2025-10-09 00:00:00+00:00,-0.08965965367057194
2025-10-10 00:00:00+00:00,-0.10662426963208156
2025-10-11 00:00:00+00:00,-0.2651011161862413
2025-10-12 00:00:00+00:00,-0.27697822364474883
2025-10-13 00:00:00+00:00,-0.21444876670649463
2025-10-14 00:00:00+00:00,-0.19250122412191678
2025-10-15 00:00:00+00:00,-0.22109150366457045
2025-10-16 00:00:00+00:00,-0.2493613317393103
2025-10-17 00:00:00+00:00,-0.2752373972804609
2025-10-18 00:00:00+00:00,-0.2948022552448223
2025-10-19 00:00:00+00:00,-0.28199433383242983
2025-10-20 00:00:00+00:00,-0.2684720324683419
2025-10-21 00:00:00+00:00,-0.2590212613998142
2025-10-22 00:00:00+00:00,-0.2790327716138569
2025-10-23 00:00:00+00:00,-0.2928544383202013
2025-10-24 00:00:00+00:00,-0.27313812735467624
2025-10-25 00:00:00+00:00,-0.2604861635718397
2025-10-26 00:00:00+00:00,-0.25509731522101226
2025-10-27 00:00:00+00:00,-0.22839952649503728
2025-10-28 00:00:00+00:00,-0.2373039600854069
2025-10-29 00:00:00+00:00,-0.2578714037575291
2025-10-30 00:00:00+00:00,-0.2616491179101083
2025-10-31 00:00:00+00:00,-0.29648844194533175
2025-11-01 00:00:00+00:00,-0.2862019126143338
2025-11-02 00:00:00+00:00,-0.2765730283359914
2025-11-03 00:00:00+00:00,-0.27633840327275916
2025-11-04 00:00:00+00:00,-0.34658648318634433
2025-11-05 00:00:00+00:00,-0.37587866958479427
2025-11-06 00:00:00+00:00,-0.3501226684030457
2025-11-07 00:00:00+00:00,-0.37054690424203973
2025-11-08 00:00:00+00:00,-0.3143833631946679
2025-11-09 00:00:00+00:00,-0.31916789263102724
2025-11-10 00:00:00+00:00,-0.3028346545316676
2025-11-11 00:00:00+00:00,-0.29425009467994334
2025-11-12 00:00:00+00:00,-0.3316048874943931
2025-11-13 00:00:00+00:00,-0.34099925344137816
2025-11-14 00:00:00+00:00,-0.36076823854149526
2025-11-15 00:00:00+00:00,-0.38219330976463256
2025-11-16 00:00:00+00:00,-0.3726781570389205
