snapped_at,market_index
2020-09-23 00:00:00+00:00,1.017469302521961
2020-09-24 00:00:00+00:00,0.9417778732854065
2020-09-25 00:00:00+00:00,1.029553966014302
2020-09-26 00:00:00+00:00,1.0620440497165378
2020-09-27 00:00:00+00:00,1.0620714242008127
2020-09-28 00:00:00+00:00,1.0728286814649004
2020-09-29 00:00:00+00:00,1.053762374329967
2020-09-30 00:00:00+00:00,1.0675956513803566
2020-10-01 00:00:00+00:00,1.067203292595485
2020-10-02 00:00:00+00:00,1.047377356300957
2020-10-03 00:00:00+00:00,1.0114160896221986
2020-10-04 00:00:00+00:00,1.0152431489613445
2020-10-05 00:00:00+00:00,1.036349210095148
2020-10-06 00:00:00+00:00,1.0413069669864918
2020-10-07 00:00:00+00:00,0.9836673614883614
2020-10-08 00:00:00+00:00,0.992014032849021
2020-10-09 00:00:00+00:00,1.0250840244312385
2020-10-10 00:00:00+00:00,1.0653233827027357
2020-10-11 00:00:00+00:00,1.062957225044011
2020-10-12 00:00:00+00:00,1.0746393493276412
2020-10-13 00:00:00+00:00,1.1095425062048856
2020-10-14 00:00:00+00:00,1.0946880497845708
2020-10-15 00:00:00+00:00,1.0776892305220191
2020-10-16 00:00:00+00:00,1.067544942421035
2020-10-17 00:00:00+00:00,1.037116464101456
2020-10-18 00:00:00+00:00,1.0481084056696792
2020-10-19 00:00:00+00:00,1.059379630313174
2020-10-20 00:00:00+00:00,1.0515885372808624
2020-10-21 00:00:00+00:00,1.0184631651437386
2020-10-22 00:00:00+00:00,1.065806622160042
2020-10-23 00:00:00+00:00,1.1050102043787322
2020-10-24 00:00:00+00:00,1.100454461366539
2020-10-25 00:00:00+00:00,1.1084071431464868
2020-10-26 00:00:00+00:00,1.0923618422132952
2020-10-27 00:00:00+00:00,1.0882844084672214
2020-10-28 00:00:00+00:00,1.1024181942964377
2020-10-29 00:00:00+00:00,1.0549891080737142
2020-10-30 00:00:00+00:00,1.0247458517337913
2020-10-31 00:00:00+00:00,1.0148275586680695
2020-11-01 00:00:00+00:00,1.0260294333128164
2020-11-02 00:00:00+00:00,1.039640160383052
2020-11-03 00:00:00+00:00,1.0069555731922113
2020-11-04 00:00:00+00:00,0.9975112561990392
2020-11-05 00:00:00+00:00,1.000433315483428
2020-11-06 00:00:00+00:00,1.0463908472402188
2020-11-07 00:00:00+00:00,1.1440182122463307
2020-11-08 00:00:00+00:00,1.0984295921485179
2020-11-09 00:00:00+00:00,1.1334472309846046
2020-11-10 00:00:00+00:00,1.1139638140838566
2020-11-11 00:00:00+00:00,1.1377855767563239
2020-11-12 00:00:00+00:00,1.1329206723839655
2020-11-13 00:00:00+00:00,1.126033555510106
2020-11-14 00:00:00+00:00,1.1709003106722424
2020-11-15 00:00:00+00:00,1.1445602785419613
2020-11-16 00:00:00+00:00,1.1401814509218657
2020-11-17 00:00:00+00:00,1.2069863883877063
2020-11-18 00:00:00+00:00,1.2509098646813503
2020-11-19 00:00:00+00:00,1.2267211930013526
2020-11-20 00:00:00+00:00,1.2340912660964485
2020-11-21 00:00:00+00:00,1.298944378702278
2020-11-22 00:00:00+00:00,1.4566980934862899
2020-11-23 00:00:00+00:00,1.4251886195935772
2020-11-24 00:00:00+00:00,1.548690170424522
2020-11-25 00:00:00+00:00,1.6276687810968027
2020-11-26 00:00:00+00:00,1.5293833681296507
2020-11-27 00:00:00+00:00,1.3466343100128284
2020-11-28 00:00:00+00:00,1.355597556005202
2020-11-29 00:00:00+00:00,1.4256358294225946
2020-11-30 00:00:00+00:00,1.4688078977951804
2020-12-01 00:00:00+00:00,1.5412441418418905
2020-12-02 00:00:00+00:00,1.4772360961672928
2020-12-03 00:00:00+00:00,1.5259758150852556
2020-12-04 00:00:00+00:00,1.5387920297327249
2020-12-05 00:00:00+00:00,1.424398429889956
2020-12-06 00:00:00+00:00,1.4780793948077298
2020-12-07 00:00:00+00:00,1.4754748942268838
2020-12-08 00:00:00+00:00,1.4507309911502808
2020-12-09 00:00:00+00:00,1.352092962340221
2020-12-10 00:00:00+00:00,1.3823027087914583
2020-12-11 00:00:00+00:00,1.3464666499000084
2020-12-12 00:00:00+00:00,1.313378347125124
2020-12-13 00:00:00+00:00,1.3439639415347058
2020-12-14 00:00:00+00:00,1.3902294493792964
2020-12-15 00:00:00+00:00,1.387541045708031
2020-12-16 00:00:00+00:00,1.4060666385450782
2020-12-17 00:00:00+00:00,1.5122217015799206
2020-12-18 00:00:00+00:00,1.535273687031431
2020-12-19 00:00:00+00:00,1.5749084402381854
2020-12-20 00:00:00+00:00,1.610890144302344
2020-12-21 00:00:00+00:00,1.5987369284180981
2020-12-22 00:00:00+00:00,1.5295639576833904
2020-12-23 00:00:00+00:00,1.5387124390576135
2020-12-24 00:00:00+00:00,1.344352902445215
2020-12-25 00:00:00+00:00,1.4877885926182615
2020-12-26 00:00:00+00:00,1.5168371355572388
2020-12-27 00:00:00+00:00,1.5094590072287843
2020-12-28 00:00:00+00:00,1.5074758793957084
2020-12-29 00:00:00+00:00,1.6069475124847377
2020-12-30 00:00:00+00:00,1.6535275574703143
2020-12-31 00:00:00+00:00,1.633722654995323
2021-01-01 00:00:00+00:00,1.6897608734773732
2021-01-02 00:00:00+00:00,1.772009535905067
2021-01-03 00:00:00+00:00,1.979817648338732
2021-01-04 00:00:00+00:00,2.1604799755227306
2021-01-05 00:00:00+00:00,2.1700827491618635
2021-01-06 00:00:00+00:00,2.297778819749903
2021-01-07 00:00:00+00:00,2.46207045946581
2021-01-08 00:00:00+00:00,2.563097324536037
2021-01-09 00:00:00+00:00,2.7352860118557194
2021-01-10 00:00:00+00:00,2.895726242116575
2021-01-11 00:00:00+00:00,2.783804532223039
2021-01-12 00:00:00+00:00,2.5018723229213977
2021-01-13 00:00:00+00:00,2.5416217772390315
2021-01-14 00:00:00+00:00,2.785011462420088
2021-01-15 00:00:00+00:00,2.9472646664422397
2021-01-16 00:00:00+00:00,2.844739092344752
2021-01-17 00:00:00+00:00,3.1521381270959417
2021-01-18 00:00:00+00:00,3.1878753765262418
2021-01-19 00:00:00+00:00,3.2023984790970457
2021-01-20 00:00:00+00:00,3.191606463969472
2021-01-21 00:00:00+00:00,3.2420457210929023
2021-01-22 00:00:00+00:00,2.818730936307742
2021-01-23 00:00:00+00:00,3.035877814143307
2021-01-24 00:00:00+00:00,3.066294920630812
2021-01-25 00:00:00+00:00,3.1297049629717715
2021-01-26 00:00:00+00:00,3.0657267178693965
2021-01-27 00:00:00+00:00,3.0892841547094623
2021-01-28 00:00:00+00:00,2.8549977208405197
2021-01-29 00:00:00+00:00,3.998974132572405
2021-01-30 00:00:00+00:00,4.233348152415589
2021-01-31 00:00:00+00:00,4.359998687061481
2021-02-01 00:00:00+00:00,4.552887008411859
2021-02-02 00:00:00+00:00,4.608729012257952
2021-02-03 00:00:00+00:00,4.807193403553436
2021-02-04 00:00:00+00:00,5.268409782862243
2021-02-05 00:00:00+00:00,5.595016290876235
2021-02-06 00:00:00+00:00,6.033124268729785
2021-02-07 00:00:00+00:00,6.239515060465914
2021-02-08 00:00:00+00:00,6.6210455670136135
2021-02-09 00:00:00+00:00,7.491835649519905
2021-02-10 00:00:00+00:00,7.816554765406662
2021-02-11 00:00:00+00:00,8.97941097673425
2021-02-12 00:00:00+00:00,8.986504607714178
2021-02-13 00:00:00+00:00,9.461154932349988
2021-02-14 00:00:00+00:00,9.353230402803394
2021-02-15 00:00:00+00:00,9.039233092813843
2021-02-16 00:00:00+00:00,8.819227628700515
2021-02-17 00:00:00+00:00,8.778260158255609
2021-02-18 00:00:00+00:00,9.213931922661558
2021-02-19 00:00:00+00:00,9.786040884653552
2021-02-20 00:00:00+00:00,11.002471221925417
2021-02-21 00:00:00+00:00,10.726753387941597
2021-02-22 00:00:00+00:00,11.111796066416257
2021-02-23 00:00:00+00:00,10.917042960958279
2021-02-24 00:00:00+00:00,9.659785866876499
2021-02-25 00:00:00+00:00,10.371292705615618
2021-02-26 00:00:00+00:00,9.518763586688433
2021-02-27 00:00:00+00:00,9.518501088334938
2021-02-28 00:00:00+00:00,9.737397253887895
2021-03-01 00:00:00+00:00,9.278612476468647
2021-03-02 00:00:00+00:00,10.220954644729547
2021-03-03 00:00:00+00:00,9.948513013573688
2021-03-04 00:00:00+00:00,10.173085337262808
2021-03-05 00:00:00+00:00,9.822084446467668
2021-03-06 00:00:00+00:00,9.664561099539949
2021-03-07 00:00:00+00:00,9.800746776478555
2021-03-08 00:00:00+00:00,10.191720562179444
2021-03-09 00:00:00+00:00,10.41630206950007
2021-03-10 00:00:00+00:00,11.351848390348852
2021-03-11 00:00:00+00:00,10.902556445958743
2021-03-12 00:00:00+00:00,11.102793828203948
2021-03-13 00:00:00+00:00,10.71177350301164
2021-03-14 00:00:00+00:00,11.422630779885983
2021-03-15 00:00:00+00:00,10.977873960866212
2021-03-16 00:00:00+00:00,10.539988955540794
2021-03-17 00:00:00+00:00,11.053156544405102
2021-03-18 00:00:00+00:00,11.394294479424888
2021-03-19 00:00:00+00:00,11.130150487478241
2021-03-20 00:00:00+00:00,11.458547279200621
2021-03-21 00:00:00+00:00,11.423644393050795
2021-03-22 00:00:00+00:00,11.223450030947609
2021-03-23 00:00:00+00:00,10.848886058930654
2021-03-24 00:00:00+00:00,10.718555723431146
2021-03-25 00:00:00+00:00,10.040316739501575
2021-03-26 00:00:00+00:00,9.91956274921421
2021-03-27 00:00:00+00:00,10.825574586964402
2021-03-28 00:00:00+00:00,10.965337299406988
2021-03-29 00:00:00+00:00,11.073394501211567
2021-03-30 00:00:00+00:00,11.494886352684201
2021-03-31 00:00:00+00:00,11.696348524581222
2021-04-01 00:00:00+00:00,11.800200864389751
2021-04-02 00:00:00+00:00,12.126383301810046
2021-04-03 00:00:00+00:00,12.47148800350804
2021-04-04 00:00:00+00:00,12.259679471958153
2021-04-05 00:00:00+00:00,12.84655688280882
2021-04-06 00:00:00+00:00,13.74538168990963
2021-04-07 00:00:00+00:00,14.512735380845344
2021-04-08 00:00:00+00:00,13.604917673499514
2021-04-09 00:00:00+00:00,14.34264331116723
2021-04-10 00:00:00+00:00,14.401547623889911
2021-04-11 00:00:00+00:00,15.332401224158806
2021-04-12 00:00:00+00:00,15.822358428553862
2021-04-13 00:00:00+00:00,16.24388987009191
2021-04-14 00:00:00+00:00,17.544766252700338
2021-04-15 00:00:00+00:00,18.38738056588539
2021-04-16 00:00:00+00:00,19.45285866429268
2021-04-17 00:00:00+00:00,20.822707627050438
2021-04-18 00:00:00+00:00,20.06414803478403
2021-04-19 00:00:00+00:00,19.508033600746256
2021-04-20 00:00:00+00:00,19.356998916828044
2021-04-21 00:00:00+00:00,19.692559000633864
2021-04-22 00:00:00+00:00,19.14315625380009
2021-04-23 00:00:00+00:00,18.58215938968182
2021-04-24 00:00:00+00:00,18.166076572579005
2021-04-25 00:00:00+00:00,17.564744221554264
2021-04-26 00:00:00+00:00,17.741428166979816
2021-04-27 00:00:00+00:00,19.803877879999312
2021-04-28 00:00:00+00:00,20.44023205330949
2021-04-29 00:00:00+00:00,20.972640337929896
2021-04-30 00:00:00+00:00,20.934372729551463
2021-05-01 00:00:00+00:00,22.331606116861344
2021-05-02 00:00:00+00:00,23.23298517088616
2021-05-03 00:00:00+00:00,22.697610461837165
2021-05-04 00:00:00+00:00,24.26983092791041
2021-05-05 00:00:00+00:00,23.2544931671929
2021-05-06 00:00:00+00:00,26.2878380296697
2021-05-07 00:00:00+00:00,26.32040761888789
2021-05-08 00:00:00+00:00,26.569305922122517
2021-05-09 00:00:00+00:00,26.901010524614268
2021-05-10 00:00:00+00:00,27.22902680298733
2021-05-11 00:00:00+00:00,25.255313827996908
2021-05-12 00:00:00+00:00,26.66421483916881
2021-05-13 00:00:00+00:00,23.76094947188757
2021-05-14 00:00:00+00:00,25.01391230685964
2021-05-15 00:00:00+00:00,26.730825694970108
2021-05-16 00:00:00+00:00,25.56582779526987
2021-05-17 00:00:00+00:00,25.95656504921501
2021-05-18 00:00:00+00:00,24.377530715004138
2021-05-19 00:00:00+00:00,25.504790228950963
2021-05-20 00:00:00+00:00,17.807370039991312
2021-05-21 00:00:00+00:00,20.088033669712857
2021-05-22 00:00:00+00:00,17.33466016266502
2021-05-23 00:00:00+00:00,16.091639956296532
2021-05-24 00:00:00+00:00,13.999943141296933
2021-05-25 00:00:00+00:00,17.15443794643447
2021-05-26 00:00:00+00:00,16.927224927305254
2021-05-27 00:00:00+00:00,18.47608112256657
2021-05-28 00:00:00+00:00,17.59050527831281
2021-05-29 00:00:00+00:00,15.891850316738552
2021-05-30 00:00:00+00:00,15.021316250960979
2021-05-31 00:00:00+00:00,15.69684455379001
2021-06-01 00:00:00+00:00,17.387720917623604
2021-06-02 00:00:00+00:00,17.3581720403303
2021-06-03 00:00:00+00:00,18.51610808944413
2021-06-04 00:00:00+00:00,19.397735616708644
2021-06-05 00:00:00+00:00,18.030578962523563
2021-06-06 00:00:00+00:00,17.549422523906596
2021-06-07 00:00:00+00:00,17.910447946868683
2021-06-08 00:00:00+00:00,16.307368152760507
2021-06-09 00:00:00+00:00,16.43173779131428
2021-06-10 00:00:00+00:00,17.286350051721477
2021-06-11 00:00:00+00:00,16.56608667504061
2021-06-12 00:00:00+00:00,15.783287105724062
2021-06-13 00:00:00+00:00,15.756009016280842
2021-06-14 00:00:00+00:00,16.756535177581544
2021-06-15 00:00:00+00:00,17.37149422595607
2021-06-16 00:00:00+00:00,17.06368221485193
2021-06-17 00:00:00+00:00,16.20801598238609
2021-06-18 00:00:00+00:00,16.356323231543957
2021-06-19 00:00:00+00:00,15.407126640762092
2021-06-20 00:00:00+00:00,15.02914145276487
2021-06-21 00:00:00+00:00,15.269784213998916
2021-06-22 00:00:00+00:00,12.089636610538648
2021-06-23 00:00:00+00:00,11.740188734569157
2021-06-24 00:00:00+00:00,13.06380610050958
2021-06-25 00:00:00+00:00,13.61022646653704
2021-06-26 00:00:00+00:00,12.588300250724748
2021-06-27 00:00:00+00:00,12.42574256182026
2021-06-28 00:00:00+00:00,13.258291204381388
2021-06-29 00:00:00+00:00,13.540966975641044
2021-06-30 00:00:00+00:00,14.086391411107575
2021-07-01 00:00:00+00:00,14.194178263331796
2021-07-02 00:00:00+00:00,13.47040481599836
2021-07-03 00:00:00+00:00,13.534258486192655
2021-07-04 00:00:00+00:00,13.82709032112191
2021-07-05 00:00:00+00:00,14.26236399183924
2021-07-06 00:00:00+00:00,13.695716846033987
2021-07-07 00:00:00+00:00,14.112227723730062
2021-07-08 00:00:00+00:00,14.177768100701094
2021-07-09 00:00:00+00:00,13.308066036872992
2021-07-10 00:00:00+00:00,13.640670100777232
2021-07-11 00:00:00+00:00,13.353797124875152
2021-07-12 00:00:00+00:00,13.502737814429784
2021-07-13 00:00:00+00:00,13.179105215519469
2021-07-14 00:00:00+00:00,12.700511785220273
2021-07-15 00:00:00+00:00,12.796602387476755
2021-07-16 00:00:00+00:00,12.238116929532554
2021-07-17 00:00:00+00:00,11.758728308995634
2021-07-18 00:00:00+00:00,11.873506138736609
2021-07-19 00:00:00+00:00,11.968542536761978
2021-07-20 00:00:00+00:00,11.26773936432558
2021-07-21 00:00:00+00:00,10.811808850147926
2021-07-22 00:00:00+00:00,11.907842460687771
2021-07-23 00:00:00+00:00,12.186247607693453
2021-07-24 00:00:00+00:00,12.437084802520907
2021-07-25 00:00:00+00:00,12.663987278617926
2021-07-26 00:00:00+00:00,12.80220352887598
2021-07-27 00:00:00+00:00,12.979848358028498
2021-07-28 00:00:00+00:00,13.273419405400704
2021-07-29 00:00:00+00:00,13.643655333678796
2021-07-30 00:00:00+00:00,14.029530648986526
2021-07-31 00:00:00+00:00,14.375030432756972
2021-08-01 00:00:00+00:00,14.868710612196205
2021-08-02 00:00:00+00:00,14.611242201829153
2021-08-03 00:00:00+00:00,14.614652495527803
2021-08-04 00:00:00+00:00,14.362921716381301
2021-08-05 00:00:00+00:00,15.024212945881882
2021-08-06 00:00:00+00:00,15.228751889546421
2021-08-07 00:00:00+00:00,15.773622692567558
2021-08-08 00:00:00+00:00,16.900258721505846
2021-08-09 00:00:00+00:00,16.125448338583833
2021-08-10 00:00:00+00:00,17.05379886273832
2021-08-11 00:00:00+00:00,17.54594594933413
2021-08-12 00:00:00+00:00,18.338382785795957
2021-08-13 00:00:00+00:00,17.963352482343804
2021-08-14 00:00:00+00:00,19.751890196372194
2021-08-15 00:00:00+00:00,20.094013847523502
2021-08-16 00:00:00+00:00,20.998527492590224
2021-08-17 00:00:00+00:00,20.99044659610029
2021-08-18 00:00:00+00:00,20.601770131701393
2021-08-19 00:00:00+00:00,21.93110044214294
2021-08-20 00:00:00+00:00,22.893058406561895
2021-08-21 00:00:00+00:00,24.61951277200528
2021-08-22 00:00:00+00:00,24.544825461951188
2021-08-23 00:00:00+00:00,24.774234807946314
2021-08-24 00:00:00+00:00,25.727178537268045
2021-08-25 00:00:00+00:00,24.726604521056952
2021-08-26 00:00:00+00:00,24.841039560004443
2021-08-27 00:00:00+00:00,23.723964502612493
2021-08-28 00:00:00+00:00,25.769431312233795
2021-08-29 00:00:00+00:00,25.715122644812045
2021-08-30 00:00:00+00:00,25.38599702579232
2021-08-31 00:00:00+00:00,24.9116602136554
2021-09-01 00:00:00+00:00,25.894419089976118
2021-09-02 00:00:00+00:00,27.144940439920667
2021-09-03 00:00:00+00:00,28.037005692936525
2021-09-04 00:00:00+00:00,29.123909342314263
2021-09-05 00:00:00+00:00,28.883264293403116
2021-09-06 00:00:00+00:00,29.819047939874277
2021-09-07 00:00:00+00:00,30.24988855949328
2021-09-08 00:00:00+00:00,26.055571760310883
2021-09-09 00:00:00+00:00,26.061500567748276
2021-09-10 00:00:00+00:00,26.572700101648596
2021-09-11 00:00:00+00:00,25.978645701455093
2021-09-12 00:00:00+00:00,27.199348502989288
2021-09-13 00:00:00+00:00,28.147083590064355
2021-09-14 00:00:00+00:00,26.88746906524117
2021-09-15 00:00:00+00:00,27.25447531577004
2021-09-16 00:00:00+00:00,28.123177781878738
2021-09-17 00:00:00+00:00,28.124169961692303
2021-09-18 00:00:00+00:00,27.426921842855112
2021-09-19 00:00:00+00:00,28.116492142668736
2021-09-20 00:00:00+00:00,27.332267214897314
2021-09-21 00:00:00+00:00,24.0037349429769
2021-09-22 00:00:00+00:00,22.644620209174914
2021-09-23 00:00:00+00:00,26.058135822009593
2021-09-24 00:00:00+00:00,26.71505855580446
2021-09-25 00:00:00+00:00,25.0244621393929
2021-09-26 00:00:00+00:00,24.84454786009403
2021-09-27 00:00:00+00:00,24.558577974844766
2021-09-28 00:00:00+00:00,23.935369667012488
2021-09-29 00:00:00+00:00,23.020503110872315
2021-09-30 00:00:00+00:00,23.87950045674438
2021-10-01 00:00:00+00:00,24.856406835934507
2021-10-02 00:00:00+00:00,27.05816550901136
2021-10-03 00:00:00+00:00,27.401353293505462
2021-10-04 00:00:00+00:00,27.62223511550136
2021-10-05 00:00:00+00:00,27.405254233126932
2021-10-06 00:00:00+00:00,28.06386734785191
2021-10-07 00:00:00+00:00,28.024505244707004
2021-10-08 00:00:00+00:00,28.09926412270048
2021-10-09 00:00:00+00:00,27.81438435117577
2021-10-10 00:00:00+00:00,28.600396054921895
2021-10-11 00:00:00+00:00,27.35829156324688
2021-10-12 00:00:00+00:00,27.57036349813525
2021-10-13 00:00:00+00:00,27.50132625480495
2021-10-14 00:00:00+00:00,28.652161448449945
2021-10-15 00:00:00+00:00,28.861954417527553
2021-10-16 00:00:00+00:00,29.9105429221676
2021-10-17 00:00:00+00:00,29.620187897672306
2021-10-18 00:00:00+00:00,29.396683285958968
2021-10-19 00:00:00+00:00,29.33519809614651
2021-10-20 00:00:00+00:00,29.738384729154795
2021-10-21 00:00:00+00:00,31.493639167068967
2021-10-22 00:00:00+00:00,30.769502337200386
2021-10-23 00:00:00+00:00,31.0793117087999
2021-10-24 00:00:00+00:00,31.46579633336081
2021-10-25 00:00:00+00:00,31.409769801026627
2021-10-26 00:00:00+00:00,32.198580109487295
2021-10-27 00:00:00+00:00,31.739764939051785
2021-10-28 00:00:00+00:00,29.223534946261523
2021-10-29 00:00:00+00:00,31.462190202250675
2021-10-30 00:00:00+00:00,32.22333026928823
2021-10-31 00:00:00+00:00,31.32988812030339
2021-11-01 00:00:00+00:00,31.82942100380832
2021-11-02 00:00:00+00:00,32.52625554093522
2021-11-03 00:00:00+00:00,33.57740484289978
2021-11-04 00:00:00+00:00,34.91974001721342
2021-11-05 00:00:00+00:00,34.78343795784023
2021-11-06 00:00:00+00:00,34.318883590397384
2021-11-07 00:00:00+00:00,35.00303511791042
2021-11-08 00:00:00+00:00,35.93794531453661
2021-11-09 00:00:00+00:00,37.59425293941135
2021-11-10 00:00:00+00:00,37.6622951303362
2021-11-11 00:00:00+00:00,35.948399756348834
2021-11-12 00:00:00+00:00,36.52275644254524
2021-11-13 00:00:00+00:00,35.80590824231439
2021-11-14 00:00:00+00:00,36.881709982569035
2021-11-15 00:00:00+00:00,37.10844242054877
2021-11-16 00:00:00+00:00,36.25041007868097
2021-11-17 00:00:00+00:00,33.93038209845144
2021-11-18 00:00:00+00:00,34.31039265485544
2021-11-19 00:00:00+00:00,31.570714940482148
2021-11-20 00:00:00+00:00,33.9132758025179
2021-11-21 00:00:00+00:00,35.01639848147039
2021-11-22 00:00:00+00:00,34.80009942220595
2021-11-23 00:00:00+00:00,33.29790159227453
2021-11-24 00:00:00+00:00,33.983295719258074
2021-11-25 00:00:00+00:00,32.726912112564236
2021-11-26 00:00:00+00:00,33.77886827078956
2021-11-27 00:00:00+00:00,30.42554395078175
2021-11-28 00:00:00+00:00,30.823996624467
2021-11-29 00:00:00+00:00,31.686276523789992
2021-11-30 00:00:00+00:00,32.6588411896033
2021-12-01 00:00:00+00:00,32.89422625882384
2021-12-02 00:00:00+00:00,32.94480887637169
2021-12-03 00:00:00+00:00,32.71207342030282
2021-12-04 00:00:00+00:00,30.933523809457217
2021-12-05 00:00:00+00:00,28.049411458525842
2021-12-06 00:00:00+00:00,27.25470186394924
2021-12-07 00:00:00+00:00,28.14562465250092
2021-12-08 00:00:00+00:00,28.032900198209806
2021-12-09 00:00:00+00:00,28.58441401276145
2021-12-10 00:00:00+00:00,26.935427881547458
2021-12-11 00:00:00+00:00,25.74916641308477
2021-12-12 00:00:00+00:00,26.911700366286848
2021-12-13 00:00:00+00:00,27.331913982793516
2021-12-14 00:00:00+00:00,24.892138422776522
2021-12-15 00:00:00+00:00,26.248575368859107
2021-12-16 00:00:00+00:00,27.305437600472917
2021-12-17 00:00:00+00:00,26.55263426582383
2021-12-18 00:00:00+00:00,26.38863088755117
2021-12-19 00:00:00+00:00,27.08975500033445
2021-12-20 00:00:00+00:00,26.79279312986284
2021-12-21 00:00:00+00:00,26.949499262818293
2021-12-22 00:00:00+00:00,27.930044671118146
2021-12-23 00:00:00+00:00,28.108981188290755
2021-12-24 00:00:00+00:00,29.64416526832453
2021-12-25 00:00:00+00:00,28.904169408827098
2021-12-26 00:00:00+00:00,29.280214434120815
2021-12-27 00:00:00+00:00,29.496697203249994
2021-12-28 00:00:00+00:00,29.564434191114525
2021-12-29 00:00:00+00:00,27.513321275210902
2021-12-30 00:00:00+00:00,26.487079863805057
2021-12-31 00:00:00+00:00,26.849831574931383
2022-01-01 00:00:00+00:00,26.68042334725558
2022-01-02 00:00:00+00:00,27.687276524164805
2022-01-03 00:00:00+00:00,27.821031787578434
2022-01-04 00:00:00+00:00,27.13849071663766
2022-01-05 00:00:00+00:00,26.713773601253756
2022-01-06 00:00:00+00:00,25.081433804920696
2022-01-07 00:00:00+00:00,24.912572960132238
2022-01-08 00:00:00+00:00,23.528621156338623
2022-01-09 00:00:00+00:00,23.125593628720384
2022-01-10 00:00:00+00:00,23.397703624184793
2022-01-11 00:00:00+00:00,22.661061316915674
2022-01-12 00:00:00+00:00,23.867550126959657
2022-01-13 00:00:00+00:00,25.32835049904982
2022-01-14 00:00:00+00:00,24.566780694665162
2022-01-15 00:00:00+00:00,25.313919808897488
2022-01-16 00:00:00+00:00,25.58757416515592
2022-01-17 00:00:00+00:00,25.6743346794214
2022-01-18 00:00:00+00:00,25.213898552816048
2022-01-19 00:00:00+00:00,24.611454109460553
2022-01-20 00:00:00+00:00,23.8148047954476
2022-01-21 00:00:00+00:00,22.810499858002217
2022-01-22 00:00:00+00:00,19.907168083077792
2022-01-23 00:00:00+00:00,18.54270911833839
2022-01-24 00:00:00+00:00,19.48682266246944
2022-01-25 00:00:00+00:00,18.89500827374026
2022-01-26 00:00:00+00:00,19.268832218513953
2022-01-27 00:00:00+00:00,19.113743400819423
2022-01-28 00:00:00+00:00,18.96433444552941
2022-01-29 00:00:00+00:00,19.269655817032515
2022-01-30 00:00:00+00:00,19.711253182075854
2022-01-31 00:00:00+00:00,19.237891424335512
2022-02-01 00:00:00+00:00,19.763846272015076
2022-02-02 00:00:00+00:00,20.44020328681492
2022-02-03 00:00:00+00:00,19.377983719693088
2022-02-04 00:00:00+00:00,19.46158594998414
2022-02-05 00:00:00+00:00,21.402375530333302
2022-02-06 00:00:00+00:00,21.654262186961194
2022-02-07 00:00:00+00:00,22.14648637807593
2022-02-08 00:00:00+00:00,23.496661428270706
2022-02-09 00:00:00+00:00,23.247411927284094
2022-02-10 00:00:00+00:00,23.7020639882492
2022-02-11 00:00:00+00:00,22.827317900693288
2022-02-12 00:00:00+00:00,21.3309061681882
2022-02-13 00:00:00+00:00,21.4053653420019
2022-02-14 00:00:00+00:00,21.24262070765602
2022-02-15 00:00:00+00:00,21.400017950688092
2022-02-16 00:00:00+00:00,22.912830444230703
2022-02-17 00:00:00+00:00,22.60941295668159
2022-02-18 00:00:00+00:00,20.864992464915133
2022-02-19 00:00:00+00:00,20.54551351112694
2022-02-20 00:00:00+00:00,20.756297640191335
2022-02-21 00:00:00+00:00,19.742101034709847
2022-02-22 00:00:00+00:00,18.460804478643162
2022-02-23 00:00:00+00:00,19.138970449434346
2022-02-24 00:00:00+00:00,18.723344574657073
2022-02-25 00:00:00+00:00,18.766013365207534
2022-02-26 00:00:00+00:00,19.781349055220105
2022-02-27 00:00:00+00:00,19.712458981148277
2022-02-28 00:00:00+00:00,18.862874243979004
2022-03-01 00:00:00+00:00,20.936461626348372
2022-03-02 00:00:00+00:00,21.16728963533881
2022-03-03 00:00:00+00:00,20.885251516796913
2022-03-04 00:00:00+00:00,20.26677219187619
2022-03-05 00:00:00+00:00,18.897496247424748
2022-03-06 00:00:00+00:00,19.401982866633602
2022-03-07 00:00:00+00:00,18.65742740689469
2022-03-08 00:00:00+00:00,18.314286159962474
2022-03-09 00:00:00+00:00,18.521569954957513
2022-03-10 00:00:00+00:00,19.620217058663208
2022-03-11 00:00:00+00:00,18.68243015660719
2022-03-12 00:00:00+00:00,18.71876174727934
2022-03-13 00:00:00+00:00,18.76985949637202
2022-03-14 00:00:00+00:00,18.213732131289717
2022-03-15 00:00:00+00:00,18.680062896252206
2022-03-16 00:00:00+00:00,18.741811272628702
2022-03-17 00:00:00+00:00,19.66508985416646
2022-03-18 00:00:00+00:00,19.815115589414667
2022-03-19 00:00:00+00:00,20.332868381145808
2022-03-20 00:00:00+00:00,20.84354190036122
2022-03-21 00:00:00+00:00,20.23592120247136
2022-03-22 00:00:00+00:00,20.532951853884864
2022-03-23 00:00:00+00:00,21.151008588757165
2022-03-24 00:00:00+00:00,21.842620783734226
2022-03-25 00:00:00+00:00,22.469272822548685
2022-03-26 00:00:00+00:00,21.982701988921786
2022-03-27 00:00:00+00:00,22.425429785176853
2022-03-28 00:00:00+00:00,23.420993100632867
2022-03-29 00:00:00+00:00,23.355893916579
2022-03-30 00:00:00+00:00,23.806314613611953
2022-03-31 00:00:00+00:00,24.118574556460413
2022-04-01 00:00:00+00:00,23.345265106565247
2022-04-02 00:00:00+00:00,24.07765112081765
2022-04-03 00:00:00+00:00,23.963210899265874
2022-04-04 00:00:00+00:00,24.59337039600334
2022-04-05 00:00:00+00:00,24.372687182955055
2022-04-06 00:00:00+00:00,24.199845990761656
2022-04-07 00:00:00+00:00,22.0224073134935
2022-04-08 00:00:00+00:00,22.718717397747252
2022-04-09 00:00:00+00:00,21.788831259059272
2022-04-10 00:00:00+00:00,22.162925362029984
2022-04-11 00:00:00+00:00,21.93733768598822
2022-04-12 00:00:00+00:00,19.992880094985477
2022-04-13 00:00:00+00:00,20.623739415907743
2022-04-14 00:00:00+00:00,21.14521582264463
2022-04-15 00:00:00+00:00,20.689384212833133
2022-04-16 00:00:00+00:00,21.14732871765502
2022-04-17 00:00:00+00:00,21.238393598261126
2022-04-18 00:00:00+00:00,20.563248691008397
2022-04-19 00:00:00+00:00,20.998673367565253
2022-04-20 00:00:00+00:00,21.50483544610489
2022-04-21 00:00:00+00:00,21.2103102894364
2022-04-22 00:00:00+00:00,20.496443001675026
2022-04-23 00:00:00+00:00,20.353480709513484
2022-04-24 00:00:00+00:00,20.198628162941667
2022-04-25 00:00:00+00:00,19.95469300320654
2022-04-26 00:00:00+00:00,20.573057449714423
2022-04-27 00:00:00+00:00,19.115165342127206
2022-04-28 00:00:00+00:00,19.514474437191186
2022-04-29 00:00:00+00:00,19.556041307770652
2022-04-30 00:00:00+00:00,18.81839346019009
2022-05-01 00:00:00+00:00,17.73473356879519
2022-05-02 00:00:00+00:00,18.414356027047155
2022-05-03 00:00:00+00:00,18.376700220870195
2022-05-04 00:00:00+00:00,18.076443346223698
2022-05-05 00:00:00+00:00,19.54800106161233
2022-05-06 00:00:00+00:00,17.90594529585615
2022-05-07 00:00:00+00:00,17.677651262684055
2022-05-08 00:00:00+00:00,17.215924400097474
2022-05-09 00:00:00+00:00,16.568898832483463
2022-05-10 00:00:00+00:00,14.073728729492515
2022-05-11 00:00:00+00:00,14.63672579748041
2022-05-12 00:00:00+00:00,11.906226132493211
2022-05-13 00:00:00+00:00,11.450698635673707
2022-05-14 00:00:00+00:00,12.33116558056796
2022-05-15 00:00:00+00:00,12.80595415471897
2022-05-16 00:00:00+00:00,13.53272571939848
2022-05-17 00:00:00+00:00,12.622020036567509
2022-05-18 00:00:00+00:00,13.172998894805719
2022-05-19 00:00:00+00:00,11.878602996725729
2022-05-20 00:00:00+00:00,12.523421662374586
2022-05-21 00:00:00+00:00,12.07973575966401
2022-05-22 00:00:00+00:00,12.29127992196308
2022-05-23 00:00:00+00:00,12.67278619510052
2022-05-24 00:00:00+00:00,12.135271159134769
2022-05-25 00:00:00+00:00,12.290178498601113
2022-05-26 00:00:00+00:00,12.039640995592658
2022-05-27 00:00:00+00:00,11.2675518259176
2022-05-28 00:00:00+00:00,10.933997547227332
2022-05-29 00:00:00+00:00,11.383480488032081
2022-05-30 00:00:00+00:00,11.575131663166971
2022-05-31 00:00:00+00:00,12.478958192224102
2022-06-01 00:00:00+00:00,12.478856427142242
2022-06-02 00:00:00+00:00,11.453002857093038
2022-06-03 00:00:00+00:00,11.745409102839622
2022-06-04 00:00:00+00:00,11.264646883737294
2022-06-05 00:00:00+00:00,11.465420693335723
2022-06-06 00:00:00+00:00,11.413235861611032
2022-06-07 00:00:00+00:00,11.846821581170904
2022-06-08 00:00:00+00:00,11.628974778051614
2022-06-09 00:00:00+00:00,11.477857020754728
2022-06-10 00:00:00+00:00,11.483031417238921
2022-06-11 00:00:00+00:00,10.800903036427673
2022-06-12 00:00:00+00:00,10.063536829881864
2022-06-13 00:00:00+00:00,9.34136368325859
2022-06-14 00:00:00+00:00,8.285053060597225
2022-06-15 00:00:00+00:00,8.552521569409317
2022-06-16 00:00:00+00:00,9.30410473891848
2022-06-17 00:00:00+00:00,8.190328203702991
2022-06-18 00:00:00+00:00,8.427695957304849
2022-06-19 00:00:00+00:00,8.00864897290513
2022-06-20 00:00:00+00:00,8.74331739438168
2022-06-21 00:00:00+00:00,8.87760004611462
2022-06-22 00:00:00+00:00,8.946683993971426
2022-06-23 00:00:00+00:00,8.581627321510814
2022-06-24 00:00:00+00:00,9.190361626581309
2022-06-25 00:00:00+00:00,9.766410653813505
2022-06-26 00:00:00+00:00,9.862315573286649
2022-06-27 00:00:00+00:00,9.62375194505287
2022-06-28 00:00:00+00:00,9.476544739798582
2022-06-29 00:00:00+00:00,8.98191372701734
2022-06-30 00:00:00+00:00,8.841001028072881
2022-07-01 00:00:00+00:00,8.640553006234498
2022-07-02 00:00:00+00:00,8.523413404146757
2022-07-03 00:00:00+00:00,8.546020244007604
2022-07-04 00:00:00+00:00,8.606631207335859
2022-07-05 00:00:00+00:00,9.044924793393031
2022-07-06 00:00:00+00:00,8.842297759929643
2022-07-07 00:00:00+00:00,9.102573425083644
2022-07-08 00:00:00+00:00,9.459875660533289
2022-07-09 00:00:00+00:00,9.39711594616197
2022-07-10 00:00:00+00:00,9.43616789398438
2022-07-11 00:00:00+00:00,9.065261987963463
2022-07-12 00:00:00+00:00,8.5161556079731
2022-07-13 00:00:00+00:00,8.276262051007336
2022-07-14 00:00:00+00:00,8.698959358810816
2022-07-15 00:00:00+00:00,9.005919296359576
2022-07-16 00:00:00+00:00,9.066438686691157
2022-07-17 00:00:00+00:00,9.55812837148065
2022-07-18 00:00:00+00:00,9.41174131858761
2022-07-19 00:00:00+00:00,10.325272576150423
2022-07-20 00:00:00+00:00,10.532540278306483
2022-07-21 00:00:00+00:00,10.266044734173866
2022-07-22 00:00:00+00:00,10.44188788911392
2022-07-23 00:00:00+00:00,10.108255838492648
2022-07-24 00:00:00+00:00,10.186541509088489
2022-07-25 00:00:00+00:00,10.297003766603767
2022-07-26 00:00:00+00:00,9.469128467965222
2022-07-27 00:00:00+00:00,9.401753931599382
2022-07-28 00:00:00+00:00,10.331942488802833
2022-07-29 00:00:00+00:00,10.752104812741994
2022-07-30 00:00:00+00:00,10.86854093170732
2022-07-31 00:00:00+00:00,10.872279640891156
2022-08-01 00:00:00+00:00,10.7790205618138
2022-08-02 00:00:00+00:00,10.643264159091494
2022-08-03 00:00:00+00:00,10.45217217750099
2022-08-04 00:00:00+00:00,10.42830953317254
2022-08-05 00:00:00+00:00,10.558543475924214
2022-08-06 00:00:00+00:00,10.98361868992143
2022-08-07 00:00:00+00:00,10.935678104168796
2022-08-08 00:00:00+00:00,11.09126042104082
2022-08-09 00:00:00+00:00,11.39101520616891
2022-08-10 00:00:00+00:00,11.052320701339992
2022-08-11 00:00:00+00:00,11.539180178368305
2022-08-12 00:00:00+00:00,11.481256091970222
2022-08-13 00:00:00+00:00,11.768470895974056
2022-08-14 00:00:00+00:00,11.83507131027869
2022-08-15 00:00:00+00:00,11.807619628338804
2022-08-16 00:00:00+00:00,11.569952447602988
2022-08-17 00:00:00+00:00,11.675788792636242
2022-08-18 00:00:00+00:00,11.233405870009658
2022-08-19 00:00:00+00:00,10.929506937539415
2022-08-20 00:00:00+00:00,9.886377374796655
2022-08-21 00:00:00+00:00,9.868071240992812
2022-08-22 00:00:00+00:00,10.16584299723786
2022-08-23 00:00:00+00:00,10.087914473302032
2022-08-24 00:00:00+00:00,10.225730183891969
2022-08-25 00:00:00+00:00,10.103786729232164
2022-08-26 00:00:00+00:00,10.221534297050052
2022-08-27 00:00:00+00:00,9.404843680048618
2022-08-28 00:00:00+00:00,9.420169157904043
2022-08-29 00:00:00+00:00,9.146500340165062
2022-08-30 00:00:00+00:00,9.562935278987894
2022-08-31 00:00:00+00:00,9.332136918111686
2022-09-01 00:00:00+00:00,9.337071557501618
2022-09-02 00:00:00+00:00,9.531885838592219
2022-09-03 00:00:00+00:00,9.511603493184628
2022-09-04 00:00:00+00:00,9.543020565847314
2022-09-05 00:00:00+00:00,9.694786056228505
2022-09-06 00:00:00+00:00,9.705336391946066
2022-09-07 00:00:00+00:00,9.169122960957354
2022-09-08 00:00:00+00:00,9.57357285288452
2022-09-09 00:00:00+00:00,9.655300903210886
2022-09-10 00:00:00+00:00,10.178581890254483
2022-09-11 00:00:00+00:00,10.348058330145248
2022-09-12 00:00:00+00:00,10.254569333277475
2022-09-13 00:00:00+00:00,10.334067667063065
2022-09-14 00:00:00+00:00,9.535115738892994
2022-09-15 00:00:00+00:00,9.747508273853345
2022-09-16 00:00:00+00:00,9.295997812430986
2022-09-17 00:00:00+00:00,9.367738855523687
2022-09-18 00:00:00+00:00,9.658323584722853
2022-09-19 00:00:00+00:00,8.97158697090107
2022-09-20 00:00:00+00:00,9.195889821030606
2022-09-21 00:00:00+00:00,9.038346209638057
2022-09-22 00:00:00+00:00,8.86312111631439
2022-09-23 00:00:00+00:00,9.459454584754159
2022-09-24 00:00:00+00:00,9.621848868946348
2022-09-25 00:00:00+00:00,9.466148128714217
2022-09-26 00:00:00+00:00,9.327920700865986
2022-09-27 00:00:00+00:00,9.44734647928133
2022-09-28 00:00:00+00:00,9.302376280279159
2022-09-29 00:00:00+00:00,9.381336184206017
2022-09-30 00:00:00+00:00,9.492819535868103
2022-10-01 00:00:00+00:00,9.429830118341853
2022-10-02 00:00:00+00:00,9.320336601633734
2022-10-03 00:00:00+00:00,9.13404455704398
2022-10-04 00:00:00+00:00,9.38909469267335
2022-10-05 00:00:00+00:00,9.709386316947304
2022-10-06 00:00:00+00:00,9.643266266425128
2022-10-07 00:00:00+00:00,9.514421579658917
2022-10-08 00:00:00+00:00,9.428580178048854
2022-10-09 00:00:00+00:00,9.384262953723026
2022-10-10 00:00:00+00:00,9.497314075690548
2022-10-11 00:00:00+00:00,9.170896768430204
2022-10-12 00:00:00+00:00,9.04597803649819
2022-10-13 00:00:00+00:00,9.04948237604628
2022-10-14 00:00:00+00:00,8.978264514502266
2022-10-15 00:00:00+00:00,8.917467087711623
2022-10-16 00:00:00+00:00,8.83190125408278
2022-10-17 00:00:00+00:00,8.957800446653797
2022-10-18 00:00:00+00:00,9.109406713788903
2022-10-19 00:00:00+00:00,8.95867110564391
2022-10-20 00:00:00+00:00,8.736428695589861
2022-10-21 00:00:00+00:00,8.652329736675405
2022-10-22 00:00:00+00:00,8.753842835768692
2022-10-23 00:00:00+00:00,8.794401736909625
2022-10-24 00:00:00+00:00,9.023835579621982
2022-10-25 00:00:00+00:00,8.841067296260809
2022-10-26 00:00:00+00:00,9.447840740791355
2022-10-27 00:00:00+00:00,9.771402509415443
2022-10-28 00:00:00+00:00,9.643430217254114
2022-10-29 00:00:00+00:00,10.021747870803505
2022-10-30 00:00:00+00:00,10.610420396352414
2022-10-31 00:00:00+00:00,10.520362898711042
2022-11-01 00:00:00+00:00,10.688583694701597
2022-11-02 00:00:00+00:00,10.734225323406005
2022-11-03 00:00:00+00:00,10.456310672899628
2022-11-04 00:00:00+00:00,10.533757073353852
2022-11-05 00:00:00+00:00,11.342331035400301
2022-11-06 00:00:00+00:00,11.441276588694137
2022-11-07 00:00:00+00:00,10.896210931858732
2022-11-08 00:00:00+00:00,10.743356411360587
2022-11-09 00:00:00+00:00,9.419728466348003
2022-11-10 00:00:00+00:00,7.61186029750205
2022-11-11 00:00:00+00:00,9.003237970160118
2022-11-12 00:00:00+00:00,8.685695580556589
2022-11-13 00:00:00+00:00,8.362021346337407
2022-11-14 00:00:00+00:00,8.074944093942737
2022-11-15 00:00:00+00:00,8.266068228521
2022-11-16 00:00:00+00:00,8.3995262839211
2022-11-17 00:00:00+00:00,8.240888498450007
2022-11-18 00:00:00+00:00,8.212598266133124
2022-11-19 00:00:00+00:00,8.225019846609582
2022-11-20 00:00:00+00:00,8.211029808608842
2022-11-21 00:00:00+00:00,7.815193918351103
2022-11-22 00:00:00+00:00,7.626651691537425
2022-11-23 00:00:00+00:00,7.95166883766062
2022-11-24 00:00:00+00:00,8.469368015212229
2022-11-25 00:00:00+00:00,8.51925242096094
2022-11-26 00:00:00+00:00,8.499778837077345
2022-11-27 00:00:00+00:00,8.528623177359043
2022-11-28 00:00:00+00:00,8.595456167329695
2022-11-29 00:00:00+00:00,8.345456328206359
2022-11-30 00:00:00+00:00,8.538176348535922
2022-12-01 00:00:00+00:00,8.907349211023778
2022-12-02 00:00:00+00:00,8.67107628947291
2022-12-03 00:00:00+00:00,8.82171785701199
2022-12-04 00:00:00+00:00,8.657613673444605
2022-12-05 00:00:00+00:00,8.83641656588983
2022-12-06 00:00:00+00:00,8.763255868392763
2022-12-07 00:00:00+00:00,8.8003396785989
2022-12-08 00:00:00+00:00,8.528517252528566
2022-12-09 00:00:00+00:00,8.71165139854975
2022-12-10 00:00:00+00:00,8.60652759797818
2022-12-11 00:00:00+00:00,8.595676847532124
2022-12-12 00:00:00+00:00,8.473733961544239
2022-12-13 00:00:00+00:00,8.435657844326633
2022-12-14 00:00:00+00:00,8.625719594647746
2022-12-15 00:00:00+00:00,8.544991133693799
2022-12-16 00:00:00+00:00,8.290787849732132
2022-12-17 00:00:00+00:00,7.518959353277874
2022-12-18 00:00:00+00:00,7.6628894194063335
2022-12-19 00:00:00+00:00,7.641934958107831
2022-12-20 00:00:00+00:00,7.337477275741477
2022-12-21 00:00:00+00:00,7.612123449633811
2022-12-22 00:00:00+00:00,7.494238761289164
2022-12-23 00:00:00+00:00,7.55753343334391
2022-12-24 00:00:00+00:00,7.5649316641732485
2022-12-25 00:00:00+00:00,7.530952056834918
2022-12-26 00:00:00+00:00,7.53741444977675
2022-12-27 00:00:00+00:00,7.62159443616465
2022-12-28 00:00:00+00:00,7.5280253643800865
2022-12-29 00:00:00+00:00,7.228737853630604
2022-12-30 00:00:00+00:00,7.200468845864942
2022-12-31 00:00:00+00:00,7.20664016511768
2023-01-01 00:00:00+00:00,7.24208530360986
2023-01-02 00:00:00+00:00,7.264822745900152
2023-01-03 00:00:00+00:00,7.498544755631447
2023-01-04 00:00:00+00:00,7.6488693425605785
2023-01-05 00:00:00+00:00,7.876197077396648
2023-01-06 00:00:00+00:00,7.787763249677285
2023-01-07 00:00:00+00:00,7.908677384317107
2023-01-08 00:00:00+00:00,7.874387702260666
2023-01-09 00:00:00+00:00,8.11393178507036
2023-01-10 00:00:00+00:00,8.429577662555092
2023-01-11 00:00:00+00:00,8.52763634362556
2023-01-12 00:00:00+00:00,8.984566291856199
2023-01-13 00:00:00+00:00,9.107050795835306
2023-01-14 00:00:00+00:00,9.477030717760156
2023-01-15 00:00:00+00:00,10.201593286384629
2023-01-16 00:00:00+00:00,10.036674203540388
2023-01-17 00:00:00+00:00,10.030392755528348
2023-01-18 00:00:00+00:00,10.051647394491214
2023-01-19 00:00:00+00:00,9.577357359320006
2023-01-20 00:00:00+00:00,9.813920063382229
2023-01-21 00:00:00+00:00,10.590418465997669
2023-01-22 00:00:00+00:00,10.413605731104676
2023-01-23 00:00:00+00:00,10.499046950472032
2023-01-24 00:00:00+00:00,10.728550064728593
2023-01-25 00:00:00+00:00,10.252776594854012
2023-01-26 00:00:00+00:00,10.64614567226952
2023-01-27 00:00:00+00:00,10.604220907269406
2023-01-28 00:00:00+00:00,10.887346796259457
2023-01-29 00:00:00+00:00,10.751264930287238
2023-01-30 00:00:00+00:00,11.191118992652921
2023-01-31 00:00:00+00:00,10.632326273990643
2023-02-01 00:00:00+00:00,10.913038724255113
2023-02-02 00:00:00+00:00,11.222753121151081
2023-02-03 00:00:00+00:00,11.187150165993451
2023-02-04 00:00:00+00:00,11.370529681946739
2023-02-05 00:00:00+00:00,11.309732698913308
2023-02-06 00:00:00+00:00,11.006377970465495
2023-02-07 00:00:00+00:00,10.813041497702942
2023-02-08 00:00:00+00:00,11.273252726977448
2023-02-09 00:00:00+00:00,11.038869011887464
2023-02-10 00:00:00+00:00,10.178480170621802
2023-02-11 00:00:00+00:00,10.126579629131909
2023-02-12 00:00:00+00:00,10.300500689965094
2023-02-13 00:00:00+00:00,10.208598702420728
2023-02-14 00:00:00+00:00,10.06310557024005
2023-02-15 00:00:00+00:00,10.398002922922352
2023-02-16 00:00:00+00:00,11.17004324891026
2023-02-17 00:00:00+00:00,10.72316725198699
2023-02-18 00:00:00+00:00,11.167861356016845
2023-02-19 00:00:00+00:00,11.192427074831512
2023-02-20 00:00:00+00:00,11.161494116000092
2023-02-21 00:00:00+00:00,11.37750429586646
2023-02-22 00:00:00+00:00,11.12360554822226
2023-02-23 00:00:00+00:00,11.045485407992857
2023-02-24 00:00:00+00:00,10.92633096333792
2023-02-25 00:00:00+00:00,10.490130775717775
2023-02-26 00:00:00+00:00,10.422583827229085
2023-02-27 00:00:00+00:00,10.639554850274516
2023-02-28 00:00:00+00:00,10.519416415933897
2023-03-01 00:00:00+00:00,10.30273027949084
2023-03-02 00:00:00+00:00,10.563832292855075
2023-03-03 00:00:00+00:00,10.361529123335593
2023-03-04 00:00:00+00:00,10.000417536772456
2023-03-05 00:00:00+00:00,9.847574577678728
2023-03-06 00:00:00+00:00,9.856884531921551
2023-03-07 00:00:00+00:00,9.8103998192057
2023-03-08 00:00:00+00:00,9.759248830680358
2023-03-09 00:00:00+00:00,9.422960821770193
2023-03-10 00:00:00+00:00,8.9371938580948
2023-03-11 00:00:00+00:00,8.975790216474604
2023-03-12 00:00:00+00:00,8.906582178065912
2023-03-13 00:00:00+00:00,9.616903572302885
2023-03-14 00:00:00+00:00,10.009923106557602
2023-03-15 00:00:00+00:00,10.212445822493502
2023-03-16 00:00:00+00:00,9.68336970573037
2023-03-17 00:00:00+00:00,9.98182697653801
2023-03-18 00:00:00+00:00,10.67968335166612
2023-03-19 00:00:00+00:00,10.40610839043654
2023-03-20 00:00:00+00:00,10.692764522697933
2023-03-21 00:00:00+00:00,10.337137272936326
2023-03-22 00:00:00+00:00,11.0158979911184
2023-03-23 00:00:00+00:00,10.637720195338737
2023-03-24 00:00:00+00:00,11.092709213384504
2023-03-25 00:00:00+00:00,10.690489111235395
2023-03-26 00:00:00+00:00,10.672750612323366
2023-03-27 00:00:00+00:00,10.795294179801408
2023-03-28 00:00:00+00:00,10.521227256305368
2023-03-29 00:00:00+00:00,10.800212805520243
2023-03-30 00:00:00+00:00,11.09832890247863
2023-03-31 00:00:00+00:00,10.967129807601692
2023-04-01 00:00:00+00:00,11.225412741610691
2023-04-02 00:00:00+00:00,11.245733133714653
2023-04-03 00:00:00+00:00,11.10294055181537
2023-04-04 00:00:00+00:00,11.28460731609429
2023-04-05 00:00:00+00:00,11.413848308405186
2023-04-06 00:00:00+00:00,11.460461629820955
2023-04-07 00:00:00+00:00,11.233364832702238
2023-04-08 00:00:00+00:00,11.156200238477675
2023-04-09 00:00:00+00:00,11.071801882675901
2023-04-10 00:00:00+00:00,11.178142025498548
2023-04-11 00:00:00+00:00,11.453456498087844
2023-04-12 00:00:00+00:00,11.648272746131614
2023-04-13 00:00:00+00:00,11.634769415856985
2023-04-14 00:00:00+00:00,11.999621965014047
2023-04-15 00:00:00+00:00,12.230341175892747
2023-04-16 00:00:00+00:00,12.248754528381788
2023-04-17 00:00:00+00:00,12.509968639548816
2023-04-18 00:00:00+00:00,12.310700860436826
2023-04-19 00:00:00+00:00,12.612602245076978
2023-04-20 00:00:00+00:00,11.611463490585471
2023-04-21 00:00:00+00:00,11.348191344505208
2023-04-22 00:00:00+00:00,10.845851839966373
2023-04-23 00:00:00+00:00,11.138635005522278
2023-04-24 00:00:00+00:00,10.997408600538652
2023-04-25 00:00:00+00:00,10.968235850617477
2023-04-26 00:00:00+00:00,11.245282261456122
2023-04-27 00:00:00+00:00,11.058067304589105
2023-04-28 00:00:00+00:00,11.328788468316231
2023-04-29 00:00:00+00:00,11.346563238411632
2023-04-30 00:00:00+00:00,11.356525314293943
2023-05-01 00:00:00+00:00,11.285635766752533
2023-05-02 00:00:00+00:00,10.959007329303363
2023-05-03 00:00:00+00:00,11.043392784493147
2023-05-04 00:00:00+00:00,11.1413733899834
2023-05-05 00:00:00+00:00,11.008866419008884
2023-05-06 00:00:00+00:00,11.294545365500792
2023-05-07 00:00:00+00:00,10.900262294912665
2023-05-08 00:00:00+00:00,10.86108888612598
2023-05-09 00:00:00+00:00,10.350952899808414
2023-05-10 00:00:00+00:00,10.352261962327587
2023-05-11 00:00:00+00:00,10.465935930682575
2023-05-12 00:00:00+00:00,10.215648905095229
2023-05-13 00:00:00+00:00,10.326402098297997
2023-05-14 00:00:00+00:00,10.263288569480537
2023-05-15 00:00:00+00:00,10.339547776914829
2023-05-16 00:00:00+00:00,10.423537067653921
2023-05-17 00:00:00+00:00,10.444494045523598
2023-05-18 00:00:00+00:00,10.638535977075719
2023-05-19 00:00:00+00:00,10.47477594905369
2023-05-20 00:00:00+00:00,10.506141959142209
2023-05-21 00:00:00+00:00,10.525417005961051
2023-05-22 00:00:00+00:00,10.3503351612089
2023-05-23 00:00:00+00:00,10.42539147658214
2023-05-24 00:00:00+00:00,10.541802065841171
2023-05-25 00:00:00+00:00,10.201100749471477
2023-05-26 00:00:00+00:00,10.188688429050952
2023-05-27 00:00:00+00:00,10.306208310159027
2023-05-28 00:00:00+00:00,10.453574197869045
2023-05-29 00:00:00+00:00,10.77852656448276
2023-05-30 00:00:00+00:00,10.685768902615962
2023-05-31 00:00:00+00:00,10.77956378951772
2023-06-01 00:00:00+00:00,10.617688677112772
2023-06-02 00:00:00+00:00,10.533848025383739
2023-06-03 00:00:00+00:00,10.770105120803999
2023-06-04 00:00:00+00:00,10.74848064922115
2023-06-05 00:00:00+00:00,10.836557060155192
2023-06-06 00:00:00+00:00,10.13645431561533
2023-06-07 00:00:00+00:00,10.475167209070468
2023-06-08 00:00:00+00:00,9.977461049305695
2023-06-09 00:00:00+00:00,10.025613947435687
2023-06-10 00:00:00+00:00,9.87656966247781
2023-06-11 00:00:00+00:00,9.046376483834663
2023-06-12 00:00:00+00:00,9.020759131763388
2023-06-13 00:00:00+00:00,8.994442312685049
2023-06-14 00:00:00+00:00,9.048528808571177
2023-06-15 00:00:00+00:00,8.71033379993297
2023-06-16 00:00:00+00:00,8.732771394644786
2023-06-17 00:00:00+00:00,8.87417628322324
2023-06-18 00:00:00+00:00,8.978943060701246
2023-06-19 00:00:00+00:00,8.937030792265265
2023-06-20 00:00:00+00:00,9.016722763712629
2023-06-21 00:00:00+00:00,9.29239631713394
2023-06-22 00:00:00+00:00,9.719228949965247
2023-06-23 00:00:00+00:00,9.624274080447874
2023-06-24 00:00:00+00:00,9.908151218431769
2023-06-25 00:00:00+00:00,9.721145898540279
2023-06-26 00:00:00+00:00,9.825406464039377
2023-06-27 00:00:00+00:00,9.599095333637983
2023-06-28 00:00:00+00:00,9.719166069109361
2023-06-29 00:00:00+00:00,9.295705513589319
2023-06-30 00:00:00+00:00,9.579308720447617
2023-07-01 00:00:00+00:00,10.10171799272827
2023-07-02 00:00:00+00:00,10.184861012559487
2023-07-03 00:00:00+00:00,10.334054701237127
2023-07-04 00:00:00+00:00,10.321702927521114
2023-07-05 00:00:00+00:00,10.239107977209263
2023-07-06 00:00:00+00:00,10.027847799947692
2023-07-07 00:00:00+00:00,9.814385993470761
2023-07-08 00:00:00+00:00,10.012100309185593
2023-07-09 00:00:00+00:00,10.137105711901903
2023-07-10 00:00:00+00:00,10.027438640611125
2023-07-11 00:00:00+00:00,10.124585406620293
2023-07-12 00:00:00+00:00,10.204820882006631
2023-07-13 00:00:00+00:00,10.115882342362656
2023-07-14 00:00:00+00:00,11.720875582663087
2023-07-15 00:00:00+00:00,11.320711818373049
2023-07-16 00:00:00+00:00,11.410092394262769
2023-07-17 00:00:00+00:00,11.254060292328044
2023-07-18 00:00:00+00:00,11.218366954469564
2023-07-19 00:00:00+00:00,11.059279349527666
2023-07-20 00:00:00+00:00,11.272590577912688
2023-07-21 00:00:00+00:00,11.191918645672876
2023-07-22 00:00:00+00:00,11.280069051398758
2023-07-23 00:00:00+00:00,10.95641882157599
2023-07-24 00:00:00+00:00,11.117387401208333
2023-07-25 00:00:00+00:00,10.813081964566358
2023-07-26 00:00:00+00:00,10.930371946372196
2023-07-27 00:00:00+00:00,11.027894331083537
2023-07-28 00:00:00+00:00,10.996475835209303
2023-07-29 00:00:00+00:00,11.026830913443945
2023-07-30 00:00:00+00:00,11.146996245841503
2023-07-31 00:00:00+00:00,11.032763011770237
2023-08-01 00:00:00+00:00,10.896286068635849
2023-08-02 00:00:00+00:00,11.00419818222339
2023-08-03 00:00:00+00:00,10.649348303176486
2023-08-04 00:00:00+00:00,10.488707812813958
2023-08-05 00:00:00+00:00,10.436998352834156
2023-08-06 00:00:00+00:00,10.46589178071249
2023-08-07 00:00:00+00:00,10.454609111735882
2023-08-08 00:00:00+00:00,10.414249989808937
2023-08-09 00:00:00+00:00,10.670165121567841
2023-08-10 00:00:00+00:00,10.680434605308287
2023-08-11 00:00:00+00:00,10.60022293620946
2023-08-12 00:00:00+00:00,10.579537765590327
2023-08-13 00:00:00+00:00,10.596589416192318
2023-08-14 00:00:00+00:00,10.481668068462804
2023-08-15 00:00:00+00:00,10.557845919089111
2023-08-16 00:00:00+00:00,10.220611916886222
2023-08-17 00:00:00+00:00,9.892935685149181
2023-08-18 00:00:00+00:00,9.068079812598036
2023-08-19 00:00:00+00:00,9.122106986502457
2023-08-20 00:00:00+00:00,9.208023168196945
2023-08-21 00:00:00+00:00,9.269755123741422
2023-08-22 00:00:00+00:00,9.108538041024518
2023-08-23 00:00:00+00:00,8.990830906223517
2023-08-24 00:00:00+00:00,9.213527447501535
2023-08-25 00:00:00+00:00,9.08424871035182
2023-08-26 00:00:00+00:00,9.062624853375361
2023-08-27 00:00:00+00:00,9.038082119895014
2023-08-28 00:00:00+00:00,9.10344826314972
2023-08-29 00:00:00+00:00,9.155130877432855
2023-08-30 00:00:00+00:00,9.526890361829128
2023-08-31 00:00:00+00:00,9.31305723041043
2023-09-01 00:00:00+00:00,8.912696513453286
2023-09-02 00:00:00+00:00,8.823564228662848
2023-09-03 00:00:00+00:00,8.86257905379539
2023-09-04 00:00:00+00:00,8.866683124721039
2023-09-05 00:00:00+00:00,8.857576271300328
2023-09-06 00:00:00+00:00,8.900040073989354
2023-09-07 00:00:00+00:00,8.867323240688808
2023-09-08 00:00:00+00:00,8.934450497520574
2023-09-09 00:00:00+00:00,8.85468161732943
2023-09-10 00:00:00+00:00,8.830895396349288
2023-09-11 00:00:00+00:00,8.625419933893127
2023-09-12 00:00:00+00:00,8.344058510628443
2023-09-13 00:00:00+00:00,8.480889140986264
2023-09-14 00:00:00+00:00,8.581781563530358
2023-09-15 00:00:00+00:00,8.679149321583932
2023-09-16 00:00:00+00:00,8.805783657283495
2023-09-17 00:00:00+00:00,8.787443132765622
2023-09-18 00:00:00+00:00,8.667958158901563
2023-09-19 00:00:00+00:00,8.796665274313016
2023-09-20 00:00:00+00:00,8.9235848717161
2023-09-21 00:00:00+00:00,8.84702019883705
2023-09-22 00:00:00+00:00,8.645725533717512
2023-09-23 00:00:00+00:00,8.66539508933501
2023-09-24 00:00:00+00:00,8.675363339486884
2023-09-25 00:00:00+00:00,8.568436020462892
2023-09-26 00:00:00+00:00,8.647984863282627
2023-09-27 00:00:00+00:00,8.616769429584435
2023-09-28 00:00:00+00:00,8.601486746799495
2023-09-29 00:00:00+00:00,8.820298157462624
2023-09-30 00:00:00+00:00,8.87284951163238
2023-10-01 00:00:00+00:00,8.944557554250219
2023-10-02 00:00:00+00:00,9.317204338041368
2023-10-03 00:00:00+00:00,9.081146342479016
2023-10-04 00:00:00+00:00,9.093971236937366
2023-10-05 00:00:00+00:00,9.120075332432465
2023-10-06 00:00:00+00:00,9.043553126490817
2023-10-07 00:00:00+00:00,9.214158707251478
2023-10-08 00:00:00+00:00,9.140196112871882
2023-10-09 00:00:00+00:00,9.077702315089164
2023-10-10 00:00:00+00:00,8.77539369075009
2023-10-11 00:00:00+00:00,8.753280459459171
2023-10-12 00:00:00+00:00,8.621670819759803
2023-10-13 00:00:00+00:00,8.504355239847538
2023-10-14 00:00:00+00:00,8.57527321165471
2023-10-15 00:00:00+00:00,8.621477668440935
2023-10-16 00:00:00+00:00,8.641874499255888
2023-10-17 00:00:00+00:00,8.913070207986193
2023-10-18 00:00:00+00:00,8.76059681137232
2023-10-19 00:00:00+00:00,8.655510892233778
2023-10-20 00:00:00+00:00,8.84090185755616
2023-10-21 00:00:00+00:00,9.048203866020335
2023-10-22 00:00:00+00:00,9.3113430203858
2023-10-23 00:00:00+00:00,9.437311967580216
2023-10-24 00:00:00+00:00,10.080086197764663
2023-10-25 00:00:00+00:00,10.015639654580795
2023-10-26 00:00:00+00:00,10.156537853527515
2023-10-27 00:00:00+00:00,10.298557889823627
2023-10-28 00:00:00+00:00,10.091035873026868
2023-10-29 00:00:00+00:00,10.173230090533393
2023-10-30 00:00:00+00:00,10.37155394758745
2023-10-31 00:00:00+00:00,10.585274722491544
2023-11-01 00:00:00+00:00,10.64864047743069
2023-11-02 00:00:00+00:00,11.015374481623583
2023-11-03 00:00:00+00:00,10.936309445132125
2023-11-04 00:00:00+00:00,10.982064010407003
2023-11-05 00:00:00+00:00,11.168119525328345
2023-11-06 00:00:00+00:00,11.41948112356335
2023-11-07 00:00:00+00:00,11.886619326996703
2023-11-08 00:00:00+00:00,11.706345916125127
2023-11-09 00:00:00+00:00,11.838592561558478
2023-11-10 00:00:00+00:00,12.070031923202974
2023-11-11 00:00:00+00:00,12.647480050085118
2023-11-12 00:00:00+00:00,12.934782679330205
2023-11-13 00:00:00+00:00,13.072253522338146
2023-11-14 00:00:00+00:00,12.515951900473757
2023-11-15 00:00:00+00:00,12.437542861942674
2023-11-16 00:00:00+00:00,13.403954810818787
2023-11-17 00:00:00+00:00,12.958198288116279
2023-11-18 00:00:00+00:00,13.048634464953986
2023-11-19 00:00:00+00:00,13.03083834565696
2023-11-20 00:00:00+00:00,13.328626024047724
2023-11-21 00:00:00+00:00,13.000310845547295
2023-11-22 00:00:00+00:00,12.180448183783113
2023-11-23 00:00:00+00:00,12.895777823121652
2023-11-24 00:00:00+00:00,12.89157859047049
2023-11-25 00:00:00+00:00,13.022271720547451
2023-11-26 00:00:00+00:00,13.187446968550574
2023-11-27 00:00:00+00:00,13.041564801513246
2023-11-28 00:00:00+00:00,12.774081583041147
2023-11-29 00:00:00+00:00,13.006909961545805
2023-11-30 00:00:00+00:00,12.980074617760815
2023-12-01 00:00:00+00:00,13.10620726761734
2023-12-02 00:00:00+00:00,13.305924555291801
2023-12-03 00:00:00+00:00,13.635511645681795
2023-12-04 00:00:00+00:00,13.602961729611527
2023-12-05 00:00:00+00:00,13.915544844208044
2023-12-06 00:00:00+00:00,14.299211392545313
2023-12-07 00:00:00+00:00,14.487846514757246
2023-12-08 00:00:00+00:00,14.843532171027954
2023-12-09 00:00:00+00:00,16.015596420290706
2023-12-10 00:00:00+00:00,16.014835813073756
2023-12-11 00:00:00+00:00,16.510178016562932
2023-12-12 00:00:00+00:00,15.736249707612055
2023-12-13 00:00:00+00:00,15.870437033469047
2023-12-14 00:00:00+00:00,16.49925657939379
2023-12-15 00:00:00+00:00,16.65696714859561
2023-12-16 00:00:00+00:00,16.037583215879557
2023-12-17 00:00:00+00:00,16.299986618773698
2023-12-18 00:00:00+00:00,15.861014753032721
2023-12-19 00:00:00+00:00,16.075550319687522
2023-12-20 00:00:00+00:00,15.84407231473835
2023-12-21 00:00:00+00:00,16.452029087633267
2023-12-22 00:00:00+00:00,17.45873838505935
2023-12-23 00:00:00+00:00,17.570746529044733
2023-12-24 00:00:00+00:00,17.799337233200735
2023-12-25 00:00:00+00:00,17.67639414769186
2023-12-26 00:00:00+00:00,18.27820362482547
2023-12-27 00:00:00+00:00,17.86274707825185
2023-12-28 00:00:00+00:00,18.21339452548949
2023-12-29 00:00:00+00:00,17.853332553882137
2023-12-30 00:00:00+00:00,17.64242014003209
2023-12-31 00:00:00+00:00,17.543708595881828
2024-01-01 00:00:00+00:00,17.333704660836936
2024-01-02 00:00:00+00:00,18.10111671196707
2024-01-03 00:00:00+00:00,17.87210691968552
2024-01-04 00:00:00+00:00,16.574197790686753
2024-01-05 00:00:00+00:00,17.07701561515564
2024-01-06 00:00:00+00:00,16.5990117099107
2024-01-07 00:00:00+00:00,16.147191551518663
2024-01-08 00:00:00+00:00,15.6938210816181
2024-01-09 00:00:00+00:00,16.66981830862691
2024-01-10 00:00:00+00:00,16.31401597771777
2024-01-11 00:00:00+00:00,17.404503337855562
2024-01-12 00:00:00+00:00,17.58694293761551
2024-01-13 00:00:00+00:00,16.647725672543153
2024-01-14 00:00:00+00:00,16.82636501645368
2024-01-15 00:00:00+00:00,16.424732723281032
2024-01-16 00:00:00+00:00,16.67061365044162
2024-01-17 00:00:00+00:00,16.800688970743863
2024-01-18 00:00:00+00:00,16.68421730015869
2024-01-19 00:00:00+00:00,16.102478505067506
2024-01-20 00:00:00+00:00,16.098425180976374
2024-01-21 00:00:00+00:00,16.355521195451214
2024-01-22 00:00:00+00:00,16.21298611353863
2024-01-23 00:00:00+00:00,15.20879131731472
2024-01-24 00:00:00+00:00,15.125163270065144
2024-01-25 00:00:00+00:00,15.290649730930888
2024-01-26 00:00:00+00:00,15.102674572848647
2024-01-27 00:00:00+00:00,15.680000574516693
2024-01-28 00:00:00+00:00,15.815976880620868
2024-01-29 00:00:00+00:00,15.918834776333746
2024-01-30 00:00:00+00:00,16.450386027526818
2024-01-31 00:00:00+00:00,16.17673146401052
2024-02-01 00:00:00+00:00,15.754660680968405
2024-02-02 00:00:00+00:00,15.927038749343868
2024-02-03 00:00:00+00:00,16.206114515724344
2024-02-04 00:00:00+00:00,16.110756874444167
2024-02-05 00:00:00+00:00,15.840816182456917
2024-02-06 00:00:00+00:00,15.847057813534612
2024-02-07 00:00:00+00:00,15.984057460582621
2024-02-08 00:00:00+00:00,16.311969844170388
2024-02-09 00:00:00+00:00,16.602286206077466
2024-02-10 00:00:00+00:00,17.084635242759717
2024-02-11 00:00:00+00:00,17.264233989037443
2024-02-12 00:00:00+00:00,17.182852855018442
2024-02-13 00:00:00+00:00,17.728757197026813
2024-02-14 00:00:00+00:00,17.461749421752817
2024-02-15 00:00:00+00:00,18.173587019594695
2024-02-16 00:00:00+00:00,18.452009633689173
2024-02-17 00:00:00+00:00,18.356476263161955
2024-02-18 00:00:00+00:00,18.154252156843828
2024-02-19 00:00:00+00:00,18.436200924067144
2024-02-20 00:00:00+00:00,18.629575625069187
2024-02-21 00:00:00+00:00,18.42030202272125
2024-02-22 00:00:00+00:00,18.18057958696473
2024-02-23 00:00:00+00:00,18.00505616571545
2024-02-24 00:00:00+00:00,17.84581451409172
2024-02-25 00:00:00+00:00,18.25267696716262
2024-02-26 00:00:00+00:00,18.390057214861752
2024-02-27 00:00:00+00:00,19.053203443850677
2024-02-28 00:00:00+00:00,19.57373434508139
2024-02-29 00:00:00+00:00,20.54742145109046
2024-03-01 00:00:00+00:00,20.83743955556483
2024-03-02 00:00:00+00:00,21.967282366918294
2024-03-03 00:00:00+00:00,22.78463022080819
2024-03-04 00:00:00+00:00,22.87698949859727
2024-03-05 00:00:00+00:00,23.91388407462794
2024-03-06 00:00:00+00:00,22.201270100672247
2024-03-07 00:00:00+00:00,23.3485635450451
2024-03-08 00:00:00+00:00,24.1169022584897
2024-03-09 00:00:00+00:00,24.3148371621569
2024-03-10 00:00:00+00:00,24.701413763188437
2024-03-11 00:00:00+00:00,24.38245621449663
2024-03-12 00:00:00+00:00,26.509257711027956
2024-03-13 00:00:00+00:00,26.26199084292996
2024-03-14 00:00:00+00:00,27.164685263542452
2024-03-15 00:00:00+00:00,27.04922019576598
2024-03-16 00:00:00+00:00,26.565650425439404
2024-03-17 00:00:00+00:00,24.596171067591488
2024-03-18 00:00:00+00:00,25.826717411688648
2024-03-19 00:00:00+00:00,25.568027087314594
2024-03-20 00:00:00+00:00,22.862406944358728
2024-03-21 00:00:00+00:00,25.06207814399608
2024-03-22 00:00:00+00:00,24.772776282517672
2024-03-23 00:00:00+00:00,24.026498450530415
2024-03-24 00:00:00+00:00,24.46782026333195
2024-03-25 00:00:00+00:00,25.534827957801586
2024-03-26 00:00:00+00:00,26.12441235625106
2024-03-27 00:00:00+00:00,26.332550545454044
2024-03-28 00:00:00+00:00,25.89397195181291
2024-03-29 00:00:00+00:00,26.58612541481192
2024-03-30 00:00:00+00:00,27.10322244593053
2024-03-31 00:00:00+00:00,26.542875879542798
2024-04-01 00:00:00+00:00,27.33689050660261
2024-04-02 00:00:00+00:00,26.13618986653205
2024-04-03 00:00:00+00:00,24.72952604500691
2024-04-04 00:00:00+00:00,24.448107977220488
2024-04-05 00:00:00+00:00,24.825349300212576
2024-04-06 00:00:00+00:00,24.504105391498687
2024-04-07 00:00:00+00:00,25.0609121361245
2024-04-08 00:00:00+00:00,25.46790717953744
2024-04-09 00:00:00+00:00,26.189270067310456
2024-04-10 00:00:00+00:00,25.108022138708975
2024-04-11 00:00:00+00:00,25.388184307300513
2024-04-12 00:00:00+00:00,25.20285535239278
2024-04-13 00:00:00+00:00,22.72707484979841
2024-04-14 00:00:00+00:00,20.539855891680993
2024-04-15 00:00:00+00:00,21.586471736609827
2024-04-16 00:00:00+00:00,20.91202504118479
2024-04-17 00:00:00+00:00,20.74873306491309
2024-04-18 00:00:00+00:00,20.26466626359217
2024-04-19 00:00:00+00:00,20.89734487272562
2024-04-20 00:00:00+00:00,21.051068868079916
2024-04-21 00:00:00+00:00,22.11711380108272
2024-04-22 00:00:00+00:00,21.903380520302157
2024-04-23 00:00:00+00:00,22.74027369388967
2024-04-24 00:00:00+00:00,22.447407623392227
2024-04-25 00:00:00+00:00,21.649182217895714
2024-04-26 00:00:00+00:00,21.578733626470232
2024-04-27 00:00:00+00:00,21.31057845244225
2024-04-28 00:00:00+00:00,21.34011770942885
2024-04-29 00:00:00+00:00,21.120049598977392
2024-04-30 00:00:00+00:00,21.098448049901247
2024-05-01 00:00:00+00:00,20.05637338427671
2024-05-02 00:00:00+00:00,20.243629834366317
2024-05-03 00:00:00+00:00,20.560316191063254
2024-05-04 00:00:00+00:00,21.404842725398666
2024-05-05 00:00:00+00:00,21.72669954203971
2024-05-06 00:00:00+00:00,21.80039836930358
2024-05-07 00:00:00+00:00,21.693101595480186
2024-05-08 00:00:00+00:00,21.181749384982407
2024-05-09 00:00:00+00:00,20.949518530236993
2024-05-10 00:00:00+00:00,21.5352664970967
2024-05-11 00:00:00+00:00,20.730345116101187
2024-05-12 00:00:00+00:00,20.663068256242617
2024-05-13 00:00:00+00:00,20.61095169717077
2024-05-14 00:00:00+00:00,20.77667831561247
2024-05-15 00:00:00+00:00,20.266203680460663
2024-05-16 00:00:00+00:00,21.595925205709403
2024-05-17 00:00:00+00:00,21.411034132263904
2024-05-18 00:00:00+00:00,22.20763505195536
2024-05-19 00:00:00+00:00,22.222085876642744
2024-05-20 00:00:00+00:00,21.735295380729376
2024-05-21 00:00:00+00:00,23.78661623742176
2024-05-22 00:00:00+00:00,23.911078198309955
2024-05-23 00:00:00+00:00,23.457018969742407
2024-05-24 00:00:00+00:00,23.020115710640997
2024-05-25 00:00:00+00:00,22.93334107663405
2024-05-26 00:00:00+00:00,23.23746827094864
2024-05-27 00:00:00+00:00,22.93433811084568
2024-05-28 00:00:00+00:00,23.371742857677553
2024-05-29 00:00:00+00:00,22.936780404580556
2024-05-30 00:00:00+00:00,22.653440208966863
2024-05-31 00:00:00+00:00,22.516333744976905
2024-06-01 00:00:00+00:00,22.443785858398844
2024-06-02 00:00:00+00:00,22.544623875886455
2024-06-03 00:00:00+00:00,22.32317782896064
2024-06-04 00:00:00+00:00,22.57170385157675
2024-06-05 00:00:00+00:00,23.213648848463055
2024-06-06 00:00:00+00:00,23.471321664872566
2024-06-07 00:00:00+00:00,23.213017351759653
2024-06-08 00:00:00+00:00,22.146360459683766
2024-06-09 00:00:00+00:00,21.79424226580689
2024-06-10 00:00:00+00:00,22.017657505041317
2024-06-11 00:00:00+00:00,21.658802707214626
2024-06-12 00:00:00+00:00,20.856554948967855
2024-06-13 00:00:00+00:00,21.56985989305098
2024-06-14 00:00:00+00:00,20.814376302187707
2024-06-15 00:00:00+00:00,20.45918195458976
2024-06-16 00:00:00+00:00,20.710850125434035
2024-06-17 00:00:00+00:00,20.89164268051649
2024-06-18 00:00:00+00:00,20.307769060205256
2024-06-19 00:00:00+00:00,19.521973053188237
2024-06-20 00:00:00+00:00,19.6251814536568
2024-06-21 00:00:00+00:00,19.579696089209634
2024-06-22 00:00:00+00:00,19.49286132087759
2024-06-23 00:00:00+00:00,19.446976608206036
2024-06-24 00:00:00+00:00,19.068461244252347
2024-06-25 00:00:00+00:00,18.82123078348716
2024-06-26 00:00:00+00:00,19.287428768656635
2024-06-27 00:00:00+00:00,19.104238549594236
2024-06-28 00:00:00+00:00,19.87021757018282
2024-06-29 00:00:00+00:00,19.468654740713596
2024-06-30 00:00:00+00:00,19.483541137112454
2024-07-01 00:00:00+00:00,19.98679398017398
2024-07-02 00:00:00+00:00,19.994765960539976
2024-07-03 00:00:00+00:00,20.282042112562184
2024-07-04 00:00:00+00:00,19.276538327475812
2024-07-05 00:00:00+00:00,17.674031498551916
2024-07-06 00:00:00+00:00,17.55652876531487
2024-07-07 00:00:00+00:00,18.628267551427307
2024-07-08 00:00:00+00:00,17.465162033935204
2024-07-09 00:00:00+00:00,18.005557787512384
2024-07-10 00:00:00+00:00,18.32615846710964
2024-07-11 00:00:00+00:00,18.454891895002905
2024-07-12 00:00:00+00:00,18.348917843185628
2024-07-13 00:00:00+00:00,18.83024157719926
2024-07-14 00:00:00+00:00,19.36830273673661
2024-07-15 00:00:00+00:00,19.700396557558914
2024-07-16 00:00:00+00:00,20.78131673973281
2024-07-17 00:00:00+00:00,20.851595591699674
2024-07-18 00:00:00+00:00,20.6601540799975
2024-07-19 00:00:00+00:00,20.386346432927972
2024-07-20 00:00:00+00:00,21.133252164710644
2024-07-21 00:00:00+00:00,21.50824738132902
2024-07-22 00:00:00+00:00,22.15380893970733
2024-07-23 00:00:00+00:00,21.63739752551073
2024-07-24 00:00:00+00:00,21.126072565042765
2024-07-25 00:00:00+00:00,20.845456876691255
2024-07-26 00:00:00+00:00,20.34468792655788
2024-07-27 00:00:00+00:00,21.153206245216257
2024-07-28 00:00:00+00:00,21.064434192888697
2024-07-29 00:00:00+00:00,20.91279223424262
2024-07-30 00:00:00+00:00,20.815321120207322
2024-07-31 00:00:00+00:00,20.63747748527644
2024-08-01 00:00:00+00:00,20.17587025981282
2024-08-02 00:00:00+00:00,19.973615759687576
2024-08-03 00:00:00+00:00,18.636304967150064
2024-08-04 00:00:00+00:00,18.238929261973453
2024-08-05 00:00:00+00:00,17.22063044727205
2024-08-06 00:00:00+00:00,15.838674428671295
2024-08-07 00:00:00+00:00,16.59139187335043
2024-08-08 00:00:00+00:00,16.64422687936904
2024-08-09 00:00:00+00:00,18.344337040966156
2024-08-10 00:00:00+00:00,17.8382321446983
2024-08-11 00:00:00+00:00,17.87260005385955
2024-08-12 00:00:00+00:00,17.060384084622335
2024-08-13 00:00:00+00:00,17.67906898595072
2024-08-14 00:00:00+00:00,17.787117146738176
2024-08-15 00:00:00+00:00,17.46702243153752
2024-08-16 00:00:00+00:00,17.16084632675995
2024-08-17 00:00:00+00:00,17.256984502139144
2024-08-18 00:00:00+00:00,17.558171925320362
2024-08-19 00:00:00+00:00,17.425265044438845
2024-08-20 00:00:00+00:00,17.83297558452957
2024-08-21 00:00:00+00:00,17.87025543676494
2024-08-22 00:00:00+00:00,18.326418077653248
2024-08-23 00:00:00+00:00,18.50103506909061
2024-08-24 00:00:00+00:00,19.347130208427192
2024-08-25 00:00:00+00:00,19.534413696521376
2024-08-26 00:00:00+00:00,19.193551632768614
2024-08-27 00:00:00+00:00,18.579747380501573
2024-08-28 00:00:00+00:00,17.604967520245864
2024-08-29 00:00:00+00:00,17.57686971476055
2024-08-30 00:00:00+00:00,17.528243138767746
2024-08-31 00:00:00+00:00,17.621960216017378
2024-09-01 00:00:00+00:00,17.481944339248308
2024-09-02 00:00:00+00:00,16.788605229901073
2024-09-03 00:00:00+00:00,17.34521473388268
2024-09-04 00:00:00+00:00,16.798320669449517
2024-09-05 00:00:00+00:00,16.994700451627132
2024-09-06 00:00:00+00:00,16.72615339920391
2024-09-07 00:00:00+00:00,16.10399600420033
2024-09-08 00:00:00+00:00,16.38831836522942
2024-09-09 00:00:00+00:00,16.683442331041356
2024-09-10 00:00:00+00:00,17.230822664824306
2024-09-11 00:00:00+00:00,17.283106830741158
2024-09-12 00:00:00+00:00,17.172602369226173
2024-09-13 00:00:00+00:00,17.533868571379834
2024-09-14 00:00:00+00:00,18.06451960868052
2024-09-15 00:00:00+00:00,18.0654348642463
2024-09-16 00:00:00+00:00,17.50821614807962
2024-09-17 00:00:00+00:00,17.208350583895097
2024-09-18 00:00:00+00:00,17.41982594990951
2024-09-19 00:00:00+00:00,17.711180374885167
2024-09-20 00:00:00+00:00,18.260514722504016
2024-09-21 00:00:00+00:00,18.483411856910948
2024-09-22 00:00:00+00:00,18.930098789440695
2024-09-23 00:00:00+00:00,18.65436671606759
2024-09-24 00:00:00+00:00,18.85980748988701
2024-09-25 00:00:00+00:00,19.319070975912375
2024-09-26 00:00:00+00:00,18.9435394554723
2024-09-27 00:00:00+00:00,19.708396625262314
2024-09-28 00:00:00+00:00,20.1435463669209
2024-09-29 00:00:00+00:00,20.12747410241353
2024-09-30 00:00:00+00:00,20.058230402805016
2024-10-01 00:00:00+00:00,19.054177779808736
2024-10-02 00:00:00+00:00,18.119641953842926
2024-10-03 00:00:00+00:00,17.633976674653507
2024-10-04 00:00:00+00:00,17.50535361351427
2024-10-05 00:00:00+00:00,18.058287193452987
2024-10-06 00:00:00+00:00,18.029194880336096
2024-10-07 00:00:00+00:00,18.340584499120585
2024-10-08 00:00:00+00:00,18.080128263118056
2024-10-09 00:00:00+00:00,18.06129514469237
2024-10-10 00:00:00+00:00,17.741140115234487
2024-10-11 00:00:00+00:00,17.700539349791274
2024-10-12 00:00:00+00:00,18.28565184614401
2024-10-13 00:00:00+00:00,18.513015492272803
2024-10-14 00:00:00+00:00,18.404602298147122
2024-10-15 00:00:00+00:00,19.16721781030971
2024-10-16 00:00:00+00:00,19.184712365017532
2024-10-17 00:00:00+00:00,19.301622296583496
2024-10-18 00:00:00+00:00,19.157284837933915
2024-10-19 00:00:00+00:00,19.605421323405743
2024-10-20 00:00:00+00:00,19.865769332698335
2024-10-21 00:00:00+00:00,20.19677930628658
2024-10-22 00:00:00+00:00,19.816168521454077
2024-10-23 00:00:00+00:00,19.62711791314193
2024-10-24 00:00:00+00:00,19.354293027295483
2024-10-25 00:00:00+00:00,19.575543509525765
2024-10-26 00:00:00+00:00,18.49316089598507
2024-10-27 00:00:00+00:00,18.912068170862014
2024-10-28 00:00:00+00:00,19.330155747606913
2024-10-29 00:00:00+00:00,19.781255874761445
2024-10-30 00:00:00+00:00,20.413849738622286
2024-10-31 00:00:00+00:00,20.102043287404282
2024-11-01 00:00:00+00:00,19.305297877321312
2024-11-02 00:00:00+00:00,19.31299737096871
2024-11-03 00:00:00+00:00,19.120872846384977
2024-11-04 00:00:00+00:00,18.664922916109855
2024-11-05 00:00:00+00:00,18.40966304925352
2024-11-06 00:00:00+00:00,18.983822300679048
2024-11-07 00:00:00+00:00,20.82310950175459
2024-11-08 00:00:00+00:00,21.408030344514145
2024-11-09 00:00:00+00:00,22.047961664181173
2024-11-10 00:00:00+00:00,22.961456383534983
2024-11-11 00:00:00+00:00,25.02574266631062
2024-11-12 00:00:00+00:00,27.175525730467857
2024-11-13 00:00:00+00:00,27.027844073362317
2024-11-14 00:00:00+00:00,26.758866596481056
2024-11-15 00:00:00+00:00,26.47020896213043
2024-11-16 00:00:00+00:00,28.18598163532582
2024-11-17 00:00:00+00:00,29.891164109188395
2024-11-18 00:00:00+00:00,29.323784299019785
2024-11-19 00:00:00+00:00,30.320251582238438
2024-11-20 00:00:00+00:00,30.081922130447584
2024-11-21 00:00:00+00:00,30.027636092142338
2024-11-22 00:00:00+00:00,31.76545183236361
2024-11-23 00:00:00+00:00,34.39077213527761
2024-11-24 00:00:00+00:00,35.9567392759997
2024-11-25 00:00:00+00:00,35.90370776665242
2024-11-26 00:00:00+00:00,34.24563628790866
2024-11-27 00:00:00+00:00,33.93713448951854
2024-11-28 00:00:00+00:00,35.73931279206292
2024-11-29 00:00:00+00:00,35.75985914658409
2024-11-30 00:00:00+00:00,37.58537803264391
2024-12-01 00:00:00+00:00,37.77644775370297
2024-12-02 00:00:00+00:00,39.65198208156572
2024-12-03 00:00:00+00:00,41.42791836004826
2024-12-04 00:00:00+00:00,41.57531459828911
2024-12-05 00:00:00+00:00,42.120777823516995
2024-12-06 00:00:00+00:00,41.70846526537603
2024-12-07 00:00:00+00:00,43.005618617461955
2024-12-08 00:00:00+00:00,43.365698276518174
2024-12-09 00:00:00+00:00,43.67598961366622
2024-12-10 00:00:00+00:00,38.28901936106721
2024-12-11 00:00:00+00:00,37.957572653956525
2024-12-12 00:00:00+00:00,40.19660006443996
2024-12-13 00:00:00+00:00,40.58613826047235
2024-12-14 00:00:00+00:00,41.00495473776438
2024-12-15 00:00:00+00:00,39.85572925608844
2024-12-16 00:00:00+00:00,41.01044653731626
2024-12-17 00:00:00+00:00,40.47072454664765
2024-12-18 00:00:00+00:00,40.28526932372468
2024-12-19 00:00:00+00:00,36.98784598730867
2024-12-20 00:00:00+00:00,34.62287111169146
2024-12-21 00:00:00+00:00,35.23483152990246
2024-12-22 00:00:00+00:00,34.19329927587273
2024-12-23 00:00:00+00:00,33.532125451481605
2024-12-24 00:00:00+00:00,35.14690586111613
2024-12-25 00:00:00+00:00,36.24360644504587
2024-12-26 00:00:00+00:00,36.04376686627955
2024-12-27 00:00:00+00:00,34.018381501105736
2024-12-28 00:00:00+00:00,33.7872724018464
2024-12-29 00:00:00+00:00,34.71197310185217
2024-12-30 00:00:00+00:00,33.70116703028092
2024-12-31 00:00:00+00:00,33.59094054972822
2025-01-01 00:00:00+00:00,33.662887366741444
2025-01-02 00:00:00+00:00,34.97092899691875
2025-01-03 00:00:00+00:00,36.14984211833186
2025-01-04 00:00:00+00:00,38.3347177243748
2025-01-05 00:00:00+00:00,38.440379951238775
2025-01-06 00:00:00+00:00,38.43421045336784
2025-01-07 00:00:00+00:00,39.003515641663476
2025-01-08 00:00:00+00:00,35.8709633721634
2025-01-09 00:00:00+00:00,35.2077774330382
2025-01-10 00:00:00+00:00,34.013570201760004
2025-01-11 00:00:00+00:00,34.78157507944309
2025-01-12 00:00:00+00:00,35.51809875508139
2025-01-13 00:00:00+00:00,35.04060822569478
2025-01-14 00:00:00+00:00,34.37044295649066
2025-01-15 00:00:00+00:00,35.63931240122078
2025-01-16 00:00:00+00:00,38.90202859421832
2025-01-17 00:00:00+00:00,39.02348396496048
2025-01-18 00:00:00+00:00,40.974520059662765
2025-01-19 00:00:00+00:00,40.352772974936535
2025-01-20 00:00:00+00:00,37.479883882108886
2025-01-21 00:00:00+00:00,37.71063702162165
2025-01-22 00:00:00+00:00,38.76951593313273
2025-01-23 00:00:00+00:00,38.20914642821664
2025-01-24 00:00:00+00:00,38.01308205085257
2025-01-25 00:00:00+00:00,37.876670320338185
2025-01-26 00:00:00+00:00,38.37384031612748
2025-01-27 00:00:00+00:00,37.02996195348926
2025-01-28 00:00:00+00:00,36.470446980476275
2025-01-29 00:00:00+00:00,35.37211828903322
2025-01-30 00:00:00+00:00,36.0543053784893
2025-01-31 00:00:00+00:00,37.501932614809846
2025-02-01 00:00:00+00:00,37.217874883474735
2025-02-02 00:00:00+00:00,35.241360545080795
2025-02-03 00:00:00+00:00,31.87059699311275
2025-02-04 00:00:00+00:00,32.73100521247648
2025-02-05 00:00:00+00:00,30.797461655783877
2025-02-06 00:00:00+00:00,30.218077032333703
2025-02-07 00:00:00+00:00,29.36650199419074
2025-02-08 00:00:00+00:00,29.568940026092054
2025-02-09 00:00:00+00:00,30.14479825007447
2025-02-10 00:00:00+00:00,30.143131782039784
2025-02-11 00:00:00+00:00,30.879179486631404
2025-02-12 00:00:00+00:00,31.083393174751798
2025-02-13 00:00:00+00:00,32.30397997452713
2025-02-14 00:00:00+00:00,32.06122911309046
2025-02-15 00:00:00+00:00,32.64245374454266
2025-02-16 00:00:00+00:00,32.49066473974143
2025-02-17 00:00:00+00:00,31.828364310221595
2025-02-18 00:00:00+00:00,31.629972055644068
2025-02-19 00:00:00+00:00,30.78394466561449
2025-02-20 00:00:00+00:00,31.46094608553805
2025-02-21 00:00:00+00:00,31.993546159109915
2025-02-22 00:00:00+00:00,30.995580661846766
2025-02-23 00:00:00+00:00,31.55614587124119
2025-02-24 00:00:00+00:00,31.37738758931188
2025-02-25 00:00:00+00:00,27.841671210731075
2025-02-26 00:00:00+00:00,28.129594394015086
2025-02-27 00:00:00+00:00,27.40395587053511
2025-02-28 00:00:00+00:00,27.750555906716425
2025-03-01 00:00:00+00:00,27.501524553532708
2025-03-02 00:00:00+00:00,27.578097841655453
2025-03-03 00:00:00+00:00,33.13232448758063
2025-03-04 00:00:00+00:00,28.002067393864763
2025-03-05 00:00:00+00:00,28.14201160128292
2025-03-06 00:00:00+00:00,29.057287398521595
2025-03-07 00:00:00+00:00,28.609740755760896
2025-03-08 00:00:00+00:00,27.60619888962894
2025-03-09 00:00:00+00:00,27.363147918570824
2025-03-10 00:00:00+00:00,25.01600241185508
2025-03-11 00:00:00+00:00,23.56643797402325
2025-03-12 00:00:00+00:00,24.772833652501163
2025-03-13 00:00:00+00:00,25.32942083821909
2025-03-14 00:00:00+00:00,24.775153294981482
2025-03-15 00:00:00+00:00,25.753643572628107
2025-03-16 00:00:00+00:00,26.379513573169987
2025-03-17 00:00:00+00:00,25.389245037449513
2025-03-18 00:00:00+00:00,25.99130613510624
2025-03-19 00:00:00+00:00,25.708514273761548
2025-03-20 00:00:00+00:00,27.03359440247272
2025-03-21 00:00:00+00:00,26.138405124874435
2025-03-22 00:00:00+00:00,26.044651210463357
2025-03-23 00:00:00+00:00,26.008492991640267
2025-03-24 00:00:00+00:00,26.43176731862537
2025-03-25 00:00:00+00:00,27.4176794177748
2025-03-26 00:00:00+00:00,27.871158044418383
2025-03-27 00:00:00+00:00,27.326243775489843
2025-03-28 00:00:00+00:00,27.377443524184365
2025-03-29 00:00:00+00:00,25.892369026384067
2025-03-30 00:00:00+00:00,24.944327613723413
2025-03-31 00:00:00+00:00,24.69544985605523
2025-04-01 00:00:00+00:00,24.599513698781877
2025-04-02 00:00:00+00:00,25.365441241802223
2025-04-03 00:00:00+00:00,24.019182728415565
2025-04-04 00:00:00+00:00,24.220898449293298
2025-04-05 00:00:00+00:00,24.63627406692969
2025-04-06 00:00:00+00:00,24.413418141576766
2025-04-07 00:00:00+00:00,21.816423434929114
2025-04-08 00:00:00+00:00,21.921805971600925
2025-04-09 00:00:00+00:00,21.090010689056566
2025-04-10 00:00:00+00:00,23.469364237665904
2025-04-11 00:00:00+00:00,22.580607149168422
2025-04-12 00:00:00+00:00,23.399730258086286
2025-04-13 00:00:00+00:00,24.55148107276443
2025-04-14 00:00:00+00:00,23.920855598056058
2025-04-15 00:00:00+00:00,24.01972404583183
2025-04-16 00:00:00+00:00,23.365013016627678
2025-04-17 00:00:00+00:00,23.45352058580978
2025-04-18 00:00:00+00:00,23.698430021749687
2025-04-19 00:00:00+00:00,23.819357337986723
2025-04-20 00:00:00+00:00,24.23904155499695
2025-04-21 00:00:00+00:00,24.08373006718282
2025-04-22 00:00:00+00:00,24.201979676473453
2025-04-23 00:00:00+00:00,26.255931560964473
2025-04-24 00:00:00+00:00,26.40291676223169
2025-04-25 00:00:00+00:00,26.67463863069404
2025-04-26 00:00:00+00:00,26.679222235056073
2025-04-27 00:00:00+00:00,26.758494059359215
2025-04-28 00:00:00+00:00,26.458917657593954
2025-04-29 00:00:00+00:00,26.66127700699982
2025-04-30 00:00:00+00:00,26.29490496032814
2025-05-01 00:00:00+00:00,26.0004197202856
2025-05-02 00:00:00+00:00,26.74320343376598
2025-05-03 00:00:00+00:00,26.600304396249545
2025-05-04 00:00:00+00:00,26.243290227514535
2025-05-05 00:00:00+00:00,25.6369879307562
2025-05-06 00:00:00+00:00,25.615679258016304
2025-05-07 00:00:00+00:00,26.1430983974108
2025-05-08 00:00:00+00:00,25.938485930726134
2025-05-09 00:00:00+00:00,28.8142389509532
2025-05-10 00:00:00+00:00,30.0861252467473
2025-05-11 00:00:00+00:00,32.342131688030676
2025-05-12 00:00:00+00:00,31.183829839462483
2025-05-13 00:00:00+00:00,31.623927755324384
2025-05-14 00:00:00+00:00,32.504160809654536
2025-05-15 00:00:00+00:00,31.592825908307027
2025-05-16 00:00:00+00:00,30.43375133295251
2025-05-17 00:00:00+00:00,30.446187218877196
2025-05-18 00:00:00+00:00,29.736151216190983
2025-05-19 00:00:00+00:00,30.562152131524726
2025-05-20 00:00:00+00:00,30.165891142928334
2025-05-21 00:00:00+00:00,30.210453537622158
2025-05-22 00:00:00+00:00,31.061073904208236
2025-05-23 00:00:00+00:00,32.170033256740204
2025-05-24 00:00:00+00:00,30.3008813117215
2025-05-25 00:00:00+00:00,30.424391160427344
2025-05-26 00:00:00+00:00,30.5561387014288
2025-05-27 00:00:00+00:00,30.47399509621516
2025-05-28 00:00:00+00:00,30.820643762839808
2025-05-29 00:00:00+00:00,30.578005345455683
2025-05-30 00:00:00+00:00,29.779330036763433
2025-05-31 00:00:00+00:00,28.054660530202096
2025-06-01 00:00:00+00:00,28.22073532070184
2025-06-02 00:00:00+00:00,28.33679356864956
2025-06-03 00:00:00+00:00,28.637937550991165
2025-06-04 00:00:00+00:00,28.54835504882325
2025-06-05 00:00:00+00:00,28.051751366510697
2025-06-06 00:00:00+00:00,26.47025208433588
2025-06-07 00:00:00+00:00,27.31657391914453
2025-06-08 00:00:00+00:00,27.87355782885395
2025-06-09 00:00:00+00:00,28.038409340597997
2025-06-10 00:00:00+00:00,29.270554102857435
2025-06-11 00:00:00+00:00,29.822629031208752
2025-06-12 00:00:00+00:00,29.21683908248576
2025-06-13 00:00:00+00:00,27.900741210536843
2025-06-14 00:00:00+00:00,27.35882900506406
2025-06-15 00:00:00+00:00,26.949632988766435
2025-06-16 00:00:00+00:00,27.231422966718775
2025-06-17 00:00:00+00:00,27.430681637826762
2025-06-18 00:00:00+00:00,26.713070866453066
2025-06-19 00:00:00+00:00,26.514083382861724
2025-06-20 00:00:00+00:00,26.472882213289722
2025-06-21 00:00:00+00:00,25.61671593718228
2025-06-22 00:00:00+00:00,24.597127129063793
2025-06-23 00:00:00+00:00,24.230805030251048
2025-06-24 00:00:00+00:00,26.057939594727205
2025-06-25 00:00:00+00:00,26.211492693258073
2025-06-26 00:00:00+00:00,25.9006532596854
2025-06-27 00:00:00+00:00,25.479217298809395
2025-06-28 00:00:00+00:00,25.752593108615613
2025-06-29 00:00:00+00:00,26.211063332137773
2025-06-30 00:00:00+00:00,26.825753886905208
2025-07-01 00:00:00+00:00,26.478935165149384
2025-07-02 00:00:00+00:00,25.519338565673092
2025-07-03 00:00:00+00:00,26.9259957752076
2025-07-04 00:00:00+00:00,27.16229623821675
2025-07-05 00:00:00+00:00,26.30416070010208
2025-07-06 00:00:00+00:00,26.391070322983904
2025-07-07 00:00:00+00:00,26.893437895296874
2025-07-08 00:00:00+00:00,26.589262579058822
2025-07-09 00:00:00+00:00,27.03030832669391
2025-07-10 00:00:00+00:00,28.20551298751861
2025-07-11 00:00:00+00:00,29.784403011251534
2025-07-12 00:00:00+00:00,30.338517567998803
2025-07-13 00:00:00+00:00,30.12698479128136
2025-07-14 00:00:00+00:00,30.699672438584475
2025-07-15 00:00:00+00:00,30.86768966627178
2025-07-16 00:00:00+00:00,31.324454310961105
2025-07-17 00:00:00+00:00,32.419078401856126
2025-07-18 00:00:00+00:00,33.89038323596581
2025-07-19 00:00:00+00:00,34.02466624854848
2025-07-20 00:00:00+00:00,34.904241522486764
2025-07-21 00:00:00+00:00,36.09623705823907
2025-07-22 00:00:00+00:00,36.718206633106774
2025-07-23 00:00:00+00:00,37.245191149009194
2025-07-24 00:00:00+00:00,34.770561598595016
2025-07-25 00:00:00+00:00,34.337419399854085
2025-07-26 00:00:00+00:00,34.72255286698715
2025-07-27 00:00:00+00:00,34.99504498729514
2025-07-28 00:00:00+00:00,35.890954488589365
2025-07-29 00:00:00+00:00,34.502568042659384
2025-07-30 00:00:00+00:00,34.18073932990765
2025-07-31 00:00:00+00:00,33.777142458591086
2025-08-01 00:00:00+00:00,32.732310822868655
2025-08-02 00:00:00+00:00,31.636832908426392
2025-08-03 00:00:00+00:00,30.80952306540669
2025-08-04 00:00:00+00:00,31.784179929900713
2025-08-05 00:00:00+00:00,33.33685360180497
2025-08-06 00:00:00+00:00,32.348433935762884
2025-08-07 00:00:00+00:00,32.84468193539752
2025-08-08 00:00:00+00:00,34.58032520052631
2025-08-09 00:00:00+00:00,35.03178985810241
2025-08-10 00:00:00+00:00,35.60608117894417
2025-08-11 00:00:00+00:00,35.55776266379357
2025-08-12 00:00:00+00:00,34.62733931987247
2025-08-13 00:00:00+00:00,36.92770471233805
2025-08-14 00:00:00+00:00,38.113733045586926
2025-08-15 00:00:00+00:00,36.279388636456375
2025-08-16 00:00:00+00:00,35.89905926392303
2025-08-17 00:00:00+00:00,36.24981482563057
2025-08-18 00:00:00+00:00,36.85339346306691
2025-08-19 00:00:00+00:00,35.6231106418898
2025-08-20 00:00:00+00:00,33.79776079946351
2025-08-21 00:00:00+00:00,35.33359123543908
2025-08-22 00:00:00+00:00,34.337618124286365
2025-08-23 00:00:00+00:00,37.5714948590004
2025-08-24 00:00:00+00:00,37.4383616453152
2025-08-25 00:00:00+00:00,37.03652601174076
2025-08-26 00:00:00+00:00,34.33060984490348
2025-08-27 00:00:00+00:00,35.63977177044407
2025-08-28 00:00:00+00:00,35.479944273727064
2025-08-29 00:00:00+00:00,36.16387766376266
2025-08-30 00:00:00+00:00,34.754693998658254
2025-08-31 00:00:00+00:00,34.79972020995125
2025-09-01 00:00:00+00:00,34.45294636990454
2025-09-02 00:00:00+00:00,34.0530817359045
2025-09-03 00:00:00+00:00,35.14086629192777
2025-09-04 00:00:00+00:00,35.56611372427999
2025-09-05 00:00:00+00:00,34.65463071918663
2025-09-06 00:00:00+00:00,35.01621168766941
2025-09-07 00:00:00+00:00,34.86179921279215
2025-09-08 00:00:00+00:00,35.76721914716243
2025-09-09 00:00:00+00:00,36.409146797815225
2025-09-10 00:00:00+00:00,36.57441387190355
2025-09-11 00:00:00+00:00,37.78334539079929
2025-09-12 00:00:00+00:00,38.26987871353691
2025-09-13 00:00:00+00:00,39.41423418878639
2025-09-14 00:00:00+00:00,40.046065442278234
2025-09-15 00:00:00+00:00,39.093832463717106
2025-09-16 00:00:00+00:00,38.415963883184645
2025-09-17 00:00:00+00:00,38.972339353883335
2025-09-18 00:00:00+00:00,40.12003737351095
2025-09-19 00:00:00+00:00,40.76299941345913
2025-09-20 00:00:00+00:00,39.5019448914101
2025-09-21 00:00:00+00:00,39.72127063953797
2025-09-22 00:00:00+00:00,39.44800212012303
2025-09-23 00:00:00+00:00,37.48497112155925
2025-09-24 00:00:00+00:00,37.22061112114865
2025-09-25 00:00:00+00:00,37.25380557030088
2025-09-26 00:00:00+00:00,34.75733254271767
2025-09-27 00:00:00+00:00,35.835661729628356
2025-09-28 00:00:00+00:00,35.70598610829469
2025-09-29 00:00:00+00:00,36.73479977033269
2025-09-30 00:00:00+00:00,37.06930230748676
2025-10-01 00:00:00+00:00,36.63535661819956
2025-10-02 00:00:00+00:00,38.36543586182737
2025-10-03 00:00:00+00:00,39.817587714636744
2025-10-04 00:00:00+00:00,40.275223029005474
2025-10-05 00:00:00+00:00,39.416385576296264
2025-10-06 00:00:00+00:00,39.43555959239451
2025-10-07 00:00:00+00:00,40.614653798509806
2025-10-08 00:00:00+00:00,39.04558937612237
2025-10-09 00:00:00+00:00,39.76001551118541
2025-10-10 00:00:00+00:00,39.01906912065068
2025-10-11 00:00:00+00:00,32.09743601654462
2025-10-12 00:00:00+00:00,31.57869159454645
2025-10-13 00:00:00+00:00,34.30972750632983
2025-10-14 00:00:00+00:00,35.26830814829935
2025-10-15 00:00:00+00:00,34.01959939594259
2025-10-16 00:00:00+00:00,32.784886678570125
2025-10-17 00:00:00+00:00,31.654723908752285
2025-10-18 00:00:00+00:00,30.800209375507983
2025-10-19 00:00:00+00:00,31.359608018088288
2025-10-20 00:00:00+00:00,31.950207912019057
2025-10-21 00:00:00+00:00,32.36297969104921
2025-10-22 00:00:00+00:00,31.488957178786904
2025-10-23 00:00:00+00:00,30.88528220727705
2025-10-24 00:00:00+00:00,31.746411600227137
2025-10-25 00:00:00+00:00,32.29899863899879
2025-10-26 00:00:00+00:00,32.53436192359915
2025-10-27 00:00:00+00:00,33.70041426670269
2025-10-28 00:00:00+00:00,33.31150431769412
2025-10-29 00:00:00+00:00,32.41320086149085
2025-10-30 00:00:00+00:00,32.2482054573994
2025-10-31 00:00:00+00:00,30.726563502689828
2025-11-01 00:00:00+00:00,31.17583785091117
2025-11-02 00:00:00+00:00,31.596388900643245
2025-11-03 00:00:00+00:00,31.606636382468082
2025-11-04 00:00:00+00:00,28.538481973782343
2025-11-05 00:00:00+00:00,27.259116744882068
2025-11-06 00:00:00+00:00,28.384035584985693
2025-11-07 00:00:00+00:00,27.49198687261472
2025-11-08 00:00:00+00:00,29.944985108066447
2025-11-09 00:00:00+00:00,29.73601605009774
2025-11-10 00:00:00+00:00,30.449386387682907
2025-11-11 00:00:00+00:00,30.82432553460471
2025-11-12 00:00:00+00:00,29.19281799162015
2025-11-13 00:00:00+00:00,28.78250976209265
2025-11-14 00:00:00+00:00,27.919079774187214
2025-11-15 00:00:00+00:00,26.98331858597341
2025-11-16 00:00:00+00:00,27.39890229759406
