snapped_at,rolling_volatility
2020-09-23 00:00:00+00:00,
2020-09-24 00:00:00+00:00,
2020-09-25 00:00:00+00:00,
2020-09-26 00:00:00+00:00,
2020-09-27 00:00:00+00:00,
2020-09-28 00:00:00+00:00,
2020-09-29 00:00:00+00:00,
2020-09-30 00:00:00+00:00,
2020-10-01 00:00:00+00:00,
2020-10-02 00:00:00+00:00,
2020-10-03 00:00:00+00:00,
2020-10-04 00:00:00+00:00,
2020-10-05 00:00:00+00:00,
2020-10-06 00:00:00+00:00,
2020-10-07 00:00:00+00:00,
2020-10-08 00:00:00+00:00,
2020-10-09 00:00:00+00:00,
2020-10-10 00:00:00+00:00,
2020-10-11 00:00:00+00:00,
2020-10-12 00:00:00+00:00,
2020-10-13 00:00:00+00:00,0.03494985698404207
2020-10-14 00:00:00+00:00,0.03507180496932757
2020-10-15 00:00:00+00:00,0.030547575722601587
2020-10-16 00:00:00+00:00,0.023425177377372434
2020-10-17 00:00:00+00:00,0.023300843607630947
2020-10-18 00:00:00+00:00,0.023435009082909568
2020-10-19 00:00:00+00:00,0.023449404088380144
2020-10-20 00:00:00+00:00,0.023170657118512423
2020-10-21 00:00:00+00:00,0.023955048688105943
2020-10-22 00:00:00+00:00,0.02618904334518481
2020-10-23 00:00:00+00:00,0.026972113251141207
2020-10-24 00:00:00+00:00,0.025660535836673642
2020-10-25 00:00:00+00:00,0.02566780270560054
2020-10-26 00:00:00+00:00,0.02570265189098449
2020-10-27 00:00:00+00:00,0.025737357345725322
2020-10-28 00:00:00+00:00,0.022135824062346033
2020-10-29 00:00:00+00:00,0.024532591680207286
2020-10-30 00:00:00+00:00,0.024457875560100005
2020-10-31 00:00:00+00:00,0.02283496333157604
2020-11-01 00:00:00+00:00,0.02301296643280845
2020-11-02 00:00:00+00:00,0.023079626796418447
2020-11-03 00:00:00+00:00,0.022608938195714717
2020-11-04 00:00:00+00:00,0.02254579015227655
2020-11-05 00:00:00+00:00,0.02244059566050907
2020-11-06 00:00:00+00:00,0.024811563657808254
2020-11-07 00:00:00+00:00,0.0313520318212162
2020-11-08 00:00:00+00:00,0.03281160934838576
2020-11-09 00:00:00+00:00,0.033388467909185836
2020-11-10 00:00:00+00:00,0.0336200941091351
2020-11-11 00:00:00+00:00,0.03285701684340243
2020-11-12 00:00:00+00:00,0.03155513504590482
2020-11-13 00:00:00+00:00,0.030659769141176303
2020-11-14 00:00:00+00:00,0.03175027147487968
2020-11-15 00:00:00+00:00,0.032231330949832854
2020-11-16 00:00:00+00:00,0.03204213423556644
2020-11-17 00:00:00+00:00,0.034244592924463184
2020-11-18 00:00:00+00:00,0.0348758509779448
2020-11-19 00:00:00+00:00,0.033548434477858116
2020-11-20 00:00:00+00:00,0.032504516826144594
2020-11-21 00:00:00+00:00,0.03350130126211502
2020-11-22 00:00:00+00:00,0.04109006275107714
2020-11-23 00:00:00+00:00,0.04197043168440556
2020-11-24 00:00:00+00:00,0.04319840147793319
2020-11-25 00:00:00+00:00,0.04304485746950931
2020-11-26 00:00:00+00:00,0.04668978020374223
2020-11-27 00:00:00+00:00,0.05547621199410709
2020-11-28 00:00:00+00:00,0.05238408603592139
2020-11-29 00:00:00+00:00,0.051884494221179044
2020-11-30 00:00:00+00:00,0.05185780034044009
2020-12-01 00:00:00+00:00,0.051907582337260845
2020-12-02 00:00:00+00:00,0.05342736418242458
2020-12-03 00:00:00+00:00,0.05341332192434064
2020-12-04 00:00:00+00:00,0.05321190477471644
2020-12-05 00:00:00+00:00,0.05642661521645945
2020-12-06 00:00:00+00:00,0.056173362451907474
2020-12-07 00:00:00+00:00,0.0561428435604297
2020-12-08 00:00:00+00:00,0.055546376607281504
2020-12-09 00:00:00+00:00,0.05772050079002042
2020-12-10 00:00:00+00:00,0.05754711130490253
2020-12-11 00:00:00+00:00,0.0580027873266755
2020-12-12 00:00:00+00:00,0.05733039662288821
2020-12-13 00:00:00+00:00,0.05073519567477561
2020-12-14 00:00:00+00:00,0.05115547071818857
2020-12-15 00:00:00+00:00,0.04715650161187481
2020-12-16 00:00:00+00:00,0.04564762932581948
2020-12-17 00:00:00+00:00,0.0471471656368593
2020-12-18 00:00:00+00:00,0.038339280219501934
2020-12-19 00:00:00+00:00,0.038558845389080346
2020-12-20 00:00:00+00:00,0.03741853910322755
2020-12-21 00:00:00+00:00,0.03712614959076751
2020-12-22 00:00:00+00:00,0.03706094812962668
2020-12-23 00:00:00+00:00,0.03580888159541635
2020-12-24 00:00:00+00:00,0.044787897174021346
2020-12-25 00:00:00+00:00,0.050970748036203155
2020-12-26 00:00:00+00:00,0.048197706075217214
2020-12-27 00:00:00+00:00,0.047607005780787776
2020-12-28 00:00:00+00:00,0.04760528867842471
2020-12-29 00:00:00+00:00,0.04935644202868552
2020-12-30 00:00:00+00:00,0.0465377077288606
2020-12-31 00:00:00+00:00,0.04670990500594963
2021-01-01 00:00:00+00:00,0.04630261702385492
2021-01-02 00:00:00+00:00,0.046175423126050906
2021-01-03 00:00:00+00:00,0.051253558008707845
2021-01-04 00:00:00+00:00,0.053510596852118585
2021-01-05 00:00:00+00:00,0.053382432815187474
2021-01-06 00:00:00+00:00,0.05389677366786492
2021-01-07 00:00:00+00:00,0.0537164445910735
2021-01-08 00:00:00+00:00,0.05378033592907905
2021-01-09 00:00:00+00:00,0.054522183424200996
2021-01-10 00:00:00+00:00,0.05490960431918483
2021-01-11 00:00:00+00:00,0.05636660554703629
2021-01-12 00:00:00+00:00,0.06125753607904747
2021-01-13 00:00:00+00:00,0.06113756419351913
2021-01-14 00:00:00+00:00,0.05199919231761934
2021-01-15 00:00:00+00:00,0.04975906146468853
2021-01-16 00:00:00+00:00,0.051927472895776636
2021-01-17 00:00:00+00:00,0.05376869427150856
2021-01-18 00:00:00+00:00,0.05338685650713474
2021-01-19 00:00:00+00:00,0.05343983260192825
2021-01-20 00:00:00+00:00,0.0540763513294244
2021-01-21 00:00:00+00:00,0.05324967571882753
2021-01-22 00:00:00+00:00,0.06429154981187
2021-01-23 00:00:00+00:00,0.06507032497576576
2021-01-24 00:00:00+00:00,0.06184304356683253
2021-01-25 00:00:00+00:00,0.059827890170643466
2021-01-26 00:00:00+00:00,0.06038580279161822
2021-01-27 00:00:00+00:00,0.05969886709927745
2021-01-28 00:00:00+00:00,0.06147208054618819
2021-01-29 00:00:00+00:00,0.10532838307780272
2021-01-30 00:00:00+00:00,0.10517745757571444
2021-01-31 00:00:00+00:00,0.10491281369987465
2021-02-01 00:00:00+00:00,0.10398292369668635
2021-02-02 00:00:00+00:00,0.0997808479919827
2021-02-03 00:00:00+00:00,0.09971571851179538
2021-02-04 00:00:00+00:00,0.09972126163469511
2021-02-05 00:00:00+00:00,0.09976828970735342
2021-02-06 00:00:00+00:00,0.09885591426183529
2021-02-07 00:00:00+00:00,0.09763756142224196
2021-02-08 00:00:00+00:00,0.09758902973177384
2021-02-09 00:00:00+00:00,0.09924568068219872
2021-02-10 00:00:00+00:00,0.09862000695138333
2021-02-11 00:00:00+00:00,0.1007224007840822
2021-02-12 00:00:00+00:00,0.09242867571452242
2021-02-13 00:00:00+00:00,0.09235899559566223
2021-02-14 00:00:00+00:00,0.09304336147333235
2021-02-15 00:00:00+00:00,0.09486705788127754
2021-02-16 00:00:00+00:00,0.09502656008629072
2021-02-17 00:00:00+00:00,0.0953725627912455
2021-02-18 00:00:00+00:00,0.09059933621812864
2021-02-19 00:00:00+00:00,0.04640407096238686
2021-02-20 00:00:00+00:00,0.04951235552376697
2021-02-21 00:00:00+00:00,0.051892381901488
2021-02-22 00:00:00+00:00,0.05193058199878241
2021-02-23 00:00:00+00:00,0.0532489144475228
2021-02-24 00:00:00+00:00,0.0634811518521804
2021-02-25 00:00:00+00:00,0.06260334360850633
2021-02-26 00:00:00+00:00,0.06718915822340418
2021-02-27 00:00:00+00:00,0.06641160994841845
2021-02-28 00:00:00+00:00,0.06637057643974681
2021-03-01 00:00:00+00:00,0.06749341153875342
2021-03-02 00:00:00+00:00,0.0652608921867207
2021-03-03 00:00:00+00:00,0.06562906834574747
2021-03-04 00:00:00+00:00,0.05795927520383496
2021-03-05 00:00:00+00:00,0.05867246661093319
2021-03-06 00:00:00+00:00,0.05783575303857951
2021-03-07 00:00:00+00:00,0.0577947780955003
2021-03-08 00:00:00+00:00,0.05764231069790105
2021-03-09 00:00:00+00:00,0.057256402051890816
2021-03-10 00:00:00+00:00,0.05974483216324942
2021-03-11 00:00:00+00:00,0.06025495996253603
2021-03-12 00:00:00+00:00,0.059100743978032486
2021-03-13 00:00:00+00:00,0.053332067368945545
2021-03-14 00:00:00+00:00,0.054885568614407666
2021-03-15 00:00:00+00:00,0.05516963110830924
2021-03-16 00:00:00+00:00,0.05575525677407207
2021-03-17 00:00:00+00:00,0.0500320650532169
2021-03-18 00:00:00+00:00,0.04803945793667121
2021-03-19 00:00:00+00:00,0.04422230490427243
2021-03-20 00:00:00+00:00,0.04441055750541158
2021-03-21 00:00:00+00:00,0.04438699619070372
2021-03-22 00:00:00+00:00,0.042978773241633475
2021-03-23 00:00:00+00:00,0.038447293467656254
2021-03-24 00:00:00+00:00,0.03800260370157605
2021-03-25 00:00:00+00:00,0.04046864102184746
2021-03-26 00:00:00+00:00,0.03979814677823115
2021-03-27 00:00:00+00:00,0.044132154494091524
2021-03-28 00:00:00+00:00,0.0441225199902204
2021-03-29 00:00:00+00:00,0.04346002567824847
2021-03-30 00:00:00+00:00,0.043915431664601934
2021-03-31 00:00:00+00:00,0.039606258043606846
2021-04-01 00:00:00+00:00,0.0384474229130091
2021-04-02 00:00:00+00:00,0.038667710077067846
2021-04-03 00:00:00+00:00,0.037851570254672603
2021-04-04 00:00:00+00:00,0.035730033771879464
2021-04-05 00:00:00+00:00,0.03553821460271563
2021-04-06 00:00:00+00:00,0.036198965284830034
2021-04-07 00:00:00+00:00,0.0365790267118876
2021-04-08 00:00:00+00:00,0.03991311604741135
2021-04-09 00:00:00+00:00,0.04034203433113376
2021-04-10 00:00:00+00:00,0.040200341488948764
2021-04-11 00:00:00+00:00,0.04164545228311337
2021-04-12 00:00:00+00:00,0.04111372768224256
2021-04-13 00:00:00+00:00,0.03946915298735207
2021-04-14 00:00:00+00:00,0.040811102065594504
2021-04-15 00:00:00+00:00,0.0357511332373144
2021-04-16 00:00:00+00:00,0.03490568128530834
2021-04-17 00:00:00+00:00,0.03342993310771206
2021-04-18 00:00:00+00:00,0.03644853467982583
2021-04-19 00:00:00+00:00,0.03834993344389728
2021-04-20 00:00:00+00:00,0.039046921104359394
2021-04-21 00:00:00+00:00,0.03904897732468846
2021-04-22 00:00:00+00:00,0.040639934989200974
2021-04-23 00:00:00+00:00,0.04225854961481135
2021-04-24 00:00:00+00:00,0.043276934480348604
2021-04-25 00:00:00+00:00,0.044081621485708676
2021-04-26 00:00:00+00:00,0.043577837098858166
2021-04-27 00:00:00+00:00,0.04742399450740453
2021-04-28 00:00:00+00:00,0.0467711440446902
2021-04-29 00:00:00+00:00,0.0430397846914898
2021-04-30 00:00:00+00:00,0.042656859546838795
2021-05-01 00:00:00+00:00,0.043738769366110715
2021-05-02 00:00:00+00:00,0.04286761481426218
2021-05-03 00:00:00+00:00,0.04382384275316532
2021-05-04 00:00:00+00:00,0.04519908801075567
2021-05-05 00:00:00+00:00,0.04495857399949167
2021-05-06 00:00:00+00:00,0.05120047899337744
2021-05-07 00:00:00+00:00,0.050499287359680456
2021-05-08 00:00:00+00:00,0.04892208006514154
2021-05-09 00:00:00+00:00,0.04760963073234252
2021-05-10 00:00:00+00:00,0.046601174002415605
2021-05-11 00:00:00+00:00,0.05031326183061326
2021-05-12 00:00:00+00:00,0.05113702819463687
2021-05-13 00:00:00+00:00,0.057277526878460265
2021-05-14 00:00:00+00:00,0.05712511618144043
2021-05-15 00:00:00+00:00,0.05753509353630716
2021-05-16 00:00:00+00:00,0.058062936784762445
2021-05-17 00:00:00+00:00,0.05803107123038434
2021-05-18 00:00:00+00:00,0.05616271431192385
2021-05-19 00:00:00+00:00,0.05650592439736045
2021-05-20 00:00:00+00:00,0.08862586281611882
2021-05-21 00:00:00+00:00,0.09316525992170444
2021-05-22 00:00:00+00:00,0.09670724182207237
2021-05-23 00:00:00+00:00,0.09705357876117175
2021-05-24 00:00:00+00:00,0.10039094269660201
2021-05-25 00:00:00+00:00,0.11221046730392273
2021-05-26 00:00:00+00:00,0.1119782750666975
2021-05-27 00:00:00+00:00,0.10986221429306142
2021-05-28 00:00:00+00:00,0.11012302554064642
2021-05-29 00:00:00+00:00,0.1114714392265694
2021-05-30 00:00:00+00:00,0.11152117340749958
2021-05-31 00:00:00+00:00,0.1122375227711429
2021-06-01 00:00:00+00:00,0.11484566003433028
2021-06-02 00:00:00+00:00,0.11385607270013297
2021-06-03 00:00:00+00:00,0.11296016825295349
2021-06-04 00:00:00+00:00,0.11283407862179662
2021-06-05 00:00:00+00:00,0.112341753033768
2021-06-06 00:00:00+00:00,0.1121661332026509
2021-06-07 00:00:00+00:00,0.11223494561835777
2021-06-08 00:00:00+00:00,0.11304110932413267
2021-06-09 00:00:00+00:00,0.11234956350603666
2021-06-10 00:00:00+00:00,0.0917228454886018
2021-06-11 00:00:00+00:00,0.08748455128130177
2021-06-12 00:00:00+00:00,0.08280575568708386
2021-06-13 00:00:00+00:00,0.08122399307823579
2021-06-14 00:00:00+00:00,0.07632705363868383
2021-06-15 00:00:00+00:00,0.05900791822978466
2021-06-16 00:00:00+00:00,0.0590747276297605
2021-06-17 00:00:00+00:00,0.05637467508271484
2021-06-18 00:00:00+00:00,0.05555629300837068
2021-06-19 00:00:00+00:00,0.05284640381936586
2021-06-20 00:00:00+00:00,0.051682419300070455
2021-06-21 00:00:00+00:00,0.05083811713099149
2021-06-22 00:00:00+00:00,0.06270990727710983
2021-06-23 00:00:00+00:00,0.06269949634074633
2021-06-24 00:00:00+00:00,0.06644438374996553
2021-06-25 00:00:00+00:00,0.0661865320963371
2021-06-26 00:00:00+00:00,0.0663885484925815
2021-06-27 00:00:00+00:00,0.06633256683964806
2021-06-28 00:00:00+00:00,0.06829009745922518
2021-06-29 00:00:00+00:00,0.06624172002614878
2021-06-30 00:00:00+00:00,0.0669712894875041
2021-07-01 00:00:00+00:00,0.06577095034508236
2021-07-02 00:00:00+00:00,0.06604654595259823
2021-07-03 00:00:00+00:00,0.06545725157714169
2021-07-04 00:00:00+00:00,0.06571573234345755
2021-07-05 00:00:00+00:00,0.0644300553013686
2021-07-06 00:00:00+00:00,0.06408330073865041
2021-07-07 00:00:00+00:00,0.06462053535681073
2021-07-08 00:00:00+00:00,0.06388800015773935
2021-07-09 00:00:00+00:00,0.06499032647044725
2021-07-10 00:00:00+00:00,0.06429191683762417
2021-07-11 00:00:00+00:00,0.06423960444514096
2021-07-12 00:00:00+00:00,0.06417453412887297
2021-07-13 00:00:00+00:00,0.04434314511279513
2021-07-14 00:00:00+00:00,0.044655169715059846
2021-07-15 00:00:00+00:00,0.037207543169821035
2021-07-16 00:00:00+00:00,0.037041259481951964
2021-07-17 00:00:00+00:00,0.03434492258528228
2021-07-18 00:00:00+00:00,0.034363450921197664
2021-07-19 00:00:00+00:00,0.03068995485734613
2021-07-20 00:00:00+00:00,0.03225181637721367
2021-07-21 00:00:00+00:00,0.030969396464894126
2021-07-22 00:00:00+00:00,0.03952317658562014
2021-07-23 00:00:00+00:00,0.03876476990214063
2021-07-24 00:00:00+00:00,0.039097173096418934
2021-07-25 00:00:00+00:00,0.038995882373047595
2021-07-26 00:00:00+00:00,0.038327101791431464
2021-07-27 00:00:00+00:00,0.03763795711164624
2021-07-28 00:00:00+00:00,0.03734080464314251
2021-07-29 00:00:00+00:00,0.03789612774859467
2021-07-30 00:00:00+00:00,0.035765032406045026
2021-07-31 00:00:00+00:00,0.03575392591993259
2021-08-01 00:00:00+00:00,0.03592667606233533
2021-08-02 00:00:00+00:00,0.036247832043558074
2021-08-03 00:00:00+00:00,0.03568170413990573
2021-08-04 00:00:00+00:00,0.034794350499557126
2021-08-05 00:00:00+00:00,0.03585327323564603
2021-08-06 00:00:00+00:00,0.03382741896614317
2021-08-07 00:00:00+00:00,0.03218288272806257
2021-08-08 00:00:00+00:00,0.034454940670418016
2021-08-09 00:00:00+00:00,0.03710000880530746
2021-08-10 00:00:00+00:00,0.03413296286944544
2021-08-11 00:00:00+00:00,0.0311683565145567
2021-08-12 00:00:00+00:00,0.026186586827854314
2021-08-13 00:00:00+00:00,0.027698688143431002
2021-08-14 00:00:00+00:00,0.03281305186847564
2021-08-15 00:00:00+00:00,0.03282003733412354
2021-08-16 00:00:00+00:00,0.033049074457783024
2021-08-17 00:00:00+00:00,0.03341953271058622
2021-08-18 00:00:00+00:00,0.034666680735194154
2021-08-19 00:00:00+00:00,0.035893094350315895
2021-08-20 00:00:00+00:00,0.03615784355523591
2021-08-21 00:00:00+00:00,0.03784681033736935
2021-08-22 00:00:00+00:00,0.0383410326809859
2021-08-23 00:00:00+00:00,0.03730268954132424
2021-08-24 00:00:00+00:00,0.03690757007092863
2021-08-25 00:00:00+00:00,0.03850141978391344
2021-08-26 00:00:00+00:00,0.03853241118669166
2021-08-27 00:00:00+00:00,0.041405770089562845
2021-08-28 00:00:00+00:00,0.04363954595232659
2021-08-29 00:00:00+00:00,0.042627575958450514
2021-08-30 00:00:00+00:00,0.04059667170319604
2021-08-31 00:00:00+00:00,0.04072337775919296
2021-09-01 00:00:00+00:00,0.04091698220622934
2021-09-02 00:00:00+00:00,0.04102076020745624
2021-09-03 00:00:00+00:00,0.04005445089400656
2021-09-04 00:00:00+00:00,0.03619153138418071
2021-09-05 00:00:00+00:00,0.03668780333637061
2021-09-06 00:00:00+00:00,0.036325833572538845
2021-09-07 00:00:00+00:00,0.03610511553707987
2021-09-08 00:00:00+00:00,0.04931068163444085
2021-09-09 00:00:00+00:00,0.047890769907055736
2021-09-10 00:00:00+00:00,0.047306562093025604
2021-09-11 00:00:00+00:00,0.04512423477815175
2021-09-12 00:00:00+00:00,0.04606863973195607
2021-09-13 00:00:00+00:00,0.04649660146735849
2021-09-14 00:00:00+00:00,0.04723591951656065
2021-09-15 00:00:00+00:00,0.04627652844173298
2021-09-16 00:00:00+00:00,0.04662543925832897
2021-09-17 00:00:00+00:00,0.045127429053220126
2021-09-18 00:00:00+00:00,0.04204415836895605
2021-09-19 00:00:00+00:00,0.042270687374009214
2021-09-20 00:00:00+00:00,0.04271720428869889
2021-09-21 00:00:00+00:00,0.05068801487414041
2021-09-22 00:00:00+00:00,0.05123725434920347
2021-09-23 00:00:00+00:00,0.060593076883722605
2021-09-24 00:00:00+00:00,0.06040721315793752
2021-09-25 00:00:00+00:00,0.0611874181218896
2021-09-26 00:00:00+00:00,0.06118534789692774
2021-09-27 00:00:00+00:00,0.06057844774497796
2021-09-28 00:00:00+00:00,0.06048254319317019
2021-09-29 00:00:00+00:00,0.05328770381957679
2021-09-30 00:00:00+00:00,0.05406270608990034
2021-10-01 00:00:00+00:00,0.0546997002661817
2021-10-02 00:00:00+00:00,0.05787623453971925
2021-10-03 00:00:00+00:00,0.057066370461220324
2021-10-04 00:00:00+00:00,0.05659021683328406
2021-10-05 00:00:00+00:00,0.05567690149664465
2021-10-06 00:00:00+00:00,0.05582800788239288
2021-10-07 00:00:00+00:00,0.05543418595125334
2021-10-08 00:00:00+00:00,0.0554342174084035
2021-10-09 00:00:00+00:00,0.055179671345977815
2021-10-10 00:00:00+00:00,0.05524890623274042
2021-10-11 00:00:00+00:00,0.055774248088673956
2021-10-12 00:00:00+00:00,0.04809133809076577
2021-10-13 00:00:00+00:00,0.04587247278992109
2021-10-14 00:00:00+00:00,0.03375025706465397
2021-10-15 00:00:00+00:00,0.033440771635162056
2021-10-16 00:00:00+00:00,0.03030569892739535
2021-10-17 00:00:00+00:00,0.030377676563653446
2021-10-18 00:00:00+00:00,0.0302569661385401
2021-10-19 00:00:00+00:00,0.02934609791019558
2021-10-20 00:00:00+00:00,0.027175111186760484
2021-10-21 00:00:00+00:00,0.02854043612312124
2021-10-22 00:00:00+00:00,0.028892561722829998
2021-10-23 00:00:00+00:00,0.022717696485527166
2021-10-24 00:00:00+00:00,0.022714584997182242
2021-10-25 00:00:00+00:00,0.022789777280844303
2021-10-26 00:00:00+00:00,0.02289525321472316
2021-10-27 00:00:00+00:00,0.02307426671799866
2021-10-28 00:00:00+00:00,0.029662420026540553
2021-10-29 00:00:00+00:00,0.033793463470988015
2021-10-30 00:00:00+00:00,0.033807047433192766
2021-10-31 00:00:00+00:00,0.034298428543836156
2021-11-01 00:00:00+00:00,0.03251515652251102
2021-11-02 00:00:00+00:00,0.03266155063860079
2021-11-03 00:00:00+00:00,0.0329621870914909
2021-11-04 00:00:00+00:00,0.03287449521704854
2021-11-05 00:00:00+00:00,0.03301086606431995
2021-11-06 00:00:00+00:00,0.032767288136440045
2021-11-07 00:00:00+00:00,0.032646201557156376
2021-11-08 00:00:00+00:00,0.032660603788725845
2021-11-09 00:00:00+00:00,0.03344253310311985
2021-11-10 00:00:00+00:00,0.03352016617677208
2021-11-11 00:00:00+00:00,0.03392343253861757
2021-11-12 00:00:00+00:00,0.03326763295090648
2021-11-13 00:00:00+00:00,0.03383407015172965
2021-11-14 00:00:00+00:00,0.034183801290445674
2021-11-15 00:00:00+00:00,0.034112331832269194
2021-11-16 00:00:00+00:00,0.03456080266361393
2021-11-17 00:00:00+00:00,0.03760596134580207
2021-11-18 00:00:00+00:00,0.032431430220373016
2021-11-19 00:00:00+00:00,0.03386366465398944
2021-11-20 00:00:00+00:00,0.03719152107610349
2021-11-21 00:00:00+00:00,0.037018047274255096
2021-11-22 00:00:00+00:00,0.03703481854744597
2021-11-23 00:00:00+00:00,0.0382452717590422
2021-11-24 00:00:00+00:00,0.037861246557684414
2021-11-25 00:00:00+00:00,0.03764991050701269
2021-11-26 00:00:00+00:00,0.03839246104836897
2021-11-27 00:00:00+00:00,0.04398120823950286
2021-11-28 00:00:00+00:00,0.04381407009521544
2021-11-29 00:00:00+00:00,0.04386083556364072
2021-11-30 00:00:00+00:00,0.04308532279778434
2021-12-01 00:00:00+00:00,0.04314889060953204
2021-12-02 00:00:00+00:00,0.04217931897708365
2021-12-03 00:00:00+00:00,0.04195244792067433
2021-12-04 00:00:00+00:00,0.04324896664978842
2021-12-05 00:00:00+00:00,0.046362206063026046
2021-12-06 00:00:00+00:00,0.04630157908992036
2021-12-07 00:00:00+00:00,0.04731489335573603
2021-12-08 00:00:00+00:00,0.04573221900465935
2021-12-09 00:00:00+00:00,0.04594724446908609
2021-12-10 00:00:00+00:00,0.04443506238738455
2021-12-11 00:00:00+00:00,0.04105124712516532
2021-12-12 00:00:00+00:00,0.0418239035383635
2021-12-13 00:00:00+00:00,0.04223348163050592
2021-12-14 00:00:00+00:00,0.045112795521882326
2021-12-15 00:00:00+00:00,0.046935803666181705
2021-12-16 00:00:00+00:00,0.047828183327382826
2021-12-17 00:00:00+00:00,0.04712558736414661
2021-12-18 00:00:00+00:00,0.04248876622929757
2021-12-19 00:00:00+00:00,0.04288937156838285
2021-12-20 00:00:00+00:00,0.04221842183439295
2021-12-21 00:00:00+00:00,0.04144785260522574
2021-12-22 00:00:00+00:00,0.04246905749350645
2021-12-23 00:00:00+00:00,0.04253055789186401
2021-12-24 00:00:00+00:00,0.04458077198112175
2021-12-25 00:00:00+00:00,0.04335496648796478
2021-12-26 00:00:00+00:00,0.03809393186750525
2021-12-27 00:00:00+00:00,0.037428424049284745
2021-12-28 00:00:00+00:00,0.03686524995719448
2021-12-29 00:00:00+00:00,0.04010435610675019
2021-12-30 00:00:00+00:00,0.04062278692226359
2021-12-31 00:00:00+00:00,0.038745536621772506
2022-01-01 00:00:00+00:00,0.03742547077098943
2022-01-02 00:00:00+00:00,0.03703485123827223
2022-01-03 00:00:00+00:00,0.03691147639087748
2022-01-04 00:00:00+00:00,0.03121566653045275
2022-01-05 00:00:00+00:00,0.029302914681742665
2022-01-06 00:00:00+00:00,0.030862262497811644
2022-01-07 00:00:00+00:00,0.030383627501781592
2022-01-08 00:00:00+00:00,0.032511287430740686
2022-01-09 00:00:00+00:00,0.031784176044837784
2022-01-10 00:00:00+00:00,0.03202922002333088
2022-01-11 00:00:00+00:00,0.0323765432219805
2022-01-12 00:00:00+00:00,0.033706135042107795
2022-01-13 00:00:00+00:00,0.03677056917704265
2022-01-14 00:00:00+00:00,0.0345634233844662
2022-01-15 00:00:00+00:00,0.03533514078271397
2022-01-16 00:00:00+00:00,0.035280129630804735
2022-01-17 00:00:00+00:00,0.03521602591173883
2022-01-18 00:00:00+00:00,0.03525460509180637
2022-01-19 00:00:00+00:00,0.032518971384390874
2022-01-20 00:00:00+00:00,0.03228949822419401
2022-01-21 00:00:00+00:00,0.03300412886053719
2022-01-22 00:00:00+00:00,0.04213267571162168
2022-01-23 00:00:00+00:00,0.042119402645791934
2022-01-24 00:00:00+00:00,0.044503545449367625
2022-01-25 00:00:00+00:00,0.044578695497656654
2022-01-26 00:00:00+00:00,0.04526277151775172
2022-01-27 00:00:00+00:00,0.043990273419888974
2022-01-28 00:00:00+00:00,0.04398453197738867
2022-01-29 00:00:00+00:00,0.04320600250851735
2022-01-30 00:00:00+00:00,0.04368929642888216
2022-01-31 00:00:00+00:00,0.043633258505418014
2022-02-01 00:00:00+00:00,0.04396037157321803
2022-02-02 00:00:00+00:00,0.04287121209239867
2022-02-03 00:00:00+00:00,0.041014647076227734
2022-02-04 00:00:00+00:00,0.04093669012768235
2022-02-05 00:00:00+00:00,0.046755439254990705
2022-02-06 00:00:00+00:00,0.0467740596611718
2022-02-07 00:00:00+00:00,0.047174546037577626
2022-02-08 00:00:00+00:00,0.04926647647354836
2022-02-09 00:00:00+00:00,0.049058513957168245
2022-02-10 00:00:00+00:00,0.04873465929596077
2022-02-11 00:00:00+00:00,0.04851486625598005
2022-02-12 00:00:00+00:00,0.041739451436879946
2022-02-13 00:00:00+00:00,0.03828666187567559
2022-02-14 00:00:00+00:00,0.03708322383820563
2022-02-15 00:00:00+00:00,0.036199453773451996
2022-02-16 00:00:00+00:00,0.03874430484219645
2022-02-17 00:00:00+00:00,0.03887483580492078
2022-02-18 00:00:00+00:00,0.043069561571729344
2022-02-19 00:00:00+00:00,0.043225911723247246
2022-02-20 00:00:00+00:00,0.0430359243427072
2022-02-21 00:00:00+00:00,0.04415264972061814
2022-02-22 00:00:00+00:00,0.046068649412758116
2022-02-23 00:00:00+00:00,0.04617126053492816
2022-02-24 00:00:00+00:00,0.04499512806955946
2022-02-25 00:00:00+00:00,0.04498603083606098
2022-02-26 00:00:00+00:00,0.040796831805418717
2022-02-27 00:00:00+00:00,0.04065729217659026
2022-02-28 00:00:00+00:00,0.041055617744033115
2022-03-01 00:00:00+00:00,0.04616892826514837
2022-03-02 00:00:00+00:00,0.04626649573824432
2022-03-03 00:00:00+00:00,0.046004769172225804
2022-03-04 00:00:00+00:00,0.04577894003769045
2022-03-05 00:00:00+00:00,0.045914449361550855
2022-03-06 00:00:00+00:00,0.046399604718649554
2022-03-07 00:00:00+00:00,0.04701240247815849
2022-03-08 00:00:00+00:00,0.047005735002753755
2022-03-09 00:00:00+00:00,0.04381768130761775
2022-03-10 00:00:00+00:00,0.04627299994774433
2022-03-11 00:00:00+00:00,0.044413041173021424
2022-03-12 00:00:00+00:00,0.04435915851747894
2022-03-13 00:00:00+00:00,0.04427272138916465
2022-03-14 00:00:00+00:00,0.04348716663796489
2022-03-15 00:00:00+00:00,0.041478127882399136
2022-03-16 00:00:00+00:00,0.04068677323350696
2022-03-17 00:00:00+00:00,0.04174663990208468
2022-03-18 00:00:00+00:00,0.0417573537614227
2022-03-19 00:00:00+00:00,0.04048604144343283
2022-03-20 00:00:00+00:00,0.04076966895467057
2022-03-21 00:00:00+00:00,0.04008143485438029
2022-03-22 00:00:00+00:00,0.032102150289457114
2022-03-23 00:00:00+00:00,0.032706761786438755
2022-03-24 00:00:00+00:00,0.03327287592930529
2022-03-25 00:00:00+00:00,0.032874731693065214
2022-03-26 00:00:00+00:00,0.029085255983632045
2022-03-27 00:00:00+00:00,0.028904994715432945
2022-03-28 00:00:00+00:00,0.027991647765397587
2022-03-29 00:00:00+00:00,0.027365093422381206
2022-03-30 00:00:00+00:00,0.02741032431116154
2022-03-31 00:00:00+00:00,0.025221481376825214
2022-04-01 00:00:00+00:00,0.023594228879230728
2022-04-02 00:00:00+00:00,0.023905656638975686
2022-04-03 00:00:00+00:00,0.02411082332688424
2022-04-04 00:00:00+00:00,0.022306796133258776
2022-04-05 00:00:00+00:00,0.02272910963642281
2022-04-06 00:00:00+00:00,0.023061474735087368
2022-04-07 00:00:00+00:00,0.030710526301749023
2022-04-08 00:00:00+00:00,0.031221273342640795
2022-04-09 00:00:00+00:00,0.03256826290902742
2022-04-10 00:00:00+00:00,0.03235386651114816
2022-04-11 00:00:00+00:00,0.031655703448929075
2022-04-12 00:00:00+00:00,0.03746423769879184
2022-04-13 00:00:00+00:00,0.03752504380962357
2022-04-14 00:00:00+00:00,0.0372307247277205
2022-04-15 00:00:00+00:00,0.036849181894874274
2022-04-16 00:00:00+00:00,0.03699461406611368
2022-04-17 00:00:00+00:00,0.036698749460653275
2022-04-18 00:00:00+00:00,0.03564132089623476
2022-04-19 00:00:00+00:00,0.03611467162342749
2022-04-20 00:00:00+00:00,0.0362876800283752
2022-04-21 00:00:00+00:00,0.03611991046474534
2022-04-22 00:00:00+00:00,0.03618023044973475
2022-04-23 00:00:00+00:00,0.035178225109943694
2022-04-24 00:00:00+00:00,0.035173160369442014
2022-04-25 00:00:00+00:00,0.034316093771383165
2022-04-26 00:00:00+00:00,0.035426539545417184
2022-04-27 00:00:00+00:00,0.03803424192327797
2022-04-28 00:00:00+00:00,0.033916094485486215
2022-04-29 00:00:00+00:00,0.032912041165748085
2022-04-30 00:00:00+00:00,0.032751568395056836
2022-05-01 00:00:00+00:00,0.03409339730133731
2022-05-02 00:00:00+00:00,0.035685490929245535
2022-05-03 00:00:00+00:00,0.03048747735296047
2022-05-04 00:00:00+00:00,0.029505206669746393
2022-05-05 00:00:00+00:00,0.03457178110402167
2022-05-06 00:00:00+00:00,0.038674775935769165
2022-05-07 00:00:00+00:00,0.038145255217161084
2022-05-08 00:00:00+00:00,0.03824017153999517
2022-05-09 00:00:00+00:00,0.038431364037640164
2022-05-10 00:00:00+00:00,0.0485245653578732
2022-05-11 00:00:00+00:00,0.04932687237159574
2022-05-12 00:00:00+00:00,0.061642229574928285
2022-05-13 00:00:00+00:00,0.06168205846598478
2022-05-14 00:00:00+00:00,0.06552945837278468
2022-05-15 00:00:00+00:00,0.06677551770905231
2022-05-16 00:00:00+00:00,0.06880147378909487
2022-05-17 00:00:00+00:00,0.06879321065510936
2022-05-18 00:00:00+00:00,0.06914830412779732
2022-05-19 00:00:00+00:00,0.07090865531010293
2022-05-20 00:00:00+00:00,0.07264510874948421
2022-05-21 00:00:00+00:00,0.07261627322568766
2022-05-22 00:00:00+00:00,0.0724305824480161
2022-05-23 00:00:00+00:00,0.07218121857343204
2022-05-24 00:00:00+00:00,0.07235606532446556
2022-05-25 00:00:00+00:00,0.072646120099948
2022-05-26 00:00:00+00:00,0.0691662404182184
2022-05-27 00:00:00+00:00,0.06838397962290575
2022-05-28 00:00:00+00:00,0.06840035424627781
2022-05-29 00:00:00+00:00,0.06967324298056998
2022-05-30 00:00:00+00:00,0.06988295755184538
2022-05-31 00:00:00+00:00,0.06527345669554448
2022-06-01 00:00:00+00:00,0.06451766015253126
2022-06-02 00:00:00+00:00,0.05283497643453782
2022-06-03 00:00:00+00:00,0.05238756603262292
2022-06-04 00:00:00+00:00,0.05029332719596217
2022-06-05 00:00:00+00:00,0.04963666185009373
2022-06-06 00:00:00+00:00,0.0476439716820563
2022-06-07 00:00:00+00:00,0.04650554266698677
2022-06-08 00:00:00+00:00,0.04542061425817325
2022-06-09 00:00:00+00:00,0.040166642160967145
2022-06-10 00:00:00+00:00,0.03813789411664368
2022-06-11 00:00:00+00:00,0.03947910089683993
2022-06-12 00:00:00+00:00,0.04146821676923305
2022-06-13 00:00:00+00:00,0.04260092565539107
2022-06-14 00:00:00+00:00,0.04750390026417207
2022-06-15 00:00:00+00:00,0.04829785907715253
2022-06-16 00:00:00+00:00,0.05332118563704989
2022-06-17 00:00:00+00:00,0.0573280067827378
2022-06-18 00:00:00+00:00,0.057926120149300424
2022-06-19 00:00:00+00:00,0.0572527709933565
2022-06-20 00:00:00+00:00,0.06151030961644612
2022-06-21 00:00:00+00:00,0.058389438259036384
2022-06-22 00:00:00+00:00,0.058510251114822116
2022-06-23 00:00:00+00:00,0.05677072242673713
2022-06-24 00:00:00+00:00,0.059092086642410786
2022-06-25 00:00:00+00:00,0.06067784772212525
2022-06-26 00:00:00+00:00,0.06055239891499371
2022-06-27 00:00:00+00:00,0.06069059264399131
2022-06-28 00:00:00+00:00,0.05985418076076397
2022-06-29 00:00:00+00:00,0.06057404792558809
2022-06-30 00:00:00+00:00,0.060582550049832214
2022-07-01 00:00:00+00:00,0.06058214408191217
2022-07-02 00:00:00+00:00,0.059594506545440684
2022-07-03 00:00:00+00:00,0.05808804281685251
2022-07-04 00:00:00+00:00,0.056149117904739844
2022-07-05 00:00:00+00:00,0.051164789101879014
2022-07-06 00:00:00+00:00,0.05112200741677843
2022-07-07 00:00:00+00:00,0.047739969460364934
2022-07-08 00:00:00+00:00,0.03973162127740036
2022-07-09 00:00:00+00:00,0.03953406434444195
2022-07-10 00:00:00+00:00,0.037434394165244037
2022-07-11 00:00:00+00:00,0.033589468070222256
2022-07-12 00:00:00+00:00,0.03610125654377051
2022-07-13 00:00:00+00:00,0.03649625379117401
2022-07-14 00:00:00+00:00,0.03724638465946389
2022-07-15 00:00:00+00:00,0.0346349634796751
2022-07-16 00:00:00+00:00,0.031555204249753575
2022-07-17 00:00:00+00:00,0.03386532231884457
2022-07-18 00:00:00+00:00,0.03361522693168376
2022-07-19 00:00:00+00:00,0.039562153674622
2022-07-20 00:00:00+00:00,0.0374402485604172
2022-07-21 00:00:00+00:00,0.037804825625302345
2022-07-22 00:00:00+00:00,0.037192899735010526
2022-07-23 00:00:00+00:00,0.03797650599008938
2022-07-24 00:00:00+00:00,0.037951334578665605
2022-07-25 00:00:00+00:00,0.03795037550007204
2022-07-26 00:00:00+00:00,0.04140290134571942
2022-07-27 00:00:00+00:00,0.04106700642102296
2022-07-28 00:00:00+00:00,0.04577350833344528
2022-07-29 00:00:00+00:00,0.04582426217407554
2022-07-30 00:00:00+00:00,0.04572084537518057
2022-07-31 00:00:00+00:00,0.04574415718433233
2022-08-01 00:00:00+00:00,0.04464171887409906
2022-08-02 00:00:00+00:00,0.042043595465890454
2022-08-03 00:00:00+00:00,0.04161862410294156
2022-08-04 00:00:00+00:00,0.04073238590347358
2022-08-05 00:00:00+00:00,0.04031086631400239
2022-08-06 00:00:00+00:00,0.04090265551459142
2022-08-07 00:00:00+00:00,0.03971272190325948
2022-08-08 00:00:00+00:00,0.039398471073234895
2022-08-09 00:00:00+00:00,0.034147815595361834
2022-08-10 00:00:00+00:00,0.03478963381295839
2022-08-11 00:00:00+00:00,0.035270264064277364
2022-08-12 00:00:00+00:00,0.03525733573991008
2022-08-13 00:00:00+00:00,0.034444991840466434
2022-08-14 00:00:00+00:00,0.03444825056006436
2022-08-15 00:00:00+00:00,0.03450844328165776
2022-08-16 00:00:00+00:00,0.02892112160522467
2022-08-17 00:00:00+00:00,0.028657231127381354
2022-08-18 00:00:00+00:00,0.02249547679366642
2022-08-19 00:00:00+00:00,0.021856009276300315
2022-08-20 00:00:00+00:00,0.03018410091366249
2022-08-21 00:00:00+00:00,0.030171904053969686
2022-08-22 00:00:00+00:00,0.03106016048673157
2022-08-23 00:00:00+00:00,0.030997146647636642
2022-08-24 00:00:00+00:00,0.03095528272136503
2022-08-25 00:00:00+00:00,0.031053264631171494
2022-08-26 00:00:00+00:00,0.031035622038489724
2022-08-27 00:00:00+00:00,0.03397211106247798
2022-08-28 00:00:00+00:00,0.034018693506013026
2022-08-29 00:00:00+00:00,0.03401062465440627
2022-08-30 00:00:00+00:00,0.03519785891174992
2022-08-31 00:00:00+00:00,0.035043392072289146
2022-09-01 00:00:00+00:00,0.03307900970902561
2022-09-02 00:00:00+00:00,0.03372991871542102
2022-09-03 00:00:00+00:00,0.03290082800887563
2022-09-04 00:00:00+00:00,0.032850331429447606
2022-09-05 00:00:00+00:00,0.03329181861820018
2022-09-06 00:00:00+00:00,0.03325271151324083
2022-09-07 00:00:00+00:00,0.03455655648479843
2022-09-08 00:00:00+00:00,0.0359535923392572
2022-09-09 00:00:00+00:00,0.03579707558195614
2022-09-10 00:00:00+00:00,0.0315937339786404
2022-09-11 00:00:00+00:00,0.031742381710792876
2022-09-12 00:00:00+00:00,0.03119711304288455
2022-09-13 00:00:00+00:00,0.031167250150640056
2022-09-14 00:00:00+00:00,0.03543930134069395
2022-09-15 00:00:00+00:00,0.03577901450406994
2022-09-16 00:00:00+00:00,0.03696395241564229
2022-09-17 00:00:00+00:00,0.032642563982222504
2022-09-18 00:00:00+00:00,0.03332415786535828
2022-09-19 00:00:00+00:00,0.03638860119516528
2022-09-20 00:00:00+00:00,0.035357693938800706
2022-09-21 00:00:00+00:00,0.03516360354614402
2022-09-22 00:00:00+00:00,0.03539039062251568
2022-09-23 00:00:00+00:00,0.038217869810134655
2022-09-24 00:00:00+00:00,0.03838710664674
2022-09-25 00:00:00+00:00,0.03857031143343407
2022-09-26 00:00:00+00:00,0.0385289862316654
2022-09-27 00:00:00+00:00,0.03864718718240824
2022-09-28 00:00:00+00:00,0.03675876949148164
2022-09-29 00:00:00+00:00,0.03548618360663628
2022-09-30 00:00:00+00:00,0.03553560980630272
2022-10-01 00:00:00+00:00,0.033288096973256444
2022-10-02 00:00:00+00:00,0.0330200819541968
2022-10-03 00:00:00+00:00,0.03318236616228864
2022-10-04 00:00:00+00:00,0.03385397463174571
2022-10-05 00:00:00+00:00,0.030339019931265476
2022-10-06 00:00:00+00:00,0.029995714802994216
2022-10-07 00:00:00+00:00,0.028267860133878542
2022-10-08 00:00:00+00:00,0.02831938004403522
2022-10-09 00:00:00+00:00,0.027466520146772342
2022-10-10 00:00:00+00:00,0.022379072699260715
2022-10-11 00:00:00+00:00,0.023189417296769016
2022-10-12 00:00:00+00:00,0.023071163104514517
2022-10-13 00:00:00+00:00,0.02262721229709311
2022-10-14 00:00:00+00:00,0.016868396357614612
2022-10-15 00:00:00+00:00,0.016282336886386497
2022-10-16 00:00:00+00:00,0.0160878577330737
2022-10-17 00:00:00+00:00,0.016294025006669384
2022-10-18 00:00:00+00:00,0.016502203180976414
2022-10-19 00:00:00+00:00,0.016554258637896915
2022-10-20 00:00:00+00:00,0.0171184621539185
2022-10-21 00:00:00+00:00,0.01680860767810201
2022-10-22 00:00:00+00:00,0.017153763727150856
2022-10-23 00:00:00+00:00,0.017131033912504392
2022-10-24 00:00:00+00:00,0.01773574769043752
2022-10-25 00:00:00+00:00,0.016985072325259254
2022-10-26 00:00:00+00:00,0.021734320674032703
2022-10-27 00:00:00+00:00,0.023002639148304138
2022-10-28 00:00:00+00:00,0.022994524920508526
2022-10-29 00:00:00+00:00,0.02432689334128592
2022-10-30 00:00:00+00:00,0.027081573967869838
2022-10-31 00:00:00+00:00,0.027230500336996123
2022-11-01 00:00:00+00:00,0.02574580838331867
2022-11-02 00:00:00+00:00,0.025299649717371003
2022-11-03 00:00:00+00:00,0.026348045798906
2022-11-04 00:00:00+00:00,0.026120253839835836
2022-11-05 00:00:00+00:00,0.02985819706147958
2022-11-06 00:00:00+00:00,0.02946274857310851
2022-11-07 00:00:00+00:00,0.03227249497828614
2022-11-08 00:00:00+00:00,0.032638399274583105
2022-11-09 00:00:00+00:00,0.0432768036068102
2022-11-10 00:00:00+00:00,0.060601914794506585
2022-11-11 00:00:00+00:00,0.07307493750281724
2022-11-12 00:00:00+00:00,0.07356087224702487
2022-11-13 00:00:00+00:00,0.0740601372464097
2022-11-14 00:00:00+00:00,0.07418076932308366
2022-11-15 00:00:00+00:00,0.07427726996306816
2022-11-16 00:00:00+00:00,0.07270079811629081
2022-11-17 00:00:00+00:00,0.07226267389623996
2022-11-18 00:00:00+00:00,0.07224290024652737
2022-11-19 00:00:00+00:00,0.07155179294978975
2022-11-20 00:00:00+00:00,0.06997887662414361
2022-11-21 00:00:00+00:00,0.07047800479372231
2022-11-22 00:00:00+00:00,0.07023479667963797
2022-11-23 00:00:00+00:00,0.0712130111516226
2022-11-24 00:00:00+00:00,0.07305284226774354
2022-11-25 00:00:00+00:00,0.073038225732339
2022-11-26 00:00:00+00:00,0.07047224782370269
2022-11-27 00:00:00+00:00,0.07040635446790858
2022-11-28 00:00:00+00:00,0.07002164573440649
2022-11-29 00:00:00+00:00,0.07015435808940583
2022-11-30 00:00:00+00:00,0.06540820306749931
2022-12-01 00:00:00+00:00,0.049591272501282535
2022-12-02 00:00:00+00:00,0.02999408812588827
2022-12-03 00:00:00+00:00,0.029208110696860558
2022-12-04 00:00:00+00:00,0.028249190121199422
2022-12-05 00:00:00+00:00,0.0272403575297416
2022-12-06 00:00:00+00:00,0.027016348322274914
2022-12-07 00:00:00+00:00,0.026853968198352157
2022-12-08 00:00:00+00:00,0.027454242169504116
2022-12-09 00:00:00+00:00,0.027744647338447302
2022-12-10 00:00:00+00:00,0.027942920287314276
2022-12-11 00:00:00+00:00,0.02793975272201473
2022-12-12 00:00:00+00:00,0.025749902722872555
2022-12-13 00:00:00+00:00,0.025017183574463326
2022-12-14 00:00:00+00:00,0.02386902718180008
2022-12-15 00:00:00+00:00,0.019490267195263384
2022-12-16 00:00:00+00:00,0.0205307845441677
2022-12-17 00:00:00+00:00,0.02872317546184368
2022-12-18 00:00:00+00:00,0.029166895659263475
2022-12-19 00:00:00+00:00,0.02903121023978184
2022-12-20 00:00:00+00:00,0.02956416489397735
2022-12-21 00:00:00+00:00,0.030415248951118034
2022-12-22 00:00:00+00:00,0.028390627011296875
2022-12-23 00:00:00+00:00,0.02826249140283245
2022-12-24 00:00:00+00:00,0.027803482488875982
2022-12-25 00:00:00+00:00,0.0276770577873747
2022-12-26 00:00:00+00:00,0.027045231146656152
2022-12-27 00:00:00+00:00,0.02733719151984614
2022-12-28 00:00:00+00:00,0.027257747954259327
2022-12-29 00:00:00+00:00,0.027710604632142855
2022-12-30 00:00:00+00:00,0.026927752501856323
2022-12-31 00:00:00+00:00,0.026993934584224707
2023-01-01 00:00:00+00:00,0.027105186339833776
2023-01-02 00:00:00+00:00,0.0271635568153893
2023-01-03 00:00:00+00:00,0.028475291385458103
2023-01-04 00:00:00+00:00,0.028359309678288883
2023-01-05 00:00:00+00:00,0.029345475923065353
2023-01-06 00:00:00+00:00,0.02878862278904608
2023-01-07 00:00:00+00:00,0.02018206384901532
2023-01-08 00:00:00+00:00,0.019867939485183183
2023-01-09 00:00:00+00:00,0.020810778353529145
2023-01-10 00:00:00+00:00,0.019761042132403876
2023-01-11 00:00:00+00:00,0.01852584600870074
2023-01-12 00:00:00+00:00,0.020611403104744935
2023-01-13 00:00:00+00:00,0.020637068974387024
2023-01-14 00:00:00+00:00,0.021643835636193022
2023-01-15 00:00:00+00:00,0.02559281180550401
2023-01-16 00:00:00+00:00,0.02631800275680472
2023-01-17 00:00:00+00:00,0.026507812725409276
2023-01-18 00:00:00+00:00,0.025989157780858557
2023-01-19 00:00:00+00:00,0.026797968034714872
2023-01-20 00:00:00+00:00,0.02657765145984615
2023-01-21 00:00:00+00:00,0.029764267132435993
2023-01-22 00:00:00+00:00,0.030633403486186574
2023-01-23 00:00:00+00:00,0.030531278361310907
2023-01-24 00:00:00+00:00,0.030376595186618893
2023-01-25 00:00:00+00:00,0.03323631216382814
2023-01-26 00:00:00+00:00,0.03348603841620303
2023-01-27 00:00:00+00:00,0.03323763479341353
2023-01-28 00:00:00+00:00,0.033330290177669225
2023-01-29 00:00:00+00:00,0.033623904402812085
2023-01-30 00:00:00+00:00,0.0339336608695725
2023-01-31 00:00:00+00:00,0.036380737873361504
2023-02-01 00:00:00+00:00,0.03652105850714045
2023-02-02 00:00:00+00:00,0.035501437904599246
2023-02-03 00:00:00+00:00,0.035634019240866364
2023-02-04 00:00:00+00:00,0.034994327176020086
2023-02-05 00:00:00+00:00,0.031524812088026544
2023-02-06 00:00:00+00:00,0.03197179186234131
2023-02-07 00:00:00+00:00,0.03232949942387135
2023-02-08 00:00:00+00:00,0.03339391518304211
2023-02-09 00:00:00+00:00,0.03174802766220108
2023-02-10 00:00:00+00:00,0.036477754661740046
2023-02-11 00:00:00+00:00,0.03196895369804059
2023-02-12 00:00:00+00:00,0.03202558388329048
2023-02-13 00:00:00+00:00,0.032023629876649626
2023-02-14 00:00:00+00:00,0.03171183827624344
2023-02-15 00:00:00+00:00,0.03111599806626095
2023-02-16 00:00:00+00:00,0.03410428256340797
2023-02-17 00:00:00+00:00,0.03534856507276081
2023-02-18 00:00:00+00:00,0.03602334835534572
2023-02-19 00:00:00+00:00,0.035873460560317
2023-02-20 00:00:00+00:00,0.034786695003277676
2023-02-21 00:00:00+00:00,0.03300940510195718
2023-02-22 00:00:00+00:00,0.033049847904765534
2023-02-23 00:00:00+00:00,0.03250492401474459
2023-02-24 00:00:00+00:00,0.032581492727161564
2023-02-25 00:00:00+00:00,0.03341827645308459
2023-02-26 00:00:00+00:00,0.033422473143527975
2023-02-27 00:00:00+00:00,0.03336640107459536
2023-02-28 00:00:00+00:00,0.03323927015662254
2023-03-01 00:00:00+00:00,0.031953839351928165
2023-03-02 00:00:00+00:00,0.03231051544490656
2023-03-03 00:00:00+00:00,0.02756271175704938
2023-03-04 00:00:00+00:00,0.028646331290958695
2023-03-05 00:00:00+00:00,0.028536801293932258
2023-03-06 00:00:00+00:00,0.02849412834761218
2023-03-07 00:00:00+00:00,0.028352816113345197
2023-03-08 00:00:00+00:00,0.027260413309669468
2023-03-09 00:00:00+00:00,0.02167340961278689
2023-03-10 00:00:00+00:00,0.022654274835614642
2023-03-11 00:00:00+00:00,0.01984172053600068
2023-03-12 00:00:00+00:00,0.01964995068100572
2023-03-13 00:00:00+00:00,0.027844053217004276
2023-03-14 00:00:00+00:00,0.029212893230696868
2023-03-15 00:00:00+00:00,0.029475669401551056
2023-03-16 00:00:00+00:00,0.031295537336628335
2023-03-17 00:00:00+00:00,0.03226520397003214
2023-03-18 00:00:00+00:00,0.03491144341854812
2023-03-19 00:00:00+00:00,0.0353751911698667
2023-03-20 00:00:00+00:00,0.03559810232705973
2023-03-21 00:00:00+00:00,0.03628825572877475
2023-03-22 00:00:00+00:00,0.03866938595004957
2023-03-23 00:00:00+00:00,0.039203286826070806
2023-03-24 00:00:00+00:00,0.03992969226560934
2023-03-25 00:00:00+00:00,0.039999348916084476
2023-03-26 00:00:00+00:00,0.03978195010979326
2023-03-27 00:00:00+00:00,0.03980021415364811
2023-03-28 00:00:00+00:00,0.040307143631740386
2023-03-29 00:00:00+00:00,0.04053460060755719
2023-03-30 00:00:00+00:00,0.03972132304077833
2023-03-31 00:00:00+00:00,0.03760450585544562
2023-04-01 00:00:00+00:00,0.037681598332721826
2023-04-02 00:00:00+00:00,0.0374973166678595
2023-04-03 00:00:00+00:00,0.03442510325947138
2023-04-04 00:00:00+00:00,0.033641235905050144
2023-04-05 00:00:00+00:00,0.03351321065696183
2023-04-06 00:00:00+00:00,0.030817031279870892
2023-04-07 00:00:00+00:00,0.030964030913140754
2023-04-08 00:00:00+00:00,0.027376468683319676
2023-04-09 00:00:00+00:00,0.02672736713119315
2023-04-10 00:00:00+00:00,0.026194787396428817
2023-04-11 00:00:00+00:00,0.025280211517045126
2023-04-12 00:00:00+00:00,0.02139213676158915
2023-04-13 00:00:00+00:00,0.019661923438361744
2023-04-14 00:00:00+00:00,0.01868340537020677
2023-04-15 00:00:00+00:00,0.01651538171610973
2023-04-16 00:00:00+00:00,0.016450963698642157
2023-04-17 00:00:00+00:00,0.01673162775312364
2023-04-18 00:00:00+00:00,0.015918699261148108
2023-04-19 00:00:00+00:00,0.01580600190696685
2023-04-20 00:00:00+00:00,0.02408524112615678
2023-04-21 00:00:00+00:00,0.024519007375771108
2023-04-22 00:00:00+00:00,0.02595202125495542
2023-04-23 00:00:00+00:00,0.02667513176576922
2023-04-24 00:00:00+00:00,0.02667469501959589
2023-04-25 00:00:00+00:00,0.026409096909708926
2023-04-26 00:00:00+00:00,0.02690217956474844
2023-04-27 00:00:00+00:00,0.027110726402945838
2023-04-28 00:00:00+00:00,0.027324014039692437
2023-04-29 00:00:00+00:00,0.027268094109295732
2023-04-30 00:00:00+00:00,0.0271950276786354
2023-05-01 00:00:00+00:00,0.02718081005958671
2023-05-02 00:00:00+00:00,0.027347498378830642
2023-05-03 00:00:00+00:00,0.027102818949517923
2023-05-04 00:00:00+00:00,0.027209870986685536
2023-05-05 00:00:00+00:00,0.026200595683632803
2023-05-06 00:00:00+00:00,0.026534450586671747
2023-05-07 00:00:00+00:00,0.027371737362833617
2023-05-08 00:00:00+00:00,0.026697305679174204
2023-05-09 00:00:00+00:00,0.028077157407633547
2023-05-10 00:00:00+00:00,0.02716092344307089
2023-05-11 00:00:00+00:00,0.022149591308739343
2023-05-12 00:00:00+00:00,0.022201541522139392
2023-05-13 00:00:00+00:00,0.02048891351354052
2023-05-14 00:00:00+00:00,0.019379268347786117
2023-05-15 00:00:00+00:00,0.019410697472229097
2023-05-16 00:00:00+00:00,0.019555342015054333
2023-05-17 00:00:00+00:00,0.018553201483518317
2023-05-18 00:00:00+00:00,0.01887994089285656
2023-05-19 00:00:00+00:00,0.018107835566899527
2023-05-20 00:00:00+00:00,0.018130708258306486
2023-05-21 00:00:00+00:00,0.01814345370657078
2023-05-22 00:00:00+00:00,0.018363696004472043
2023-05-23 00:00:00+00:00,0.0175825139573346
2023-05-24 00:00:00+00:00,0.017696238142623548
2023-05-25 00:00:00+00:00,0.018679453657922132
2023-05-26 00:00:00+00:00,0.018599614394666914
2023-05-27 00:00:00+00:00,0.017702226605323803
2023-05-28 00:00:00+00:00,0.016660091875498335
2023-05-29 00:00:00+00:00,0.018132886967960386
2023-05-30 00:00:00+00:00,0.01481490490737357
2023-05-31 00:00:00+00:00,0.014891323914159291
2023-06-01 00:00:00+00:00,0.015188040091646067
2023-06-02 00:00:00+00:00,0.014258797124108626
2023-06-03 00:00:00+00:00,0.014847972050490588
2023-06-04 00:00:00+00:00,0.014761092817854801
2023-06-05 00:00:00+00:00,0.01477528932387207
2023-06-06 00:00:00+00:00,0.020691674244536624
2023-06-07 00:00:00+00:00,0.022021460801462306
2023-06-08 00:00:00+00:00,0.023929805687874298
2023-06-09 00:00:00+00:00,0.023803061754106045
2023-06-10 00:00:00+00:00,0.023941503995510763
2023-06-11 00:00:00+00:00,0.02976388442840685
2023-06-12 00:00:00+00:00,0.029687012264686667
2023-06-13 00:00:00+00:00,0.029541031897529154
2023-06-14 00:00:00+00:00,0.029407381590836237
2023-06-15 00:00:00+00:00,0.029646317275657235
2023-06-16 00:00:00+00:00,0.029695230135290036
2023-06-17 00:00:00+00:00,0.029856639408283706
2023-06-18 00:00:00+00:00,0.02977397602098613
2023-06-19 00:00:00+00:00,0.02849526920013186
2023-06-20 00:00:00+00:00,0.028746925263927508
2023-06-21 00:00:00+00:00,0.02974574361767357
2023-06-22 00:00:00+00:00,0.03178792930048113
2023-06-23 00:00:00+00:00,0.031802897770067756
2023-06-24 00:00:00+00:00,0.032130015099775304
2023-06-25 00:00:00+00:00,0.032302226518124574
2023-06-26 00:00:00+00:00,0.0323557058406386
2023-06-27 00:00:00+00:00,0.02962823796350386
2023-06-28 00:00:00+00:00,0.028709977468259745
2023-06-29 00:00:00+00:00,0.028416774696338427
2023-06-30 00:00:00+00:00,0.02930783138021291
2023-07-01 00:00:00+00:00,0.03157954266593295
2023-07-02 00:00:00+00:00,0.02475343862530394
2023-07-03 00:00:00+00:00,0.024737223552449117
2023-07-04 00:00:00+00:00,0.024706291165644656
2023-07-05 00:00:00+00:00,0.024918854405696616
2023-07-06 00:00:00+00:00,0.023692663597738483
2023-07-07 00:00:00+00:00,0.02447457411666841
2023-07-08 00:00:00+00:00,0.024573023382540308
2023-07-09 00:00:00+00:00,0.024581432544156723
2023-07-10 00:00:00+00:00,0.024751941741425483
2023-07-11 00:00:00+00:00,0.024757388249007854
2023-07-12 00:00:00+00:00,0.024110158795255722
2023-07-13 00:00:00+00:00,0.022325415849890753
2023-07-14 00:00:00+00:00,0.0406038954260658
2023-07-15 00:00:00+00:00,0.04145468548609438
2023-07-16 00:00:00+00:00,0.04102433344205949
2023-07-17 00:00:00+00:00,0.041300024709273214
2023-07-18 00:00:00+00:00,0.04079629635213919
2023-07-19 00:00:00+00:00,0.041069899447338826
2023-07-20 00:00:00+00:00,0.039465341932447134
2023-07-21 00:00:00+00:00,0.03933824118859322
2023-07-22 00:00:00+00:00,0.037876110088210395
2023-07-23 00:00:00+00:00,0.038612272106169326
2023-07-24 00:00:00+00:00,0.038612860290008266
2023-07-25 00:00:00+00:00,0.039211664066464286
2023-07-26 00:00:00+00:00,0.039165439943123846
2023-07-27 00:00:00+00:00,0.03877287305671951
2023-07-28 00:00:00+00:00,0.03834953038617051
2023-07-29 00:00:00+00:00,0.03821810935727638
2023-07-30 00:00:00+00:00,0.03820464861918448
2023-07-31 00:00:00+00:00,0.03819290848615096
2023-08-01 00:00:00+00:00,0.03836630594734297
2023-08-02 00:00:00+00:00,0.038378463063624996
2023-08-03 00:00:00+00:00,0.0391123367573484
2023-08-04 00:00:00+00:00,0.016276467480543195
2023-08-05 00:00:00+00:00,0.01486148621993194
2023-08-06 00:00:00+00:00,0.014701749738384833
2023-08-07 00:00:00+00:00,0.014543438818536918
2023-08-08 00:00:00+00:00,0.01454367191411815
2023-08-09 00:00:00+00:00,0.015536684541383797
2023-08-10 00:00:00+00:00,0.014802801351563713
2023-08-11 00:00:00+00:00,0.014808610643433529
2023-08-12 00:00:00+00:00,0.01461910803047697
2023-08-13 00:00:00+00:00,0.013395038309322982
2023-08-14 00:00:00+00:00,0.013004800301419607
2023-08-15 00:00:00+00:00,0.011868697586141346
2023-08-16 00:00:00+00:00,0.01330642273544168
2023-08-17 00:00:00+00:00,0.014413243378576602
2023-08-18 00:00:00+00:00,0.02233284260156448
2023-08-19 00:00:00+00:00,0.022426970777611
2023-08-20 00:00:00+00:00,0.022364446944171435
2023-08-21 00:00:00+00:00,0.02261454886312104
2023-08-22 00:00:00+00:00,0.0226894463955028
2023-08-23 00:00:00+00:00,0.02232038757071147
2023-08-24 00:00:00+00:00,0.02285477200379803
2023-08-25 00:00:00+00:00,0.022836407138685465
2023-08-26 00:00:00+00:00,0.022852307124741754
2023-08-27 00:00:00+00:00,0.022773035511763615
2023-08-28 00:00:00+00:00,0.022947234631037594
2023-08-29 00:00:00+00:00,0.02309204405901367
2023-08-30 00:00:00+00:00,0.024377639997039027
2023-08-31 00:00:00+00:00,0.02462094138583297
2023-09-01 00:00:00+00:00,0.02589902821547018
2023-09-02 00:00:00+00:00,0.025866205114818956
2023-09-03 00:00:00+00:00,0.025927121369641898
2023-09-04 00:00:00+00:00,0.02598559715338974
2023-09-05 00:00:00+00:00,0.025810656122494797
2023-09-06 00:00:00+00:00,0.025347699575172942
2023-09-07 00:00:00+00:00,0.024649860846391886
2023-09-08 00:00:00+00:00,0.016963406372073664
2023-09-09 00:00:00+00:00,0.01698801731228179
2023-09-10 00:00:00+00:00,0.016811365056734796
2023-09-11 00:00:00+00:00,0.017313189633854364
2023-09-12 00:00:00+00:00,0.018228446998003918
2023-09-13 00:00:00+00:00,0.018629931799261423
2023-09-14 00:00:00+00:00,0.01788069654307595
2023-09-15 00:00:00+00:00,0.017971075195857895
2023-09-16 00:00:00+00:00,0.018331806106292887
2023-09-17 00:00:00+00:00,0.018329753928630513
2023-09-18 00:00:00+00:00,0.01841529837154158
2023-09-19 00:00:00+00:00,0.01871697125158939
2023-09-20 00:00:00+00:00,0.016496091995327703
2023-09-21 00:00:00+00:00,0.01594633201675007
2023-09-22 00:00:00+00:00,0.013837783463904156
2023-09-23 00:00:00+00:00,0.013713037632424903
2023-09-24 00:00:00+00:00,0.013669615626425404
2023-09-25 00:00:00+00:00,0.013887733690737905
2023-09-26 00:00:00+00:00,0.014087445296948938
2023-09-27 00:00:00+00:00,0.014032551209732458
2023-09-28 00:00:00+00:00,0.014023563741249002
2023-09-29 00:00:00+00:00,0.015093406726149712
2023-09-30 00:00:00+00:00,0.015027362175913866
2023-10-01 00:00:00+00:00,0.015107250006455486
2023-10-02 00:00:00+00:00,0.016530048481885995
2023-10-03 00:00:00+00:00,0.015787090380783405
2023-10-04 00:00:00+00:00,0.015542896765906731
2023-10-05 00:00:00+00:00,0.015421787111055962
2023-10-06 00:00:00+00:00,0.015489858767738705
2023-10-07 00:00:00+00:00,0.01568934797724145
2023-10-08 00:00:00+00:00,0.015824982595379587
2023-10-09 00:00:00+00:00,0.015558477356605488
2023-10-10 00:00:00+00:00,0.01709173227878061
2023-10-11 00:00:00+00:00,0.01677474239825798
2023-10-12 00:00:00+00:00,0.01698261717287957
2023-10-13 00:00:00+00:00,0.016510028743860806
2023-10-14 00:00:00+00:00,0.016616533493772997
2023-10-15 00:00:00+00:00,0.016661550952620965
2023-10-16 00:00:00+00:00,0.01643228124977684
2023-10-17 00:00:00+00:00,0.01768068232343435
2023-10-18 00:00:00+00:00,0.01811891657617952
2023-10-19 00:00:00+00:00,0.018331625868174408
2023-10-20 00:00:00+00:00,0.018076936274483812
2023-10-21 00:00:00+00:00,0.01874294009130126
2023-10-22 00:00:00+00:00,0.019671360344316744
2023-10-23 00:00:00+00:00,0.017701645461225886
2023-10-24 00:00:00+00:00,0.02202990136612999
2023-10-25 00:00:00+00:00,0.022162615378414234
2023-10-26 00:00:00+00:00,0.022247466508840436
2023-10-27 00:00:00+00:00,0.02209069020807439
2023-10-28 00:00:00+00:00,0.0226272451618401
2023-10-29 00:00:00+00:00,0.022451312372016138
2023-10-30 00:00:00+00:00,0.022472043027378392
2023-10-31 00:00:00+00:00,0.020694486818863128
2023-11-01 00:00:00+00:00,0.020536903815967816
2023-11-02 00:00:00+00:00,0.02041002558364506
2023-11-03 00:00:00+00:00,0.020052900295718618
2023-11-04 00:00:00+00:00,0.020113687611433423
2023-11-05 00:00:00+00:00,0.02008067385715661
2023-11-06 00:00:00+00:00,0.02004897067849633
2023-11-07 00:00:00+00:00,0.020573521425976578
2023-11-08 00:00:00+00:00,0.020430667682733564
2023-11-09 00:00:00+00:00,0.019557091595787016
2023-11-10 00:00:00+00:00,0.01953162256220939
2023-11-11 00:00:00+00:00,0.02074004695832551
2023-11-12 00:00:00+00:00,0.020589485328053433
2023-11-13 00:00:00+00:00,0.02061640965091672
2023-11-14 00:00:00+00:00,0.020729430453843945
2023-11-15 00:00:00+00:00,0.020724183691633234
2023-11-16 00:00:00+00:00,0.025388303058183372
2023-11-17 00:00:00+00:00,0.02736824548722849
2023-11-18 00:00:00+00:00,0.026431158618829064
2023-11-19 00:00:00+00:00,0.02659302536062428
2023-11-20 00:00:00+00:00,0.026649176981938843
2023-11-21 00:00:00+00:00,0.027753968702876778
2023-11-22 00:00:00+00:00,0.03203749697678537
2023-11-23 00:00:00+00:00,0.0334867440630796
2023-11-24 00:00:00+00:00,0.03336395995055012
2023-11-25 00:00:00+00:00,0.033351718841381675
2023-11-26 00:00:00+00:00,0.033311864170266554
2023-11-27 00:00:00+00:00,0.03340995913706597
2023-11-28 00:00:00+00:00,0.032966938620592266
2023-11-29 00:00:00+00:00,0.03280380761793467
2023-11-30 00:00:00+00:00,0.03281609212602515
2023-12-01 00:00:00+00:00,0.03266646237789594
2023-12-02 00:00:00+00:00,0.031244089947511707
2023-12-03 00:00:00+00:00,0.03131241889796779
2023-12-04 00:00:00+00:00,0.0312822475875197
2023-12-05 00:00:00+00:00,0.02981177403620021
2023-12-06 00:00:00+00:00,0.030058595583106508
2023-12-07 00:00:00+00:00,0.02542016723336485
2023-12-08 00:00:00+00:00,0.02428648040956906
2023-12-09 00:00:00+00:00,0.02894921514745421
2023-12-10 00:00:00+00:00,0.028924338926451285
2023-12-11 00:00:00+00:00,0.029152944381458733
2023-12-12 00:00:00+00:00,0.03085334723165063
2023-12-13 00:00:00+00:00,0.02599729637122051
2023-12-14 00:00:00+00:00,0.024614440005809778
2023-12-15 00:00:00+00:00,0.024459222429187532
2023-12-16 00:00:00+00:00,0.026764641454327373
2023-12-17 00:00:00+00:00,0.02679300622909482
2023-12-18 00:00:00+00:00,0.02764128132834221
2023-12-19 00:00:00+00:00,0.026763772969314613
2023-12-20 00:00:00+00:00,0.027286180937539085
2023-12-21 00:00:00+00:00,0.02782907153647484
2023-12-22 00:00:00+00:00,0.029838433366822306
2023-12-23 00:00:00+00:00,0.029884684039849937
2023-12-24 00:00:00+00:00,0.02977780708023378
2023-12-25 00:00:00+00:00,0.029912047060896063
2023-12-26 00:00:00+00:00,0.030193325997909384
2023-12-27 00:00:00+00:00,0.031005475638703518
2023-12-28 00:00:00+00:00,0.031058934942680607
2023-12-29 00:00:00+00:00,0.03162209695357736
2023-12-30 00:00:00+00:00,0.027568008438997975
2023-12-31 00:00:00+00:00,0.027645043137873748
2024-01-01 00:00:00+00:00,0.027192244403490762
2024-01-02 00:00:00+00:00,0.026142523378391916
2024-01-03 00:00:00+00:00,0.026487351206146578
2024-01-04 00:00:00+00:00,0.030400004690070686
2024-01-05 00:00:00+00:00,0.03103571199509173
2024-01-06 00:00:00+00:00,0.030521139367098535
2024-01-07 00:00:00+00:00,0.030980055947675757
2024-01-08 00:00:00+00:00,0.03103087651159807
2024-01-09 00:00:00+00:00,0.03378946292960254
2024-01-10 00:00:00+00:00,0.0339941525879132
2024-01-11 00:00:00+00:00,0.03602679347624944
2024-01-12 00:00:00+00:00,0.03356795473382827
2024-01-13 00:00:00+00:00,0.035554330569415656
2024-01-14 00:00:00+00:00,0.03550978148706726
2024-01-15 00:00:00+00:00,0.03581679046674998
2024-01-16 00:00:00+00:00,0.03506746632928225
2024-01-17 00:00:00+00:00,0.03487539502301404
2024-01-18 00:00:00+00:00,0.03451872907472805
2024-01-19 00:00:00+00:00,0.03502583184127183
2024-01-20 00:00:00+00:00,0.03499301298047749
2024-01-21 00:00:00+00:00,0.035252244243280356
2024-01-22 00:00:00+00:00,0.035216777460723735
2024-01-23 00:00:00+00:00,0.035772697103299264
2024-01-24 00:00:00+00:00,0.035756697701193114
2024-01-25 00:00:00+00:00,0.032638098377014355
2024-01-26 00:00:00+00:00,0.031753409508801525
2024-01-27 00:00:00+00:00,0.03266792118981512
2024-01-28 00:00:00+00:00,0.032229579534142426
2024-01-29 00:00:00+00:00,0.031627562979747045
2024-01-30 00:00:00+00:00,0.02939420359551431
2024-01-31 00:00:00+00:00,0.029242554135414756
2024-02-01 00:00:00+00:00,0.025401858687295047
2024-02-02 00:00:00+00:00,0.02541551820034542
2024-02-03 00:00:00+00:00,0.023192914989197604
2024-02-04 00:00:00+00:00,0.023055003854981316
2024-02-05 00:00:00+00:00,0.022765131087406864
2024-02-06 00:00:00+00:00,0.022458886148789797
2024-02-07 00:00:00+00:00,0.022478327619643357
2024-02-08 00:00:00+00:00,0.02297733969478182
2024-02-09 00:00:00+00:00,0.021925329248909966
2024-02-10 00:00:00+00:00,0.02271405813433702
2024-02-11 00:00:00+00:00,0.022590123539868726
2024-02-12 00:00:00+00:00,0.022504651025144776
2024-02-13 00:00:00+00:00,0.017775166253524908
2024-02-14 00:00:00+00:00,0.018240552083690673
2024-02-15 00:00:00+00:00,0.019666333016401732
2024-02-16 00:00:00+00:00,0.01912635264945086
2024-02-17 00:00:00+00:00,0.01821965722163935
2024-02-18 00:00:00+00:00,0.018667646496998883
2024-02-19 00:00:00+00:00,0.018765313141810933
2024-02-20 00:00:00+00:00,0.017806984474545446
2024-02-21 00:00:00+00:00,0.017498622878288028
2024-02-22 00:00:00+00:00,0.01649008417955376
2024-02-23 00:00:00+00:00,0.016850696422440175
2024-02-24 00:00:00+00:00,0.016930622010875064
2024-02-25 00:00:00+00:00,0.017186138721356325
2024-02-26 00:00:00+00:00,0.016368888724981264
2024-02-27 00:00:00+00:00,0.017436639663890963
2024-02-28 00:00:00+00:00,0.017890314682012597
2024-02-29 00:00:00+00:00,0.019797364140893742
2024-03-01 00:00:00+00:00,0.019752597919856688
2024-03-02 00:00:00+00:00,0.021578053618530057
2024-03-03 00:00:00+00:00,0.022245941389673965
2024-03-04 00:00:00+00:00,0.021966931348790613
2024-03-05 00:00:00+00:00,0.022703548981829223
2024-03-06 00:00:00+00:00,0.028904558239624897
2024-03-07 00:00:00+00:00,0.029540449252619613
2024-03-08 00:00:00+00:00,0.029874179351310353
2024-03-09 00:00:00+00:00,0.029602739761884603
2024-03-10 00:00:00+00:00,0.029047680556764724
2024-03-11 00:00:00+00:00,0.029686473589212326
2024-03-12 00:00:00+00:00,0.03370634567280608
2024-03-13 00:00:00+00:00,0.03362765200604865
2024-03-14 00:00:00+00:00,0.03305799541973997
2024-03-15 00:00:00+00:00,0.03283735269674795
2024-03-16 00:00:00+00:00,0.03329123486794928
2024-03-17 00:00:00+00:00,0.03905438063772715
2024-03-18 00:00:00+00:00,0.03974110543546974
2024-03-19 00:00:00+00:00,0.03991120176457703
2024-03-20 00:00:00+00:00,0.04765704744870455
2024-03-21 00:00:00+00:00,0.050651381686457046
2024-03-22 00:00:00+00:00,0.05087482724883241
2024-03-23 00:00:00+00:00,0.05049703611118928
2024-03-24 00:00:00+00:00,0.050071111063982814
2024-03-25 00:00:00+00:00,0.050788279818307774
2024-03-26 00:00:00+00:00,0.050166060977861526
2024-03-27 00:00:00+00:00,0.046958425089968274
2024-03-28 00:00:00+00:00,0.04623097469930511
2024-03-29 00:00:00+00:00,0.046070342110207704
2024-03-30 00:00:00+00:00,0.046166535906308995
2024-03-31 00:00:00+00:00,0.046471374820571586
2024-04-01 00:00:00+00:00,0.04661025845440262
2024-04-02 00:00:00+00:00,0.043964435715905005
2024-04-03 00:00:00+00:00,0.04549487400682621
2024-04-04 00:00:00+00:00,0.04476251008152588
2024-04-05 00:00:00+00:00,0.04496346816740502
2024-04-06 00:00:00+00:00,0.04489521051289673
2024-04-07 00:00:00+00:00,0.042095497935882804
2024-04-08 00:00:00+00:00,0.040782877559672984
2024-04-09 00:00:00+00:00,0.041162145968437126
2024-04-10 00:00:00+00:00,0.03459884422679182
2024-04-11 00:00:00+00:00,0.027677522703403585
2024-04-12 00:00:00+00:00,0.027596862175114013
2024-04-13 00:00:00+00:00,0.034579467454063734
2024-04-14 00:00:00+00:00,0.03983852951711175
2024-04-15 00:00:00+00:00,0.04033903712150464
2024-04-16 00:00:00+00:00,0.04004287067013037
2024-04-17 00:00:00+00:00,0.03984129230259282
2024-04-18 00:00:00+00:00,0.039919368473814144
2024-04-19 00:00:00+00:00,0.04014198264524369
2024-04-20 00:00:00+00:00,0.039774270886357925
2024-04-21 00:00:00+00:00,0.04191053279662906
2024-04-22 00:00:00+00:00,0.041010571930154685
2024-04-23 00:00:00+00:00,0.0414943493306485
2024-04-24 00:00:00+00:00,0.04006043385040005
2024-04-25 00:00:00+00:00,0.040632248103678846
2024-04-26 00:00:00+00:00,0.0403670642703263
2024-04-27 00:00:00+00:00,0.04036271314760972
2024-04-28 00:00:00+00:00,0.03987365054297717
2024-04-29 00:00:00+00:00,0.03952449318878138
2024-04-30 00:00:00+00:00,0.03868173340705009
2024-05-01 00:00:00+00:00,0.03905332967509256
2024-05-02 00:00:00+00:00,0.039006226098021166
2024-05-03 00:00:00+00:00,0.03940431208809358
2024-05-04 00:00:00+00:00,0.03510203215420194
2024-05-05 00:00:00+00:00,0.027855900489834867
2024-05-06 00:00:00+00:00,0.025608709405503128
2024-05-07 00:00:00+00:00,0.024586623180833555
2024-05-08 00:00:00+00:00,0.025136651980911005
2024-05-09 00:00:00+00:00,0.02467174932852653
2024-05-10 00:00:00+00:00,0.024487379577500173
2024-05-11 00:00:00+00:00,0.02587849602380578
2024-05-12 00:00:00+00:00,0.02308378944289331
2024-05-13 00:00:00+00:00,0.02303292804922605
2024-05-14 00:00:00+00:00,0.021227992392426377
2024-05-15 00:00:00+00:00,0.021620090130982803
2024-05-16 00:00:00+00:00,0.02533662807638296
2024-05-17 00:00:00+00:00,0.02539905044558645
2024-05-18 00:00:00+00:00,0.026477687411573175
2024-05-19 00:00:00+00:00,0.026479438193714865
2024-05-20 00:00:00+00:00,0.0268726316938065
2024-05-21 00:00:00+00:00,0.03360746654515404
2024-05-22 00:00:00+00:00,0.031106264940360652
2024-05-23 00:00:00+00:00,0.03169289311933564
2024-05-24 00:00:00+00:00,0.032132086809042525
2024-05-25 00:00:00+00:00,0.03115076011844393
2024-05-26 00:00:00+00:00,0.03112095748078653
2024-05-27 00:00:00+00:00,0.03133381544818609
2024-05-28 00:00:00+00:00,0.031472634786963126
2024-05-29 00:00:00+00:00,0.031273195687111795
2024-05-30 00:00:00+00:00,0.03130843799271486
2024-05-31 00:00:00+00:00,0.030893915585994643
2024-06-01 00:00:00+00:00,0.029556210976322224
2024-06-02 00:00:00+00:00,0.029507079775413347
2024-06-03 00:00:00+00:00,0.02963738285427757
2024-06-04 00:00:00+00:00,0.029665035186283502
2024-06-05 00:00:00+00:00,0.029333989760485717
2024-06-06 00:00:00+00:00,0.026111909775139244
2024-06-07 00:00:00+00:00,0.026177390289524063
2024-06-08 00:00:00+00:00,0.027199782157418754
2024-06-09 00:00:00+00:00,0.02742520915294673
2024-06-10 00:00:00+00:00,0.027070289421823115
2024-06-11 00:00:00+00:00,0.016796179513086602
2024-06-12 00:00:00+00:00,0.018078637804327054
2024-06-13 00:00:00+00:00,0.019855098455965812
2024-06-14 00:00:00+00:00,0.02076894011859243
2024-06-15 00:00:00+00:00,0.020944953747274318
2024-06-16 00:00:00+00:00,0.020903610927442254
2024-06-17 00:00:00+00:00,0.021037600283092765
2024-06-18 00:00:00+00:00,0.020936569587550326
2024-06-19 00:00:00+00:00,0.0219534029334259
2024-06-20 00:00:00+00:00,0.02209207179532429
2024-06-21 00:00:00+00:00,0.022111518016500933
2024-06-22 00:00:00+00:00,0.022104390698210446
2024-06-23 00:00:00+00:00,0.02198499948528281
2024-06-24 00:00:00+00:00,0.022151718901524512
2024-06-25 00:00:00+00:00,0.02177325797663614
2024-06-26 00:00:00+00:00,0.021475533597721894
2024-06-27 00:00:00+00:00,0.020997624300520237
2024-06-28 00:00:00+00:00,0.023617278657236902
2024-06-29 00:00:00+00:00,0.022121228261895463
2024-06-30 00:00:00+00:00,0.022042763992728826
2024-07-01 00:00:00+00:00,0.022832898372123118
2024-07-02 00:00:00+00:00,0.022686244302043596
2024-07-03 00:00:00+00:00,0.021641799549588742
2024-07-04 00:00:00+00:00,0.02251208834139702
2024-07-05 00:00:00+00:00,0.027585921846306427
2024-07-06 00:00:00+00:00,0.027496698813935686
2024-07-07 00:00:00+00:00,0.031028330717572952
2024-07-08 00:00:00+00:00,0.03330604908522291
2024-07-09 00:00:00+00:00,0.034010525317661994
2024-07-10 00:00:00+00:00,0.03345481518092784
2024-07-11 00:00:00+00:00,0.03347708623646656
2024-07-12 00:00:00+00:00,0.0334851039816753
2024-07-13 00:00:00+00:00,0.034062235017542984
2024-07-14 00:00:00+00:00,0.0346678089352045
2024-07-15 00:00:00+00:00,0.034539804302870535
2024-07-16 00:00:00+00:00,0.036189718902991684
2024-07-17 00:00:00+00:00,0.035916168493032
2024-07-18 00:00:00+00:00,0.035910130428779344
2024-07-19 00:00:00+00:00,0.03513431738665661
2024-07-20 00:00:00+00:00,0.03553984146850979
2024-07-21 00:00:00+00:00,0.035642989366018125
2024-07-22 00:00:00+00:00,0.03577476500967731
2024-07-23 00:00:00+00:00,0.036314957965944736
2024-07-24 00:00:00+00:00,0.03673795492264509
2024-07-25 00:00:00+00:00,0.034972193201754355
2024-07-26 00:00:00+00:00,0.029537827057754172
2024-07-27 00:00:00+00:00,0.03018281923278923
2024-07-28 00:00:00+00:00,0.027864091666282884
2024-07-29 00:00:00+00:00,0.023288160319885745
2024-07-30 00:00:00+00:00,0.02289369128992708
2024-07-31 00:00:00+00:00,0.023003769843114478
2024-08-01 00:00:00+00:00,0.023813173395668963
2024-08-02 00:00:00+00:00,0.02392353640345996
2024-08-03 00:00:00+00:00,0.027957616164072812
2024-08-04 00:00:00+00:00,0.0275138126371638
2024-08-05 00:00:00+00:00,0.029449445663812922
2024-08-06 00:00:00+00:00,0.03024233448520546
2024-08-07 00:00:00+00:00,0.03281880763920934
2024-08-08 00:00:00+00:00,0.032950617134245866
2024-08-09 00:00:00+00:00,0.040975955860439846
2024-08-10 00:00:00+00:00,0.040162795327984585
2024-08-11 00:00:00+00:00,0.03981689528651046
2024-08-12 00:00:00+00:00,0.03961620231662573
2024-08-13 00:00:00+00:00,0.04085133735064066
2024-08-14 00:00:00+00:00,0.04082655078920679
2024-08-15 00:00:00+00:00,0.04087359997914317
2024-08-16 00:00:00+00:00,0.04076752746361812
2024-08-17 00:00:00+00:00,0.03945812585160886
2024-08-18 00:00:00+00:00,0.039868179477291765
2024-08-19 00:00:00+00:00,0.0398679445083614
2024-08-20 00:00:00+00:00,0.04044783494638662
2024-08-21 00:00:00+00:00,0.040488338578019326
2024-08-22 00:00:00+00:00,0.040870697708828896
2024-08-23 00:00:00+00:00,0.04094386963065124
2024-08-24 00:00:00+00:00,0.03947974688675827
2024-08-25 00:00:00+00:00,0.03912156293804324
2024-08-26 00:00:00+00:00,0.037027191979229275
2024-08-27 00:00:00+00:00,0.032656952255675324
2024-08-28 00:00:00+00:00,0.03389108636347392
2024-08-29 00:00:00+00:00,0.03390839500543378
2024-08-30 00:00:00+00:00,0.02520271983181222
2024-08-31 00:00:00+00:00,0.02453759056360136
2024-09-01 00:00:00+00:00,0.02458747351832214
2024-09-02 00:00:00+00:00,0.024089225347478743
2024-09-03 00:00:00+00:00,0.023860434307176392
2024-09-04 00:00:00+00:00,0.024726425819530995
2024-09-05 00:00:00+00:00,0.024640304777980366
2024-09-06 00:00:00+00:00,0.024585249597806964
2024-09-07 00:00:00+00:00,0.02576231472432507
2024-09-08 00:00:00+00:00,0.025770370506757092
2024-09-09 00:00:00+00:00,0.026143354812843442
2024-09-10 00:00:00+00:00,0.026671243012573193
2024-09-11 00:00:00+00:00,0.02667802545179105
2024-09-12 00:00:00+00:00,0.02597631980401881
2024-09-13 00:00:00+00:00,0.026367208991810304
2024-09-14 00:00:00+00:00,0.025148544864247765
2024-09-15 00:00:00+00:00,0.024993911810869945
2024-09-16 00:00:00+00:00,0.02553503372898118
2024-09-17 00:00:00+00:00,0.024921183317139415
2024-09-18 00:00:00+00:00,0.022420430053051613
2024-09-19 00:00:00+00:00,0.022720428821132555
2024-09-20 00:00:00+00:00,0.02364654731607338
2024-09-21 00:00:00+00:00,0.02373912625263145
2024-09-22 00:00:00+00:00,0.02406167222845152
2024-09-23 00:00:00+00:00,0.022342835629368632
2024-09-24 00:00:00+00:00,0.02146639525775241
2024-09-25 00:00:00+00:00,0.020242567920087124
2024-09-26 00:00:00+00:00,0.020998019978958168
2024-09-27 00:00:00+00:00,0.02172852761264346
2024-09-28 00:00:00+00:00,0.01926477658196593
2024-09-29 00:00:00+00:00,0.019361425142733476
2024-09-30 00:00:00+00:00,0.01948388006196038
2024-10-01 00:00:00+00:00,0.022566310133253296
2024-10-02 00:00:00+00:00,0.025472955835947733
2024-10-03 00:00:00+00:00,0.026210521491449732
2024-10-04 00:00:00+00:00,0.025886782728530313
2024-10-05 00:00:00+00:00,0.025964938804174238
2024-10-06 00:00:00+00:00,0.02596829075082735
2024-10-07 00:00:00+00:00,0.0252009838967129
2024-10-08 00:00:00+00:00,0.025094794605474577
2024-10-09 00:00:00+00:00,0.02500745108990821
2024-10-10 00:00:00+00:00,0.02512452765458059
2024-10-11 00:00:00+00:00,0.024125468378414377
2024-10-12 00:00:00+00:00,0.025113677607516004
2024-10-13 00:00:00+00:00,0.02467085022809165
2024-10-14 00:00:00+00:00,0.02449992488578322
2024-10-15 00:00:00+00:00,0.026055764205676075
2024-10-16 00:00:00+00:00,0.02550593569016544
2024-10-17 00:00:00+00:00,0.025139997803551126
2024-10-18 00:00:00+00:00,0.023528056530033044
2024-10-19 00:00:00+00:00,0.02359434507570051
2024-10-20 00:00:00+00:00,0.023800104223374755
2024-10-21 00:00:00+00:00,0.02407237340293114
2024-10-22 00:00:00+00:00,0.02162732373606665
2024-10-23 00:00:00+00:00,0.01844001506158202
2024-10-24 00:00:00+00:00,0.017557089237079677
2024-10-25 00:00:00+00:00,0.017398262517330208
2024-10-26 00:00:00+00:00,0.020864114733469594
2024-10-27 00:00:00+00:00,0.02135833736037929
2024-10-28 00:00:00+00:00,0.021550773395768188
2024-10-29 00:00:00+00:00,0.02163300495335185
2024-10-30 00:00:00+00:00,0.02239553644601794
2024-10-31 00:00:00+00:00,0.022271229530122907
2024-11-01 00:00:00+00:00,0.024375072602706015
2024-11-02 00:00:00+00:00,0.023482595920035505
2024-11-03 00:00:00+00:00,0.02353473355233982
2024-11-04 00:00:00+00:00,0.024146988503564636
2024-11-05 00:00:00+00:00,0.022462808733104883
2024-11-06 00:00:00+00:00,0.023580950237193254
2024-11-07 00:00:00+00:00,0.03171840280194658
2024-11-08 00:00:00+00:00,0.032018054284874566
2024-11-09 00:00:00+00:00,0.032227517042297024
2024-11-10 00:00:00+00:00,0.03311475752304364
2024-11-11 00:00:00+00:00,0.03767775033487507
2024-11-12 00:00:00+00:00,0.04037700166731634
2024-11-13 00:00:00+00:00,0.04025737157096301
2024-11-14 00:00:00+00:00,0.04011920805864292
2024-11-15 00:00:00+00:00,0.04054454238347058
2024-11-16 00:00:00+00:00,0.0385193296710792
2024-11-17 00:00:00+00:00,0.03947618042613333
2024-11-18 00:00:00+00:00,0.040514564956374684
2024-11-19 00:00:00+00:00,0.04061436344851479
2024-11-20 00:00:00+00:00,0.04101935285547831
2024-11-21 00:00:00+00:00,0.04055254921453876
2024-11-22 00:00:00+00:00,0.03892660424754047
2024-11-23 00:00:00+00:00,0.04046712564230498
2024-11-24 00:00:00+00:00,0.03962627367507821
2024-11-25 00:00:00+00:00,0.03835118337675778
2024-11-26 00:00:00+00:00,0.040873348173700384
2024-11-27 00:00:00+00:00,0.04178386803521155
2024-11-28 00:00:00+00:00,0.03923407535879198
2024-11-29 00:00:00+00:00,0.039645113249153825
2024-11-30 00:00:00+00:00,0.040030315940266535
2024-12-01 00:00:00+00:00,0.040136638469624196
2024-12-02 00:00:00+00:00,0.03775971929297161
2024-12-03 00:00:00+00:00,0.03531191346162701
2024-12-04 00:00:00+00:00,0.0350304831199072
2024-12-05 00:00:00+00:00,0.03435695145467673
2024-12-06 00:00:00+00:00,0.03430939697491234
2024-12-07 00:00:00+00:00,0.032990440095315064
2024-12-08 00:00:00+00:00,0.03179608602652457
2024-12-09 00:00:00+00:00,0.030756305957830285
2024-12-10 00:00:00+00:00,0.04356797962470627
2024-12-11 00:00:00+00:00,0.04358655921205326
2024-12-12 00:00:00+00:00,0.04462577654667493
2024-12-13 00:00:00+00:00,0.043534327850680524
2024-12-14 00:00:00+00:00,0.0404744741716299
2024-12-15 00:00:00+00:00,0.04035756527081937
2024-12-16 00:00:00+00:00,0.04063222460924827
2024-12-17 00:00:00+00:00,0.03907350492192673
2024-12-18 00:00:00+00:00,0.038984817436290516
2024-12-19 00:00:00+00:00,0.0423230087259935
2024-12-20 00:00:00+00:00,0.04474381307678321
2024-12-21 00:00:00+00:00,0.04339179147621167
2024-12-22 00:00:00+00:00,0.04376053020289333
2024-12-23 00:00:00+00:00,0.042106762035662125
2024-12-24 00:00:00+00:00,0.042320050067400604
2024-12-25 00:00:00+00:00,0.04308506156372472
2024-12-26 00:00:00+00:00,0.04287172048291239
2024-12-27 00:00:00+00:00,0.04422518436835009
2024-12-28 00:00:00+00:00,0.04328345231758347
2024-12-29 00:00:00+00:00,0.043891708774209816
2024-12-30 00:00:00+00:00,0.0439134796735687
2024-12-31 00:00:00+00:00,0.03563536336839519
2025-01-01 00:00:00+00:00,0.035666970528872466
2025-01-02 00:00:00+00:00,0.03409462739994652
2025-01-03 00:00:00+00:00,0.035038821073726044
2025-01-04 00:00:00+00:00,0.03773100666322643
2025-01-05 00:00:00+00:00,0.03728567097760252
2025-01-06 00:00:00+00:00,0.03664934118263859
2025-01-07 00:00:00+00:00,0.03674830496066619
2025-01-08 00:00:00+00:00,0.0406188120743214
2025-01-09 00:00:00+00:00,0.03677340815865374
2025-01-10 00:00:00+00:00,0.03476111894162173
2025-01-11 00:00:00+00:00,0.0349038496633351
2025-01-12 00:00:00+00:00,0.034511401923721714
2025-01-13 00:00:00+00:00,0.034349531440774066
2025-01-14 00:00:00+00:00,0.033005865834575814
2025-01-15 00:00:00+00:00,0.03330284307630554
2025-01-16 00:00:00+00:00,0.0388170360874581
2025-01-17 00:00:00+00:00,0.03626506972555819
2025-01-18 00:00:00+00:00,0.037274279059557686
2025-01-19 00:00:00+00:00,0.03743229812782282
2025-01-20 00:00:00+00:00,0.04051003043904638
2025-01-21 00:00:00+00:00,0.04045603812466899
2025-01-22 00:00:00+00:00,0.04071767886947494
2025-01-23 00:00:00+00:00,0.04032752307316581
2025-01-24 00:00:00+00:00,0.039832602996365034
2025-01-25 00:00:00+00:00,0.037617158282619745
2025-01-26 00:00:00+00:00,0.03772165334669425
2025-01-27 00:00:00+00:00,0.03851531212712396
2025-01-28 00:00:00+00:00,0.038452037905540346
2025-01-29 00:00:00+00:00,0.03475453615412854
2025-01-30 00:00:00+00:00,0.03473267262297551
2025-01-31 00:00:00+00:00,0.034695558937016556
2025-02-01 00:00:00+00:00,0.03456526627054352
2025-02-02 00:00:00+00:00,0.03644696280556585
2025-02-03 00:00:00+00:00,0.041985401732884516
2025-02-04 00:00:00+00:00,0.04234078779363018
2025-02-05 00:00:00+00:00,0.04316357394966095
2025-02-06 00:00:00+00:00,0.036961303390085236
2025-02-07 00:00:00+00:00,0.03698222391458437
2025-02-08 00:00:00+00:00,0.03443206402479274
2025-02-09 00:00:00+00:00,0.03523571195138864
2025-02-10 00:00:00+00:00,0.03270868445768182
2025-02-11 00:00:00+00:00,0.03338967054056115
2025-02-12 00:00:00+00:00,0.03251734777761761
2025-02-13 00:00:00+00:00,0.03421408128502873
2025-02-14 00:00:00+00:00,0.03421016729804019
2025-02-15 00:00:00+00:00,0.03465972182117051
2025-02-16 00:00:00+00:00,0.03437310914237038
2025-02-17 00:00:00+00:00,0.033928775553895854
2025-02-18 00:00:00+00:00,0.03387295078166789
2025-02-19 00:00:00+00:00,0.03376182784745647
2025-02-20 00:00:00+00:00,0.0338683010967964
2025-02-21 00:00:00+00:00,0.03264634366085712
2025-02-22 00:00:00+00:00,0.03307073462404491
2025-02-23 00:00:00+00:00,0.03185712054511753
2025-02-24 00:00:00+00:00,0.02413489675377173
2025-02-25 00:00:00+00:00,0.033585989249598505
2025-02-26 00:00:00+00:00,0.03157196054820325
2025-02-27 00:00:00+00:00,0.03177403693182771
2025-02-28 00:00:00+00:00,0.03147724745252805
2025-03-01 00:00:00+00:00,0.03143855370224432
2025-03-02 00:00:00+00:00,0.031051819153747915
2025-03-03 00:00:00+00:00,0.05450842928305111
2025-03-04 00:00:00+00:00,0.06456342745455664
2025-03-05 00:00:00+00:00,0.06455274847824605
2025-03-06 00:00:00+00:00,0.06434960930994249
2025-03-07 00:00:00+00:00,0.06439973730777002
2025-03-08 00:00:00+00:00,0.06455419300524619
2025-03-09 00:00:00+00:00,0.06455622258415633
2025-03-10 00:00:00+00:00,0.06681261368991452
2025-03-11 00:00:00+00:00,0.06764140389444895
2025-03-12 00:00:00+00:00,0.06890500228541459
2025-03-13 00:00:00+00:00,0.06891545141005362
2025-03-14 00:00:00+00:00,0.06873259882192131
2025-03-15 00:00:00+00:00,0.06936495176976862
2025-03-16 00:00:00+00:00,0.06948837053401694
2025-03-17 00:00:00+00:00,0.0698228634788497
2025-03-18 00:00:00+00:00,0.06580095489727188
2025-03-19 00:00:00+00:00,0.06577704658832596
2025-03-20 00:00:00+00:00,0.06655368680581211
2025-03-21 00:00:00+00:00,0.06691606741440229
2025-03-22 00:00:00+00:00,0.06689329958384631
2025-03-23 00:00:00+00:00,0.06688926302194632
2025-03-24 00:00:00+00:00,0.048629674609871984
2025-03-25 00:00:00+00:00,0.036475507974132106
2025-03-26 00:00:00+00:00,0.036646852912663404
2025-03-27 00:00:00+00:00,0.036107324440134904
2025-03-28 00:00:00+00:00,0.03599029374522905
2025-03-29 00:00:00+00:00,0.037110840479002115
2025-03-30 00:00:00+00:00,0.03784052944533563
2025-03-31 00:00:00+00:00,0.032915103529575024
2025-04-01 00:00:00+00:00,0.030163510088774843
2025-04-02 00:00:00+00:00,0.02883217167394349
2025-04-03 00:00:00+00:00,0.030737870482790933
2025-04-04 00:00:00+00:00,0.03047128689193107
2025-04-05 00:00:00+00:00,0.02937023116683656
2025-04-06 00:00:00+00:00,0.028790045632483767
2025-04-07 00:00:00+00:00,0.03592081692500789
2025-04-08 00:00:00+00:00,0.03535696862314527
2025-04-09 00:00:00+00:00,0.035975617287246596
2025-04-10 00:00:00+00:00,0.04292433894149446
2025-04-11 00:00:00+00:00,0.04308767201282491
2025-04-12 00:00:00+00:00,0.04406890515054117
2025-04-13 00:00:00+00:00,0.04558578774703371
2025-04-14 00:00:00+00:00,0.045675719429284445
2025-04-15 00:00:00+00:00,0.04474938191965553
2025-04-16 00:00:00+00:00,0.04469982399861579
2025-04-17 00:00:00+00:00,0.04467309474778013
2025-04-18 00:00:00+00:00,0.04479048379027844
2025-04-19 00:00:00+00:00,0.04343916912509813
2025-04-20 00:00:00+00:00,0.0429544995274575
2025-04-21 00:00:00+00:00,0.04292210975910647
2025-04-22 00:00:00+00:00,0.042928449486281
2025-04-23 00:00:00+00:00,0.046336517706945524
2025-04-24 00:00:00+00:00,0.044541902048232634
2025-04-25 00:00:00+00:00,0.044550070670920365
2025-04-26 00:00:00+00:00,0.044482966397486674
2025-04-27 00:00:00+00:00,0.04437395119884545
2025-04-28 00:00:00+00:00,0.036570728582457655
2025-04-29 00:00:00+00:00,0.03655658839505469
2025-04-30 00:00:00+00:00,0.03533129699144783
2025-05-01 00:00:00+00:00,0.026824637192985685
2025-05-02 00:00:00+00:00,0.025366439891642126
2025-05-03 00:00:00+00:00,0.02469551775073364
2025-05-04 00:00:00+00:00,0.022989560786252805
2025-05-05 00:00:00+00:00,0.02283243020368745
2025-05-06 00:00:00+00:00,0.02285172588700847
2025-05-07 00:00:00+00:00,0.02202202342114719
2025-05-08 00:00:00+00:00,0.02221446998334965
2025-05-09 00:00:00+00:00,0.03206326568924707
2025-05-10 00:00:00+00:00,0.032897167844499184
2025-05-11 00:00:00+00:00,0.03567953527777
2025-05-12 00:00:00+00:00,0.03708658399709363
2025-05-13 00:00:00+00:00,0.03704047380232823
2025-05-14 00:00:00+00:00,0.03345962724654275
2025-05-15 00:00:00+00:00,0.03450619988692466
2025-05-16 00:00:00+00:00,0.03592082471984508
2025-05-17 00:00:00+00:00,0.035918647552669165
2025-05-18 00:00:00+00:00,0.03651575368615318
2025-05-19 00:00:00+00:00,0.03660710265084123
2025-05-20 00:00:00+00:00,0.0368784477513037
2025-05-21 00:00:00+00:00,0.036608848153926794
2025-05-22 00:00:00+00:00,0.036624613830065975
2025-05-23 00:00:00+00:00,0.0368464327503599
2025-05-24 00:00:00+00:00,0.039602004227600705
2025-05-25 00:00:00+00:00,0.03933514417555448
2025-05-26 00:00:00+00:00,0.03870866035449263
2025-05-27 00:00:00+00:00,0.03873457050809436
2025-05-28 00:00:00+00:00,0.038648823527653926
2025-05-29 00:00:00+00:00,0.03864979925906164
2025-05-30 00:00:00+00:00,0.03139918784837951
2025-05-31 00:00:00+00:00,0.03243734916447714
2025-06-01 00:00:00+00:00,0.027238595039680902
2025-06-02 00:00:00+00:00,0.026443564235777574
2025-06-03 00:00:00+00:00,0.026333506146561558
2025-06-04 00:00:00+00:00,0.025285788101308188
2025-06-05 00:00:00+00:00,0.024922940437740966
2025-06-06 00:00:00+00:00,0.026482639076462373
2025-06-07 00:00:00+00:00,0.027746898500957854
2025-06-08 00:00:00+00:00,0.02792533706021622
2025-06-09 00:00:00+00:00,0.02712854123078643
2025-06-10 00:00:00+00:00,0.028942613594308057
2025-06-11 00:00:00+00:00,0.029264676976514817
2025-06-12 00:00:00+00:00,0.028824407119955802
2025-06-13 00:00:00+00:00,0.02885804086075092
2025-06-14 00:00:00+00:00,0.02653054655956648
2025-06-15 00:00:00+00:00,0.026547578924951052
2025-06-16 00:00:00+00:00,0.026693310634469742
2025-06-17 00:00:00+00:00,0.02682796626618877
2025-06-18 00:00:00+00:00,0.026956995572778284
2025-06-19 00:00:00+00:00,0.02695602679249246
2025-06-20 00:00:00+00:00,0.026588820516885506
2025-06-21 00:00:00+00:00,0.024564592794782684
2025-06-22 00:00:00+00:00,0.025641237753842788
2025-06-23 00:00:00+00:00,0.02559414682019707
2025-06-24 00:00:00+00:00,0.031141496957218278
2025-06-25 00:00:00+00:00,0.03121664973232017
2025-06-26 00:00:00+00:00,0.031117522911113988
2025-06-27 00:00:00+00:00,0.028847138418815418
2025-06-28 00:00:00+00:00,0.027976787100954484
2025-06-29 00:00:00+00:00,0.02787676531345539
2025-06-30 00:00:00+00:00,0.02840105418136339
2025-07-01 00:00:00+00:00,0.026474750922465196
2025-07-02 00:00:00+00:00,0.026779476506725613
2025-07-03 00:00:00+00:00,0.029801119913508357
2025-07-04 00:00:00+00:00,0.028323994259115602
2025-07-05 00:00:00+00:00,0.0288416782836632
2025-07-06 00:00:00+00:00,0.028689949006955266
2025-07-07 00:00:00+00:00,0.028915622719516854
2025-07-08 00:00:00+00:00,0.028959087697083902
2025-07-09 00:00:00+00:00,0.028608973530210538
2025-07-10 00:00:00+00:00,0.02998700152713694
2025-07-11 00:00:00+00:00,0.03207026234743633
2025-07-12 00:00:00+00:00,0.030922469115711303
2025-07-13 00:00:00+00:00,0.02913468474517879
2025-07-14 00:00:00+00:00,0.028615205948063743
2025-07-15 00:00:00+00:00,0.02462327126252571
2025-07-16 00:00:00+00:00,0.02465487507458825
2025-07-17 00:00:00+00:00,0.024808195145338146
2025-07-18 00:00:00+00:00,0.025061812789478208
2025-07-19 00:00:00+00:00,0.025148957162748772
2025-07-20 00:00:00+00:00,0.025276398245549295
2025-07-21 00:00:00+00:00,0.025581690626229232
2025-07-22 00:00:00+00:00,0.024796831807771792
2025-07-23 00:00:00+00:00,0.021738835490129556
2025-07-24 00:00:00+00:00,0.02701365349418691
2025-07-25 00:00:00+00:00,0.027555868991001785
2025-07-26 00:00:00+00:00,0.025724231868943938
2025-07-27 00:00:00+00:00,0.02565206776938394
2025-07-28 00:00:00+00:00,0.02575829745517867
2025-07-29 00:00:00+00:00,0.027728697697290007
2025-07-30 00:00:00+00:00,0.028127982449897955
2025-07-31 00:00:00+00:00,0.027578954346213377
2025-08-01 00:00:00+00:00,0.026681091231619086
2025-08-02 00:00:00+00:00,0.027737452878396254
2025-08-03 00:00:00+00:00,0.028368872843909453
2025-08-04 00:00:00+00:00,0.02888853826881079
2025-08-05 00:00:00+00:00,0.03064261700793749
2025-08-06 00:00:00+00:00,0.03139413985347599
2025-08-07 00:00:00+00:00,0.030648295967995308
2025-08-08 00:00:00+00:00,0.031225395965519053
2025-08-09 00:00:00+00:00,0.03132520364053328
2025-08-10 00:00:00+00:00,0.03102962535426287
2025-08-11 00:00:00+00:00,0.030110130288401194
2025-08-12 00:00:00+00:00,0.0303365140453188
2025-08-13 00:00:00+00:00,0.03371106179477682
2025-08-14 00:00:00+00:00,0.030705992700677587
2025-08-15 00:00:00+00:00,0.032635841446741816
2025-08-16 00:00:00+00:00,0.03271034889606269
2025-08-17 00:00:00+00:00,0.0327299478150997
2025-08-18 00:00:00+00:00,0.03246699576100316
2025-08-19 00:00:00+00:00,0.03215599402178788
2025-08-20 00:00:00+00:00,0.03413480169492301
2025-08-21 00:00:00+00:00,0.03540578724196133
2025-08-22 00:00:00+00:00,0.03528007509952212
2025-08-23 00:00:00+00:00,0.03945508500982083
2025-08-24 00:00:00+00:00,0.038751625404739455
2025-08-25 00:00:00+00:00,0.0386732416322854
2025-08-26 00:00:00+00:00,0.041297151954341776
2025-08-27 00:00:00+00:00,0.04133193396431442
2025-08-28 00:00:00+00:00,0.041320708856601995
2025-08-29 00:00:00+00:00,0.03998423021310372
2025-08-30 00:00:00+00:00,0.04092340495761123
2025-08-31 00:00:00+00:00,0.04076090843651247
2025-09-01 00:00:00+00:00,0.04081524463437272
2025-09-02 00:00:00+00:00,0.04048361791756908
2025-09-03 00:00:00+00:00,0.03829322442348013
2025-09-04 00:00:00+00:00,0.03765406523106443
2025-09-05 00:00:00+00:00,0.03659970417019505
2025-09-06 00:00:00+00:00,0.036628963411716446
2025-09-07 00:00:00+00:00,0.03655981170327334
2025-09-08 00:00:00+00:00,0.03684318745314584
2025-09-09 00:00:00+00:00,0.036270470627755236
2025-09-10 00:00:00+00:00,0.03418507482128286
2025-09-11 00:00:00+00:00,0.033540776796200725
2025-09-12 00:00:00+00:00,0.03277533491244239
2025-09-13 00:00:00+00:00,0.026497974468446855
2025-09-14 00:00:00+00:00,0.026614236689170703
2025-09-15 00:00:00+00:00,0.02711199797242899
2025-09-16 00:00:00+00:00,0.02143502351169007
2025-09-17 00:00:00+00:00,0.020226722763844397
2025-09-18 00:00:00+00:00,0.020823018721824817
2025-09-19 00:00:00+00:00,0.020731870635456725
2025-09-20 00:00:00+00:00,0.019920696263956355
2025-09-21 00:00:00+00:00,0.019888812617787816
2025-09-22 00:00:00+00:00,0.019772107214965955
2025-09-23 00:00:00+00:00,0.02302040696687635
2025-09-24 00:00:00+00:00,0.022285588086090578
2025-09-25 00:00:00+00:00,0.02219023437057628
2025-09-26 00:00:00+00:00,0.02627065444851424
2025-09-27 00:00:00+00:00,0.027034077892651758
2025-09-28 00:00:00+00:00,0.027026045094325383
2025-09-29 00:00:00+00:00,0.027161512897982704
2025-09-30 00:00:00+00:00,0.026963724367402422
2025-10-01 00:00:00+00:00,0.027096093686438397
2025-10-02 00:00:00+00:00,0.02810663466826253
2025-10-03 00:00:00+00:00,0.029138808968917084
2025-10-04 00:00:00+00:00,0.028537555199547662
2025-10-05 00:00:00+00:00,0.028744879680738675
2025-10-06 00:00:00+00:00,0.0282395743489421
2025-10-07 00:00:00+00:00,0.028601639892607743
2025-10-08 00:00:00+00:00,0.02986073475746939
2025-10-09 00:00:00+00:00,0.029416370920002936
2025-10-10 00:00:00+00:00,0.029443875906300314
2025-10-11 00:00:00+00:00,0.04813568810744694
2025-10-12 00:00:00+00:00,0.048048788399507596
2025-10-13 00:00:00+00:00,0.05243879030882033
2025-10-14 00:00:00+00:00,0.05187741116752125
2025-10-15 00:00:00+00:00,0.05239484669540652
2025-10-16 00:00:00+00:00,0.05288723245985346
2025-10-17 00:00:00+00:00,0.05142507568155427
2025-10-18 00:00:00+00:00,0.05105750061409771
2025-10-19 00:00:00+00:00,0.05132581466393286
2025-10-20 00:00:00+00:00,0.05104422624309995
2025-10-21 00:00:00+00:00,0.05110477400475207
2025-10-22 00:00:00+00:00,0.05131208237672029
2025-10-23 00:00:00+00:00,0.04990490705315686
2025-10-24 00:00:00+00:00,0.04948253196936362
2025-10-25 00:00:00+00:00,0.049624467850780805
2025-10-26 00:00:00+00:00,0.049667671586622386
2025-10-27 00:00:00+00:00,0.05055515233472917
2025-10-28 00:00:00+00:00,0.04988182869204946
2025-10-29 00:00:00+00:00,0.04958919579452403
2025-10-30 00:00:00+00:00,0.049240588005974355
2025-10-31 00:00:00+00:00,0.04991852302228913
2025-11-01 00:00:00+00:00,0.032159718298735304
2025-11-02 00:00:00+00:00,0.032107064845057404
2025-11-03 00:00:00+00:00,0.02536984792501182
2025-11-04 00:00:00+00:00,0.03152222348377015
2025-11-05 00:00:00+00:00,0.03197264156233534
2025-11-06 00:00:00+00:00,0.03323738034120944
2025-11-07 00:00:00+00:00,0.03311477726241707
2025-11-08 00:00:00+00:00,0.038698683418733344
2025-11-09 00:00:00+00:00,0.03847680861414633
2025-11-10 00:00:00+00:00,0.03863134469777943
2025-11-11 00:00:00+00:00,0.038620208707506286
2025-11-12 00:00:00+00:00,0.03986699151000815
2025-11-13 00:00:00+00:00,0.03977770971337904
2025-11-14 00:00:00+00:00,0.039565322927381394
2025-11-15 00:00:00+00:00,0.039661406658668255
2025-11-16 00:00:00+00:00,0.0398545229074329
