snapped_at,0
2020-09-23 00:00:00+00:00,0.5945951270848646
2020-09-24 00:00:00+00:00,0.5945951270848646
2020-09-25 00:00:00+00:00,0.5945951270848646
2020-09-26 00:00:00+00:00,0.5945951270848646
2020-09-27 00:00:00+00:00,0.5945951270848646
2020-09-28 00:00:00+00:00,0.5945951270848646
2020-09-29 00:00:00+00:00,0.5945951270848646
2020-09-30 00:00:00+00:00,0.5945951270848646
2020-10-01 00:00:00+00:00,0.5945951270848646
2020-10-02 00:00:00+00:00,0.5945951270848646
2020-10-03 00:00:00+00:00,0.5945951270848646
2020-10-04 00:00:00+00:00,0.5945951270848646
2020-10-05 00:00:00+00:00,0.5945951270848646
2020-10-06 00:00:00+00:00,0.5945951270848646
2020-10-07 00:00:00+00:00,0.5945951270848646
2020-10-08 00:00:00+00:00,0.5945951270848646
2020-10-09 00:00:00+00:00,0.5945951270848646
2020-10-10 00:00:00+00:00,0.5945951270848646
2020-10-11 00:00:00+00:00,0.5945951270848646
2020-10-12 00:00:00+00:00,0.5945951270848646
2020-10-13 00:00:00+00:00,0.5945951270848646
2020-10-14 00:00:00+00:00,0.5945951270848646
2020-10-15 00:00:00+00:00,0.5945951270848646
2020-10-16 00:00:00+00:00,0.5945951270848646
2020-10-17 00:00:00+00:00,0.5945951270848646
2020-10-18 00:00:00+00:00,0.5945951270848646
2020-10-19 00:00:00+00:00,0.5945951270848646
2020-10-20 00:00:00+00:00,0.5945951270848646
2020-10-21 00:00:00+00:00,0.5945951270848646
2020-10-22 00:00:00+00:00,0.5945951270848646
2020-10-23 00:00:00+00:00,0.5945951270848646
2020-10-24 00:00:00+00:00,0.5945951270848646
2020-10-25 00:00:00+00:00,0.5945951270848646
2020-10-26 00:00:00+00:00,0.5945951270848646
2020-10-27 00:00:00+00:00,0.5945951270848646
2020-10-28 00:00:00+00:00,0.5945951270848646
2020-10-29 00:00:00+00:00,0.5945951270848646
2020-10-30 00:00:00+00:00,0.5945951270848646
2020-10-31 00:00:00+00:00,0.5945951270848646
2020-11-01 00:00:00+00:00,0.5945951270848646
2020-11-02 00:00:00+00:00,0.5945951270848646
2020-11-03 00:00:00+00:00,0.5945951270848646
2020-11-04 00:00:00+00:00,0.5945951270848646
2020-11-05 00:00:00+00:00,0.5945951270848646
2020-11-06 00:00:00+00:00,0.5945951270848646
2020-11-07 00:00:00+00:00,0.5945951270848646
2020-11-08 00:00:00+00:00,0.5945951270848646
2020-11-09 00:00:00+00:00,0.5945951270848646
2020-11-10 00:00:00+00:00,0.5945951270848646
2020-11-11 00:00:00+00:00,0.5945951270848646
2020-11-12 00:00:00+00:00,0.5945951270848646
2020-11-13 00:00:00+00:00,0.5945951270848646
2020-11-14 00:00:00+00:00,0.5945951270848646
2020-11-15 00:00:00+00:00,0.5945951270848646
2020-11-16 00:00:00+00:00,0.5945951270848646
2020-11-17 00:00:00+00:00,0.5945951270848646
2020-11-18 00:00:00+00:00,0.5945951270848646
2020-11-19 00:00:00+00:00,0.5945951270848646
2020-11-20 00:00:00+00:00,0.5945951270848646
2020-11-21 00:00:00+00:00,0.5945951270848646
2020-11-22 00:00:00+00:00,0.5945951270848646
2020-11-23 00:00:00+00:00,0.5945951270848646
2020-11-24 00:00:00+00:00,0.5945951270848646
2020-11-25 00:00:00+00:00,0.5945951270848646
2020-11-26 00:00:00+00:00,0.5945951270848646
2020-11-27 00:00:00+00:00,0.5945951270848646
2020-11-28 00:00:00+00:00,0.5945951270848646
2020-11-29 00:00:00+00:00,0.5945951270848646
2020-11-30 00:00:00+00:00,0.5945951270848646
2020-12-01 00:00:00+00:00,0.5945951270848646
2020-12-02 00:00:00+00:00,0.5945951270848646
2020-12-03 00:00:00+00:00,0.5945951270848646
2020-12-04 00:00:00+00:00,0.5945951270848646
2020-12-05 00:00:00+00:00,0.5945951270848646
2020-12-06 00:00:00+00:00,0.5945951270848646
2020-12-07 00:00:00+00:00,0.5945951270848646
2020-12-08 00:00:00+00:00,0.5945951270848646
2020-12-09 00:00:00+00:00,0.5945951270848646
2020-12-10 00:00:00+00:00,0.5945951270848646
2020-12-11 00:00:00+00:00,0.5945951270848646
2020-12-12 00:00:00+00:00,0.5945951270848646
2020-12-13 00:00:00+00:00,0.5945951270848646
2020-12-14 00:00:00+00:00,0.5945951270848646
2020-12-15 00:00:00+00:00,0.5945951270848646
2020-12-16 00:00:00+00:00,0.5945951270848646
2020-12-17 00:00:00+00:00,0.5945951270848646
2020-12-18 00:00:00+00:00,0.5945951270848646
2020-12-19 00:00:00+00:00,0.5945951270848646
2020-12-20 00:00:00+00:00,0.5945951270848646
2020-12-21 00:00:00+00:00,0.5945951270848646
2020-12-22 00:00:00+00:00,0.5954028651819774
2020-12-23 00:00:00+00:00,0.5874267421103312
2020-12-24 00:00:00+00:00,0.6026501218243074
2020-12-25 00:00:00+00:00,0.6147240569152708
2020-12-26 00:00:00+00:00,0.6127735981897124
2020-12-27 00:00:00+00:00,0.6099046132710868
2020-12-28 00:00:00+00:00,0.6082382326647227
2020-12-29 00:00:00+00:00,0.5940461074364898
2020-12-30 00:00:00+00:00,0.5865564579378928
2020-12-31 00:00:00+00:00,0.5839084703819267
2021-01-01 00:00:00+00:00,0.5653817927503468
2021-01-02 00:00:00+00:00,0.5524723386036852
2021-01-03 00:00:00+00:00,0.5159988084810619
2021-01-04 00:00:00+00:00,0.5090741442109761
2021-01-05 00:00:00+00:00,0.4977249406326051
2021-01-06 00:00:00+00:00,0.4917895981297872
2021-01-07 00:00:00+00:00,0.4881001118811284
2021-01-08 00:00:00+00:00,0.4781499966589916
2021-01-09 00:00:00+00:00,0.4643614384098923
2021-01-10 00:00:00+00:00,0.4614462965915971
2021-01-11 00:00:00+00:00,0.46590741565862387
2021-01-12 00:00:00+00:00,0.47846890487913596
2021-01-13 00:00:00+00:00,0.4702225854307482
2021-01-14 00:00:00+00:00,0.4726658190892425
2021-01-15 00:00:00+00:00,0.4667358488024472
2021-01-16 00:00:00+00:00,0.4685058495367277
2021-01-17 00:00:00+00:00,0.46235913464835443
2021-01-18 00:00:00+00:00,0.45939978895397254
2021-01-19 00:00:00+00:00,0.45689026327884574
2021-01-20 00:00:00+00:00,0.4537379187145067
2021-01-21 00:00:00+00:00,0.45255753943036686
2021-01-22 00:00:00+00:00,0.47310819676524307
2021-01-23 00:00:00+00:00,0.47737206337639176
2021-01-24 00:00:00+00:00,0.47587436906033087
2021-01-25 00:00:00+00:00,0.4744021882964645
2021-01-26 00:00:00+00:00,0.4755012156545466
2021-01-27 00:00:00+00:00,0.472153226507629
2021-01-28 00:00:00+00:00,0.47823078089302473
2021-01-29 00:00:00+00:00,0.46197952828525046
2021-01-30 00:00:00+00:00,0.46169740285527994
2021-01-31 00:00:00+00:00,0.45340606690162133
2021-02-01 00:00:00+00:00,0.4485422882050399
2021-02-02 00:00:00+00:00,0.43705411199367505
2021-02-03 00:00:00+00:00,0.4362304738581432
2021-02-04 00:00:00+00:00,0.44041959667047925
2021-02-05 00:00:00+00:00,0.4355230936850247
2021-02-06 00:00:00+00:00,0.42920026305365633
2021-02-07 00:00:00+00:00,0.4257001550728382
2021-02-08 00:00:00+00:00,0.4160513212460496
2021-02-09 00:00:00+00:00,0.42543794448054617
2021-02-10 00:00:00+00:00,0.41098252250509837
2021-02-11 00:00:00+00:00,0.3991101688600084
2021-02-12 00:00:00+00:00,0.3974498728122472
2021-02-13 00:00:00+00:00,0.3949384709058378
2021-02-14 00:00:00+00:00,0.3923098702624185
2021-02-15 00:00:00+00:00,0.3941409009876291
2021-02-16 00:00:00+00:00,0.395491908926169
2021-02-17 00:00:00+00:00,0.39391734522837296
2021-02-18 00:00:00+00:00,0.39132113110728733
2021-02-19 00:00:00+00:00,0.3886949586438253
2021-02-20 00:00:00+00:00,0.37384132125665004
2021-02-21 00:00:00+00:00,0.3689021160320161
2021-02-22 00:00:00+00:00,0.36844347418385
2021-02-23 00:00:00+00:00,0.36437553598411865
2021-02-24 00:00:00+00:00,0.37204194935022467
2021-02-25 00:00:00+00:00,0.35837175174998165
2021-02-26 00:00:00+00:00,0.36443168955010435
2021-02-27 00:00:00+00:00,0.36344358639917723
2021-02-28 00:00:00+00:00,0.36386977861047826
2021-03-01 00:00:00+00:00,0.36750142295369614
2021-03-02 00:00:00+00:00,0.36844866219802164
2021-03-03 00:00:00+00:00,0.36967732967004646
2021-03-04 00:00:00+00:00,0.369031022318485
2021-03-05 00:00:00+00:00,0.36396002747510214
2021-03-06 00:00:00+00:00,0.364455998735996
2021-03-07 00:00:00+00:00,0.3636682536736059
2021-03-08 00:00:00+00:00,0.36285637356465683
2021-03-09 00:00:00+00:00,0.3561915768969536
2021-03-10 00:00:00+00:00,0.35775429950409954
2021-03-11 00:00:00+00:00,0.3578757396578471
2021-03-12 00:00:00+00:00,0.35575672359136534
2021-03-13 00:00:00+00:00,0.3563501812213379
2021-03-14 00:00:00+00:00,0.3572586421814633
2021-03-15 00:00:00+00:00,0.35964426277191636
2021-03-16 00:00:00+00:00,0.3627293967435275
2021-03-17 00:00:00+00:00,0.3609334931260854
2021-03-18 00:00:00+00:00,0.3628135620909457
2021-03-19 00:00:00+00:00,0.36428873819005936
2021-03-20 00:00:00+00:00,0.36533269348528474
2021-03-21 00:00:00+00:00,0.36360536560862056
2021-03-22 00:00:00+00:00,0.3612830489339733
2021-03-23 00:00:00+00:00,0.3643158204010365
2021-03-24 00:00:00+00:00,0.35188776221898577
2021-03-25 00:00:00+00:00,0.35460458563763503
2021-03-26 00:00:00+00:00,0.3576021367211053
2021-03-27 00:00:00+00:00,0.36300867399291176
2021-03-28 00:00:00+00:00,0.36313063563241726
2021-03-29 00:00:00+00:00,0.365497832583252
2021-03-30 00:00:00+00:00,0.3668505884296175
2021-03-31 00:00:00+00:00,0.3669127119178547
2021-04-01 00:00:00+00:00,0.37066130124574903
2021-04-02 00:00:00+00:00,0.37288044174691454
2021-04-03 00:00:00+00:00,0.37451867298124564
2021-04-04 00:00:00+00:00,0.3748301546640357
2021-04-05 00:00:00+00:00,0.3779588377198306
2021-04-06 00:00:00+00:00,0.37663266190028066
2021-04-07 00:00:00+00:00,0.3781795175860457
2021-04-08 00:00:00+00:00,0.38703666543733867
2021-04-09 00:00:00+00:00,0.3923099439611866
2021-04-10 00:00:00+00:00,0.3926279240359418
2021-04-11 00:00:00+00:00,0.38782240122100686
2021-04-12 00:00:00+00:00,0.3769159091450936
2021-04-13 00:00:00+00:00,0.37932139698024747
2021-04-14 00:00:00+00:00,0.37884123185537205
2021-04-15 00:00:00+00:00,0.38337533896467474
2021-04-16 00:00:00+00:00,0.38031922846313676
2021-04-17 00:00:00+00:00,0.3842834928168698
2021-04-18 00:00:00+00:00,0.38715708494340845
2021-04-19 00:00:00+00:00,0.38334854496899823
2021-04-20 00:00:00+00:00,0.38675234952181275
2021-04-21 00:00:00+00:00,0.3869526925517346
2021-04-22 00:00:00+00:00,0.36782134340520894
2021-04-23 00:00:00+00:00,0.3633211509440865
2021-04-24 00:00:00+00:00,0.36575574163473934
2021-04-25 00:00:00+00:00,0.37073209493989506
2021-04-26 00:00:00+00:00,0.3685478159481147
2021-04-27 00:00:00+00:00,0.3738881718958506
2021-04-28 00:00:00+00:00,0.36547039026194
2021-04-29 00:00:00+00:00,0.349319258471861
2021-04-30 00:00:00+00:00,0.34941507834235425
2021-05-01 00:00:00+00:00,0.3584917079464034
2021-05-02 00:00:00+00:00,0.3608080646056592
2021-05-03 00:00:00+00:00,0.3678436668479978
2021-05-04 00:00:00+00:00,0.36611396087633186
2021-05-05 00:00:00+00:00,0.36473380790114734
2021-05-06 00:00:00+00:00,0.3797083467322237
2021-05-07 00:00:00+00:00,0.3774547157814362
2021-05-08 00:00:00+00:00,0.38008308950869046
2021-05-09 00:00:00+00:00,0.3829165478300819
2021-05-10 00:00:00+00:00,0.37085378557339166
2021-05-11 00:00:00+00:00,0.37998866387123
2021-05-12 00:00:00+00:00,0.39872418833118084
2021-05-13 00:00:00+00:00,0.41603585016418865
2021-05-14 00:00:00+00:00,0.41123855054528285
2021-05-15 00:00:00+00:00,0.4147017374844369
2021-05-16 00:00:00+00:00,0.41408329425827517
2021-05-17 00:00:00+00:00,0.41296872225837006
2021-05-18 00:00:00+00:00,0.41932390945791764
2021-05-19 00:00:00+00:00,0.4214339733167831
2021-05-20 00:00:00+00:00,0.5025593121140469
2021-05-21 00:00:00+00:00,0.529366015068385
2021-05-22 00:00:00+00:00,0.5560572226126402
2021-05-23 00:00:00+00:00,0.5599894576558444
2021-05-24 00:00:00+00:00,0.5783408921873726
2021-05-25 00:00:00+00:00,0.5966319426508979
2021-05-26 00:00:00+00:00,0.59589579119413
2021-05-27 00:00:00+00:00,0.5959976674157292
2021-05-28 00:00:00+00:00,0.6009334953906089
2021-05-29 00:00:00+00:00,0.6076221114968778
2021-05-30 00:00:00+00:00,0.6082982164131677
2021-05-31 00:00:00+00:00,0.607676657716216
2021-06-01 00:00:00+00:00,0.6124896345064241
2021-06-02 00:00:00+00:00,0.6129602431867686
2021-06-03 00:00:00+00:00,0.6129182742182688
2021-06-04 00:00:00+00:00,0.6130609448467651
2021-06-05 00:00:00+00:00,0.6172410020653923
2021-06-06 00:00:00+00:00,0.6176951259107492
2021-06-07 00:00:00+00:00,0.6187703309493643
2021-06-08 00:00:00+00:00,0.6300425331206307
2021-06-09 00:00:00+00:00,0.6304607180145354
2021-06-10 00:00:00+00:00,0.6283955084501097
2021-06-11 00:00:00+00:00,0.6316159912984831
2021-06-12 00:00:00+00:00,0.6312784431968017
2021-06-13 00:00:00+00:00,0.6296196977223865
2021-06-14 00:00:00+00:00,0.628967134809445
2021-06-15 00:00:00+00:00,0.6310793894138593
2021-06-16 00:00:00+00:00,0.6321155822247868
2021-06-17 00:00:00+00:00,0.6340264170485282
2021-06-18 00:00:00+00:00,0.6356516494780473
2021-06-19 00:00:00+00:00,0.6396956883408502
2021-06-20 00:00:00+00:00,0.6397491546507948
2021-06-21 00:00:00+00:00,0.6405498991662906
2021-06-22 00:00:00+00:00,0.6621385782457313
2021-06-23 00:00:00+00:00,0.6593992299627331
2021-06-24 00:00:00+00:00,0.6647652025526944
2021-06-25 00:00:00+00:00,0.6620481599552311
2021-06-26 00:00:00+00:00,0.6656917101067197
2021-06-27 00:00:00+00:00,0.6661957082431892
2021-06-28 00:00:00+00:00,0.6671903521754755
2021-06-29 00:00:00+00:00,0.6678156474673893
2021-06-30 00:00:00+00:00,0.6691178285455919
2021-07-01 00:00:00+00:00,0.6696846676029569
2021-07-02 00:00:00+00:00,0.6721096459917846
2021-07-03 00:00:00+00:00,0.6742663985895376
2021-07-04 00:00:00+00:00,0.6739285405580372
2021-07-05 00:00:00+00:00,0.6825008801953422
2021-07-06 00:00:00+00:00,0.6858613767064012
2021-07-07 00:00:00+00:00,0.685295673183836
2021-07-08 00:00:00+00:00,0.6848295580117653
2021-07-09 00:00:00+00:00,0.6872114803505046
2021-07-10 00:00:00+00:00,0.6954728613680636
2021-07-11 00:00:00+00:00,0.696623513652644
2021-07-12 00:00:00+00:00,0.6999087209642819
2021-07-13 00:00:00+00:00,0.7045978641123738
2021-07-14 00:00:00+00:00,0.707336569492609
2021-07-15 00:00:00+00:00,0.7095583836067327
2021-07-16 00:00:00+00:00,0.7459515062522335
2021-07-17 00:00:00+00:00,0.7481722344467305
2021-07-18 00:00:00+00:00,0.7611733608138409
2021-07-19 00:00:00+00:00,0.7686889495010691
2021-07-20 00:00:00+00:00,0.7765873624751952
2021-07-21 00:00:00+00:00,0.7773446970415006
2021-07-22 00:00:00+00:00,0.7878278050984127
2021-07-23 00:00:00+00:00,0.7880500202272851
2021-07-24 00:00:00+00:00,0.7918444427130055
2021-07-25 00:00:00+00:00,0.7952624540919246
2021-07-26 00:00:00+00:00,0.8025970157231134
2021-07-27 00:00:00+00:00,0.8024759567184014
2021-07-28 00:00:00+00:00,0.8041602347988904
2021-07-29 00:00:00+00:00,0.8042104619076644
2021-07-30 00:00:00+00:00,0.8063028004111942
2021-07-31 00:00:00+00:00,0.8086978146826744
2021-08-01 00:00:00+00:00,0.8080096266185208
2021-08-02 00:00:00+00:00,0.811069530349123
2021-08-03 00:00:00+00:00,0.822232442899874
2021-08-04 00:00:00+00:00,0.8183269396777735
2021-08-05 00:00:00+00:00,0.822751982271966
2021-08-06 00:00:00+00:00,0.8259985269399482
2021-08-07 00:00:00+00:00,0.8294250277934394
2021-08-08 00:00:00+00:00,0.8316936722073942
2021-08-09 00:00:00+00:00,0.8339358455086942
2021-08-10 00:00:00+00:00,0.8329583409503959
2021-08-11 00:00:00+00:00,0.8299601745932439
2021-08-12 00:00:00+00:00,0.8401265052254029
2021-08-13 00:00:00+00:00,0.8422830833165167
2021-08-14 00:00:00+00:00,0.8499019732819966
2021-08-15 00:00:00+00:00,0.8467483338056562
2021-08-16 00:00:00+00:00,0.8433826452432089
2021-08-17 00:00:00+00:00,0.8424020676489705
2021-08-18 00:00:00+00:00,0.7979475874422318
2021-08-19 00:00:00+00:00,0.7854382170164975
2021-08-20 00:00:00+00:00,0.7753164354320492
2021-08-21 00:00:00+00:00,0.7743377147821855
2021-08-22 00:00:00+00:00,0.7619119894143664
2021-08-23 00:00:00+00:00,0.7377289086133605
2021-08-24 00:00:00+00:00,0.7352002528380891
2021-08-25 00:00:00+00:00,0.7248551077277213
2021-08-26 00:00:00+00:00,0.7178640581414679
2021-08-27 00:00:00+00:00,0.7094216503747964
2021-08-28 00:00:00+00:00,0.7100997427453697
2021-08-29 00:00:00+00:00,0.7096606495871656
2021-08-30 00:00:00+00:00,0.7023551502511124
2021-08-31 00:00:00+00:00,0.7006457261740067
2021-09-01 00:00:00+00:00,0.6939621713347288
2021-09-02 00:00:00+00:00,0.6951817666167891
2021-09-03 00:00:00+00:00,0.6869487239779818
2021-09-04 00:00:00+00:00,0.679029133282165
2021-09-05 00:00:00+00:00,0.6779400369834009
2021-09-06 00:00:00+00:00,0.6670705785007319
2021-09-07 00:00:00+00:00,0.6637770094645354
2021-09-08 00:00:00+00:00,0.6801641505828168
2021-09-09 00:00:00+00:00,0.6772964316712776
2021-09-10 00:00:00+00:00,0.6743721935090293
2021-09-11 00:00:00+00:00,0.67094633812199
2021-09-12 00:00:00+00:00,0.6673740429343562
2021-09-13 00:00:00+00:00,0.66848894048354
2021-09-14 00:00:00+00:00,0.6705875003117026
2021-09-15 00:00:00+00:00,0.6648823690758372
2021-09-16 00:00:00+00:00,0.66431788039587
2021-09-17 00:00:00+00:00,0.657407751206397
2021-09-18 00:00:00+00:00,0.6565480539189329
2021-09-19 00:00:00+00:00,0.6553594922536821
2021-09-20 00:00:00+00:00,0.6015062241874379
2021-09-21 00:00:00+00:00,0.6291536242995465
2021-09-22 00:00:00+00:00,0.6271992056583376
2021-09-23 00:00:00+00:00,0.6540783134942119
2021-09-24 00:00:00+00:00,0.6459389672843421
2021-09-25 00:00:00+00:00,0.6511616311232717
2021-09-26 00:00:00+00:00,0.6484554032653402
2021-09-27 00:00:00+00:00,0.6487057995537677
2021-09-28 00:00:00+00:00,0.649447978334487
2021-09-29 00:00:00+00:00,0.6530873097392059
2021-09-30 00:00:00+00:00,0.6474873317855292
2021-10-01 00:00:00+00:00,0.6481015185131118
2021-10-02 00:00:00+00:00,0.653548020555242
2021-10-03 00:00:00+00:00,0.6530843877061872
2021-10-04 00:00:00+00:00,0.6506864745712246
2021-10-05 00:00:00+00:00,0.648141657905129
2021-10-06 00:00:00+00:00,0.6481087453246301
2021-10-07 00:00:00+00:00,0.6383472943082479
2021-10-08 00:00:00+00:00,0.6376091249275257
2021-10-09 00:00:00+00:00,0.6363588876336231
2021-10-10 00:00:00+00:00,0.6346403334020465
2021-10-11 00:00:00+00:00,0.6367719885442753
2021-10-12 00:00:00+00:00,0.6324945225103491
2021-10-13 00:00:00+00:00,0.6300428709335639
2021-10-14 00:00:00+00:00,0.6243516982149216
2021-10-15 00:00:00+00:00,0.620638498300543
2021-10-16 00:00:00+00:00,0.6199949730805241
2021-10-17 00:00:00+00:00,0.6202929757616046
2021-10-18 00:00:00+00:00,0.6142372605322354
2021-10-19 00:00:00+00:00,0.6102675345419701
2021-10-20 00:00:00+00:00,0.5991437507745809
2021-10-21 00:00:00+00:00,0.6011442322013755
2021-10-22 00:00:00+00:00,0.6005180779565296
2021-10-23 00:00:00+00:00,0.5994208821198307
2021-10-24 00:00:00+00:00,0.599368989096351
2021-10-25 00:00:00+00:00,0.5971267087553085
2021-10-26 00:00:00+00:00,0.5969074230566219
2021-10-27 00:00:00+00:00,0.599684306387645
2021-10-28 00:00:00+00:00,0.6103044263478898
2021-10-29 00:00:00+00:00,0.6087002579192482
2021-10-30 00:00:00+00:00,0.6075065857509218
2021-10-31 00:00:00+00:00,0.6102763814730936
2021-11-01 00:00:00+00:00,0.6101039017380356
2021-11-02 00:00:00+00:00,0.6060025244605984
2021-11-03 00:00:00+00:00,0.6055523641057741
2021-11-04 00:00:00+00:00,0.6057062990261786
2021-11-05 00:00:00+00:00,0.6050234120055427
2021-11-06 00:00:00+00:00,0.6061169581268114
2021-11-07 00:00:00+00:00,0.6013810106915956
2021-11-08 00:00:00+00:00,0.599477070086535
2021-11-09 00:00:00+00:00,0.6007689695912078
2021-11-10 00:00:00+00:00,0.5957685170475678
2021-11-11 00:00:00+00:00,0.5983973024093611
2021-11-12 00:00:00+00:00,0.590424370923511
2021-11-13 00:00:00+00:00,0.6005131351528518
2021-11-14 00:00:00+00:00,0.6053810218379305
2021-11-15 00:00:00+00:00,0.6097517308760276
2021-11-16 00:00:00+00:00,0.6167758761446972
2021-11-17 00:00:00+00:00,0.6232854792635966
2021-11-18 00:00:00+00:00,0.6228014313170986
2021-11-19 00:00:00+00:00,0.6268105046293692
2021-11-20 00:00:00+00:00,0.6346632101098367
2021-11-21 00:00:00+00:00,0.638269795637259
2021-11-22 00:00:00+00:00,0.6406457115768784
2021-11-23 00:00:00+00:00,0.6471374459956889
2021-11-24 00:00:00+00:00,0.6486542765285178
2021-11-25 00:00:00+00:00,0.6491910741914342
2021-11-26 00:00:00+00:00,0.6442354508581203
2021-11-27 00:00:00+00:00,0.6594111958908769
2021-11-28 00:00:00+00:00,0.6593037468518157
2021-11-29 00:00:00+00:00,0.6651300516107457
2021-11-30 00:00:00+00:00,0.6729886897974023
2021-12-01 00:00:00+00:00,0.6710936716826765
2021-12-02 00:00:00+00:00,0.6724895255336946
2021-12-03 00:00:00+00:00,0.6696716939800277
2021-12-04 00:00:00+00:00,0.6738763108716956
2021-12-05 00:00:00+00:00,0.6824301262798632
2021-12-06 00:00:00+00:00,0.687954896375148
2021-12-07 00:00:00+00:00,0.6754234042956396
2021-12-08 00:00:00+00:00,0.6764470850458858
2021-12-09 00:00:00+00:00,0.6773105763344527
2021-12-10 00:00:00+00:00,0.6861013497213009
2021-12-11 00:00:00+00:00,0.6909110846896367
2021-12-12 00:00:00+00:00,0.6918046114042844
2021-12-13 00:00:00+00:00,0.6897022269589341
2021-12-14 00:00:00+00:00,0.7037099741668362
2021-12-15 00:00:00+00:00,0.7000764725457482
2021-12-16 00:00:00+00:00,0.7025978514304975
2021-12-17 00:00:00+00:00,0.7041727206642188
2021-12-18 00:00:00+00:00,0.7042670454885407
2021-12-19 00:00:00+00:00,0.7054472428221832
2021-12-20 00:00:00+00:00,0.6850271786708985
2021-12-21 00:00:00+00:00,0.6795152185311916
2021-12-22 00:00:00+00:00,0.648943156966154
2021-12-23 00:00:00+00:00,0.645940080171282
2021-12-24 00:00:00+00:00,0.6420142546848547
2021-12-25 00:00:00+00:00,0.6408718734141885
2021-12-26 00:00:00+00:00,0.6416176909829419
2021-12-27 00:00:00+00:00,0.6389339588292366
2021-12-28 00:00:00+00:00,0.6350357350177032
2021-12-29 00:00:00+00:00,0.6447887233209262
2021-12-30 00:00:00+00:00,0.6452200528563103
2021-12-31 00:00:00+00:00,0.6339985477006682
2022-01-01 00:00:00+00:00,0.6332799029953904
2022-01-02 00:00:00+00:00,0.6353865996651609
2022-01-03 00:00:00+00:00,0.6386141192147095
2022-01-04 00:00:00+00:00,0.6403393287902734
2022-01-05 00:00:00+00:00,0.647275330722894
2022-01-06 00:00:00+00:00,0.6554037063023663
2022-01-07 00:00:00+00:00,0.6548039282906598
2022-01-08 00:00:00+00:00,0.6618789064400031
2022-01-09 00:00:00+00:00,0.6584064529179228
2022-01-10 00:00:00+00:00,0.6607895354671698
2022-01-11 00:00:00+00:00,0.6662196674041623
2022-01-12 00:00:00+00:00,0.6740021042274196
2022-01-13 00:00:00+00:00,0.680447604397154
2022-01-14 00:00:00+00:00,0.6804776775731843
2022-01-15 00:00:00+00:00,0.6806194985342151
2022-01-16 00:00:00+00:00,0.6817453767218822
2022-01-17 00:00:00+00:00,0.6799516153359623
2022-01-18 00:00:00+00:00,0.6714996399822557
2022-01-19 00:00:00+00:00,0.6670104059516164
2022-01-20 00:00:00+00:00,0.6726427213224355
2022-01-21 00:00:00+00:00,0.6771540996392112
2022-01-22 00:00:00+00:00,0.6983398754630981
2022-01-23 00:00:00+00:00,0.7054146639266664
2022-01-24 00:00:00+00:00,0.7102124000592596
2022-01-25 00:00:00+00:00,0.7112076173733561
2022-01-26 00:00:00+00:00,0.7041882023356884
2022-01-27 00:00:00+00:00,0.7050199468408133
2022-01-28 00:00:00+00:00,0.7052334241829005
2022-01-29 00:00:00+00:00,0.7045055319431097
2022-01-30 00:00:00+00:00,0.7058862420233891
2022-01-31 00:00:00+00:00,0.7139991753889168
2022-02-01 00:00:00+00:00,0.7140908744781554
2022-02-02 00:00:00+00:00,0.71538590014764
2022-02-03 00:00:00+00:00,0.7199015558260048
2022-02-04 00:00:00+00:00,0.7250054394879434
2022-02-05 00:00:00+00:00,0.7376896799277134
2022-02-06 00:00:00+00:00,0.7387436095257124
2022-02-07 00:00:00+00:00,0.7411912357374517
2022-02-08 00:00:00+00:00,0.7445540209282688
2022-02-09 00:00:00+00:00,0.7395831971583096
2022-02-10 00:00:00+00:00,0.7391528541693507
2022-02-11 00:00:00+00:00,0.7394949460493541
2022-02-12 00:00:00+00:00,0.744714882813082
2022-02-13 00:00:00+00:00,0.7447345990426475
2022-02-14 00:00:00+00:00,0.7441513571270719
2022-02-15 00:00:00+00:00,0.7437575755331707
2022-02-16 00:00:00+00:00,0.7509349269234991
2022-02-17 00:00:00+00:00,0.7450872959340871
2022-02-18 00:00:00+00:00,0.7457221417975202
2022-02-19 00:00:00+00:00,0.745189077253548
2022-02-20 00:00:00+00:00,0.7479276342462888
2022-02-21 00:00:00+00:00,0.7497292990661197
2022-02-22 00:00:00+00:00,0.7568841689462544
2022-02-23 00:00:00+00:00,0.7586173076972124
2022-02-24 00:00:00+00:00,0.7601334941148962
2022-02-25 00:00:00+00:00,0.7481461153529485
2022-02-26 00:00:00+00:00,0.7514956204372857
2022-02-27 00:00:00+00:00,0.7507999172125375
2022-02-28 00:00:00+00:00,0.7510950728304138
2022-03-01 00:00:00+00:00,0.7634723666130852
2022-03-02 00:00:00+00:00,0.7663500089681838
2022-03-03 00:00:00+00:00,0.7717932699656986
2022-03-04 00:00:00+00:00,0.770312194782945
2022-03-05 00:00:00+00:00,0.7691026496159374
2022-03-06 00:00:00+00:00,0.771086491842242
2022-03-07 00:00:00+00:00,0.772797372128867
2022-03-08 00:00:00+00:00,0.7746472976896832
2022-03-09 00:00:00+00:00,0.7751668075529097
2022-03-10 00:00:00+00:00,0.7770744869566674
2022-03-11 00:00:00+00:00,0.778423812912392
2022-03-12 00:00:00+00:00,0.7735820171626538
2022-03-13 00:00:00+00:00,0.7738295930708172
2022-03-14 00:00:00+00:00,0.7659406188856881
2022-03-15 00:00:00+00:00,0.7777434182127336
2022-03-16 00:00:00+00:00,0.7837960544111805
2022-03-17 00:00:00+00:00,0.7866106452106313
2022-03-18 00:00:00+00:00,0.7915543471643638
2022-03-19 00:00:00+00:00,0.7905046245391376
2022-03-20 00:00:00+00:00,0.7920985610851247
2022-03-21 00:00:00+00:00,0.7948128772188288
2022-03-22 00:00:00+00:00,0.7940313370703855
2022-03-23 00:00:00+00:00,0.7953775160806326
2022-03-24 00:00:00+00:00,0.7891257820244426
2022-03-25 00:00:00+00:00,0.791355834290734
2022-03-26 00:00:00+00:00,0.7915471429188876
2022-03-27 00:00:00+00:00,0.794442087617902
2022-03-28 00:00:00+00:00,0.7970711364814527
2022-03-29 00:00:00+00:00,0.7918945630224696
2022-03-30 00:00:00+00:00,0.7905432338430888
2022-03-31 00:00:00+00:00,0.7887660136389137
2022-04-01 00:00:00+00:00,0.7906106549188658
2022-04-02 00:00:00+00:00,0.7887354441398303
2022-04-03 00:00:00+00:00,0.7886984542741511
2022-04-04 00:00:00+00:00,0.7889933312708335
2022-04-05 00:00:00+00:00,0.7880025200542732
2022-04-06 00:00:00+00:00,0.7675781043228934
2022-04-07 00:00:00+00:00,0.77658623535286
2022-04-08 00:00:00+00:00,0.7748654821832781
2022-04-09 00:00:00+00:00,0.7779305235744796
2022-04-10 00:00:00+00:00,0.779206417543347
2022-04-11 00:00:00+00:00,0.7775471533834462
2022-04-12 00:00:00+00:00,0.785331230946325
2022-04-13 00:00:00+00:00,0.7829333076711893
2022-04-14 00:00:00+00:00,0.7868517608186809
2022-04-15 00:00:00+00:00,0.7874707766992353
2022-04-16 00:00:00+00:00,0.7865595799036188
2022-04-17 00:00:00+00:00,0.7894891308973429
2022-04-18 00:00:00+00:00,0.8034678027304188
2022-04-19 00:00:00+00:00,0.8062384138073615
2022-04-20 00:00:00+00:00,0.8067929801434195
2022-04-21 00:00:00+00:00,0.8051714413682483
2022-04-22 00:00:00+00:00,0.7905135614580677
2022-04-23 00:00:00+00:00,0.7865323559142746
2022-04-24 00:00:00+00:00,0.7837752315338993
2022-04-25 00:00:00+00:00,0.7844333394412428
2022-04-26 00:00:00+00:00,0.7769114995578372
2022-04-27 00:00:00+00:00,0.7848218166246904
2022-04-28 00:00:00+00:00,0.7878464361655118
2022-04-29 00:00:00+00:00,0.7871459861186685
2022-04-30 00:00:00+00:00,0.7893592091721507
2022-05-01 00:00:00+00:00,0.7910695317332141
2022-05-02 00:00:00+00:00,0.7938237711210132
2022-05-03 00:00:00+00:00,0.7945563541349568
2022-05-04 00:00:00+00:00,0.7920569153867795
2022-05-05 00:00:00+00:00,0.7952511580215709
2022-05-06 00:00:00+00:00,0.7940714623041847
2022-05-07 00:00:00+00:00,0.7949693003024951
2022-05-08 00:00:00+00:00,0.7949774737176785
2022-05-09 00:00:00+00:00,0.8012491738396097
2022-05-10 00:00:00+00:00,0.8279471584031279
2022-05-11 00:00:00+00:00,0.8300111919179083
2022-05-12 00:00:00+00:00,0.8500443745956818
2022-05-13 00:00:00+00:00,0.8445378665787928
2022-05-14 00:00:00+00:00,0.8438915121680062
2022-05-15 00:00:00+00:00,0.8444344852930673
2022-05-16 00:00:00+00:00,0.8459220245105673
2022-05-17 00:00:00+00:00,0.8462203275928001
2022-05-18 00:00:00+00:00,0.8469373192802616
2022-05-19 00:00:00+00:00,0.8486695085371595
2022-05-20 00:00:00+00:00,0.8502708059850859
2022-05-21 00:00:00+00:00,0.8513009234709108
2022-05-22 00:00:00+00:00,0.8510568265487409
2022-05-23 00:00:00+00:00,0.8504350416922237
2022-05-24 00:00:00+00:00,0.8498869922643163
2022-05-25 00:00:00+00:00,0.8496077752005252
2022-05-26 00:00:00+00:00,0.8511874737657641
2022-05-27 00:00:00+00:00,0.8512571056830636
2022-05-28 00:00:00+00:00,0.8505929962523251
2022-05-29 00:00:00+00:00,0.8491809767271867
2022-05-30 00:00:00+00:00,0.8445404557334338
2022-05-31 00:00:00+00:00,0.8446508835976954
2022-06-01 00:00:00+00:00,0.8412179823354535
2022-06-02 00:00:00+00:00,0.8448877917339915
2022-06-03 00:00:00+00:00,0.8445290043349061
2022-06-04 00:00:00+00:00,0.84558433042929
2022-06-05 00:00:00+00:00,0.8446258786500968
2022-06-06 00:00:00+00:00,0.8452714109537449
2022-06-07 00:00:00+00:00,0.8436967713555076
2022-06-08 00:00:00+00:00,0.8417671542009145
2022-06-09 00:00:00+00:00,0.8399708063989767
2022-06-10 00:00:00+00:00,0.8454462539176376
2022-06-11 00:00:00+00:00,0.8465433161285187
2022-06-12 00:00:00+00:00,0.8478063428670058
2022-06-13 00:00:00+00:00,0.8504566249883952
2022-06-14 00:00:00+00:00,0.8459211983819406
2022-06-15 00:00:00+00:00,0.8430716102761764
2022-06-16 00:00:00+00:00,0.8444778853137456
2022-06-17 00:00:00+00:00,0.8513734690951967
2022-06-18 00:00:00+00:00,0.8511185827852381
2022-06-19 00:00:00+00:00,0.8470765469178468
2022-06-20 00:00:00+00:00,0.848784245295262
2022-06-21 00:00:00+00:00,0.8488934488226307
2022-06-22 00:00:00+00:00,0.8491020619003298
2022-06-23 00:00:00+00:00,0.8490378046979066
2022-06-24 00:00:00+00:00,0.8507658410696493
2022-06-25 00:00:00+00:00,0.8490293289235629
2022-06-26 00:00:00+00:00,0.8472885687014934
2022-06-27 00:00:00+00:00,0.844998998366778
2022-06-28 00:00:00+00:00,0.8450105720408161
2022-06-29 00:00:00+00:00,0.8464966213719165
2022-06-30 00:00:00+00:00,0.845845580536384
2022-07-01 00:00:00+00:00,0.8458147409294632
2022-07-02 00:00:00+00:00,0.8452967720906006
2022-07-03 00:00:00+00:00,0.8445844713089983
2022-07-04 00:00:00+00:00,0.8454216688443161
2022-07-05 00:00:00+00:00,0.8522607187705982
2022-07-06 00:00:00+00:00,0.8493384099287702
2022-07-07 00:00:00+00:00,0.8490290095799675
2022-07-08 00:00:00+00:00,0.8494898686398381
2022-07-09 00:00:00+00:00,0.8488674965319619
2022-07-10 00:00:00+00:00,0.8486537777648682
2022-07-11 00:00:00+00:00,0.8454743588197946
2022-07-12 00:00:00+00:00,0.8461013978401173
2022-07-13 00:00:00+00:00,0.8457358394026816
2022-07-14 00:00:00+00:00,0.8475331137844581
2022-07-15 00:00:00+00:00,0.8491319755923484
2022-07-16 00:00:00+00:00,0.8490812732468764
2022-07-17 00:00:00+00:00,0.8491056679677378
2022-07-18 00:00:00+00:00,0.8485656156385367
2022-07-19 00:00:00+00:00,0.8504700344543256
2022-07-20 00:00:00+00:00,0.8497910556893478
2022-07-21 00:00:00+00:00,0.8483899854474668
2022-07-22 00:00:00+00:00,0.8481716674441314
2022-07-23 00:00:00+00:00,0.8486802656269038
2022-07-24 00:00:00+00:00,0.8476279194686098
2022-07-25 00:00:00+00:00,0.8543822176032023
2022-07-26 00:00:00+00:00,0.8560357801535983
2022-07-27 00:00:00+00:00,0.8555827935508324
2022-07-28 00:00:00+00:00,0.861213061310331
2022-07-29 00:00:00+00:00,0.8610348460993688
2022-07-30 00:00:00+00:00,0.8581652237893405
2022-07-31 00:00:00+00:00,0.855555469422776
2022-08-01 00:00:00+00:00,0.8550296763516101
2022-08-02 00:00:00+00:00,0.8543554581565752
2022-08-03 00:00:00+00:00,0.8525954033321582
2022-08-04 00:00:00+00:00,0.8488320733118817
2022-08-05 00:00:00+00:00,0.8483886838298238
2022-08-06 00:00:00+00:00,0.8484145027422265
2022-08-07 00:00:00+00:00,0.8470088753788373
2022-08-08 00:00:00+00:00,0.8358243143903886
2022-08-09 00:00:00+00:00,0.8347474015204511
2022-08-10 00:00:00+00:00,0.8188132119473435
2022-08-11 00:00:00+00:00,0.8226202836580241
2022-08-12 00:00:00+00:00,0.8258601039777232
2022-08-13 00:00:00+00:00,0.8260857006264264
2022-08-14 00:00:00+00:00,0.8246266903305252
2022-08-15 00:00:00+00:00,0.814688806223154
2022-08-16 00:00:00+00:00,0.813333450390982
2022-08-17 00:00:00+00:00,0.8006333991045798
2022-08-18 00:00:00+00:00,0.7988615038735053
2022-08-19 00:00:00+00:00,0.7972223407790061
2022-08-20 00:00:00+00:00,0.8042114219144958
2022-08-21 00:00:00+00:00,0.8028187249640606
2022-08-22 00:00:00+00:00,0.8018714625576854
2022-08-23 00:00:00+00:00,0.8016974500693059
2022-08-24 00:00:00+00:00,0.8017190454514918
2022-08-25 00:00:00+00:00,0.800514710621463
2022-08-26 00:00:00+00:00,0.8018631097553086
2022-08-27 00:00:00+00:00,0.8076487565152775
2022-08-28 00:00:00+00:00,0.8070306030493797
2022-08-29 00:00:00+00:00,0.8058509181083071
2022-08-30 00:00:00+00:00,0.8133235944446724
2022-08-31 00:00:00+00:00,0.8088378720176774
2022-09-01 00:00:00+00:00,0.8087754616631356
2022-09-02 00:00:00+00:00,0.8067710721163894
2022-09-03 00:00:00+00:00,0.8051656456984151
2022-09-04 00:00:00+00:00,0.803664924908292
2022-09-05 00:00:00+00:00,0.8060181762160035
2022-09-06 00:00:00+00:00,0.8075132149153156
2022-09-07 00:00:00+00:00,0.8107707482520146
2022-09-08 00:00:00+00:00,0.8129709469332866
2022-09-09 00:00:00+00:00,0.8113865597506278
2022-09-10 00:00:00+00:00,0.807787812814811
2022-09-11 00:00:00+00:00,0.803426013946242
2022-09-12 00:00:00+00:00,0.7961200818465993
2022-09-13 00:00:00+00:00,0.7950327188767997
2022-09-14 00:00:00+00:00,0.8005368633640689
2022-09-15 00:00:00+00:00,0.7820461072641837
2022-09-16 00:00:00+00:00,0.7838800782319787
2022-09-17 00:00:00+00:00,0.7788184560973997
2022-09-18 00:00:00+00:00,0.7705679212607468
2022-09-19 00:00:00+00:00,0.7799974827030672
2022-09-20 00:00:00+00:00,0.7811677155144804
2022-09-21 00:00:00+00:00,0.7734385740316599
2022-09-22 00:00:00+00:00,0.7683100471928636
2022-09-23 00:00:00+00:00,0.7607451593562563
2022-09-24 00:00:00+00:00,0.7608264903450532
2022-09-25 00:00:00+00:00,0.7661084844585646
2022-09-26 00:00:00+00:00,0.7657170853091786
2022-09-27 00:00:00+00:00,0.7583615546014074
2022-09-28 00:00:00+00:00,0.7622965052123722
2022-09-29 00:00:00+00:00,0.7618268393789204
2022-09-30 00:00:00+00:00,0.761497842642386
2022-10-01 00:00:00+00:00,0.7616083075705036
2022-10-02 00:00:00+00:00,0.7619018285041929
2022-10-03 00:00:00+00:00,0.7604718807184075
2022-10-04 00:00:00+00:00,0.7616758131724498
2022-10-05 00:00:00+00:00,0.7610823085400686
2022-10-06 00:00:00+00:00,0.7596782639336912
2022-10-07 00:00:00+00:00,0.7597045865032735
2022-10-08 00:00:00+00:00,0.7601392081589187
2022-10-09 00:00:00+00:00,0.7572593454212784
2022-10-10 00:00:00+00:00,0.7514075529806468
2022-10-11 00:00:00+00:00,0.7519716962375428
2022-10-12 00:00:00+00:00,0.7492700285513927
2022-10-13 00:00:00+00:00,0.7484620701394064
2022-10-14 00:00:00+00:00,0.7486744174039865
2022-10-15 00:00:00+00:00,0.7455791150911755
2022-10-16 00:00:00+00:00,0.7458973341926615
2022-10-17 00:00:00+00:00,0.7344398611185946
2022-10-18 00:00:00+00:00,0.7366992429569199
2022-10-19 00:00:00+00:00,0.738573954156667
2022-10-20 00:00:00+00:00,0.7402660843923654
2022-10-21 00:00:00+00:00,0.7377995841284892
2022-10-22 00:00:00+00:00,0.7412589257397902
2022-10-23 00:00:00+00:00,0.7422074014104998
2022-10-24 00:00:00+00:00,0.7294184490852448
2022-10-25 00:00:00+00:00,0.7303661411938549
2022-10-26 00:00:00+00:00,0.7143382647517575
2022-10-27 00:00:00+00:00,0.705534381999121
2022-10-28 00:00:00+00:00,0.7100806005123717
2022-10-29 00:00:00+00:00,0.7141668680626193
2022-10-30 00:00:00+00:00,0.6927331716599173
2022-10-31 00:00:00+00:00,0.6916020071548359
2022-11-01 00:00:00+00:00,0.6881446117250715
2022-11-02 00:00:00+00:00,0.6893293210347009
2022-11-03 00:00:00+00:00,0.6822099881753098
2022-11-04 00:00:00+00:00,0.6806879962967072
2022-11-05 00:00:00+00:00,0.6965186785271773
2022-11-06 00:00:00+00:00,0.6927219593438856
2022-11-07 00:00:00+00:00,0.6967944947397122
2022-11-08 00:00:00+00:00,0.6908542634676718
2022-11-09 00:00:00+00:00,0.7140019492609048
2022-11-10 00:00:00+00:00,0.7527079695326704
2022-11-11 00:00:00+00:00,0.7886336594859342
2022-11-12 00:00:00+00:00,0.7885465443001658
2022-11-13 00:00:00+00:00,0.7900041642572347
2022-11-14 00:00:00+00:00,0.789911067225796
2022-11-15 00:00:00+00:00,0.7901106627948474
2022-11-16 00:00:00+00:00,0.7902056508787342
2022-11-17 00:00:00+00:00,0.7907776607606539
2022-11-18 00:00:00+00:00,0.7810708681729871
2022-11-19 00:00:00+00:00,0.7812409531852775
2022-11-20 00:00:00+00:00,0.7817872767796781
2022-11-21 00:00:00+00:00,0.7838818470574791
2022-11-22 00:00:00+00:00,0.7848002170145941
2022-11-23 00:00:00+00:00,0.7823334216840316
2022-11-24 00:00:00+00:00,0.7793678455976996
2022-11-25 00:00:00+00:00,0.7742230861864772
2022-11-26 00:00:00+00:00,0.7729962584729795
2022-11-27 00:00:00+00:00,0.7729679965408125
2022-11-28 00:00:00+00:00,0.7709204994910431
2022-11-29 00:00:00+00:00,0.7717738070446036
2022-11-30 00:00:00+00:00,0.7720627363101451
2022-12-01 00:00:00+00:00,0.7734859481417805
2022-12-02 00:00:00+00:00,0.7756519736664118
2022-12-03 00:00:00+00:00,0.776123366375533
2022-12-04 00:00:00+00:00,0.7767412868077621
2022-12-05 00:00:00+00:00,0.7772745922150742
2022-12-06 00:00:00+00:00,0.7751314699474285
2022-12-07 00:00:00+00:00,0.7733546379304554
2022-12-08 00:00:00+00:00,0.7745969705260239
2022-12-09 00:00:00+00:00,0.7763552409073184
2022-12-10 00:00:00+00:00,0.7762903873949449
2022-12-11 00:00:00+00:00,0.7764112761373851
2022-12-12 00:00:00+00:00,0.7789304432583493
2022-12-13 00:00:00+00:00,0.775616055685522
2022-12-14 00:00:00+00:00,0.7738444227435727
2022-12-15 00:00:00+00:00,0.772983170693401
2022-12-16 00:00:00+00:00,0.7759007536511427
2022-12-17 00:00:00+00:00,0.78085204402201
2022-12-18 00:00:00+00:00,0.7761589994916724
2022-12-19 00:00:00+00:00,0.776377119490742
2022-12-20 00:00:00+00:00,0.7805607791689502
2022-12-21 00:00:00+00:00,0.782761532897195
2022-12-22 00:00:00+00:00,0.7871309876128089
2022-12-23 00:00:00+00:00,0.7875761625051474
2022-12-24 00:00:00+00:00,0.7874332377093571
2022-12-25 00:00:00+00:00,0.7875041020392064
2022-12-26 00:00:00+00:00,0.7902066086889881
2022-12-27 00:00:00+00:00,0.7892279482855382
2022-12-28 00:00:00+00:00,0.7893021277280003
2022-12-29 00:00:00+00:00,0.7911359961253421
2022-12-30 00:00:00+00:00,0.7903018093813576
2022-12-31 00:00:00+00:00,0.7895484365558236
2023-01-01 00:00:00+00:00,0.7897647918881752
2023-01-02 00:00:00+00:00,0.7891688831929465
2023-01-03 00:00:00+00:00,0.7870781796112427
2023-01-04 00:00:00+00:00,0.7823388436976035
2023-01-05 00:00:00+00:00,0.781205469166771
2023-01-06 00:00:00+00:00,0.7827173630080355
2023-01-07 00:00:00+00:00,0.7827652078863606
2023-01-08 00:00:00+00:00,0.7831327083204955
2023-01-09 00:00:00+00:00,0.7814404470737578
2023-01-10 00:00:00+00:00,0.7792196643631728
2023-01-11 00:00:00+00:00,0.7788697731161307
2023-01-12 00:00:00+00:00,0.7662066300681108
2023-01-13 00:00:00+00:00,0.764364436743102
2023-01-14 00:00:00+00:00,0.7637436273655276
2023-01-15 00:00:00+00:00,0.7565568959148143
2023-01-16 00:00:00+00:00,0.7564970509714735
2023-01-17 00:00:00+00:00,0.7552867979484754
2023-01-18 00:00:00+00:00,0.7541573103277226
2023-01-19 00:00:00+00:00,0.7566180559303803
2023-01-20 00:00:00+00:00,0.7574532508484813
2023-01-21 00:00:00+00:00,0.7608271381101199
2023-01-22 00:00:00+00:00,0.760105494061713
2023-01-23 00:00:00+00:00,0.7591243762623472
2023-01-24 00:00:00+00:00,0.7577122180226041
2023-01-25 00:00:00+00:00,0.7620109423565976
2023-01-26 00:00:00+00:00,0.7644943097764687
2023-01-27 00:00:00+00:00,0.7636650655439363
2023-01-28 00:00:00+00:00,0.7818247269430995
2023-01-29 00:00:00+00:00,0.7827705068695618
2023-01-30 00:00:00+00:00,0.7864995022171067
2023-01-31 00:00:00+00:00,0.7935411851232497
2023-02-01 00:00:00+00:00,0.7981614542131924
2023-02-02 00:00:00+00:00,0.7986979576491553
2023-02-03 00:00:00+00:00,0.7945517133840971
2023-02-04 00:00:00+00:00,0.7939678062109463
2023-02-05 00:00:00+00:00,0.7919808441900871
2023-02-06 00:00:00+00:00,0.7949738477153306
2023-02-07 00:00:00+00:00,0.7870178969434107
2023-02-08 00:00:00+00:00,0.7430514566152995
2023-02-09 00:00:00+00:00,0.6765249441596302
2023-02-10 00:00:00+00:00,0.6919795999671146
2023-02-11 00:00:00+00:00,0.6922840443371944
2023-02-12 00:00:00+00:00,0.6915656069275037
2023-02-13 00:00:00+00:00,0.6991145749017804
2023-02-14 00:00:00+00:00,0.6976485911329944
2023-02-15 00:00:00+00:00,0.6971498127789595
2023-02-16 00:00:00+00:00,0.7117190652841281
2023-02-17 00:00:00+00:00,0.7164914145236093
2023-02-18 00:00:00+00:00,0.71215552482085
2023-02-19 00:00:00+00:00,0.7071710396983402
2023-02-20 00:00:00+00:00,0.70497715381977
2023-02-21 00:00:00+00:00,0.7077655236056852
2023-02-22 00:00:00+00:00,0.7105333224686183
2023-02-23 00:00:00+00:00,0.7133581878831755
2023-02-24 00:00:00+00:00,0.7230099549384204
2023-02-25 00:00:00+00:00,0.7297438784837725
2023-02-26 00:00:00+00:00,0.7368472138589064
2023-02-27 00:00:00+00:00,0.735361209854631
2023-02-28 00:00:00+00:00,0.7376538726340772
2023-03-01 00:00:00+00:00,0.7357101490839637
2023-03-02 00:00:00+00:00,0.7347217942155299
2023-03-03 00:00:00+00:00,0.7362918508236522
2023-03-04 00:00:00+00:00,0.7364085107127811
2023-03-05 00:00:00+00:00,0.7370644115446199
2023-03-06 00:00:00+00:00,0.7386690325571517
2023-03-07 00:00:00+00:00,0.73785991096942
2023-03-08 00:00:00+00:00,0.734074711578167
2023-03-09 00:00:00+00:00,0.7328148822011463
2023-03-10 00:00:00+00:00,0.7363474389715614
2023-03-11 00:00:00+00:00,0.7314780473443203
2023-03-12 00:00:00+00:00,0.7284010390554588
2023-03-13 00:00:00+00:00,0.7398967442075721
2023-03-14 00:00:00+00:00,0.735734376570561
2023-03-15 00:00:00+00:00,0.7359229367024054
2023-03-16 00:00:00+00:00,0.7376663392939272
2023-03-17 00:00:00+00:00,0.7180097891508053
2023-03-18 00:00:00+00:00,0.7285019602175022
2023-03-19 00:00:00+00:00,0.7317810509101393
2023-03-20 00:00:00+00:00,0.7308863423632541
2023-03-21 00:00:00+00:00,0.7295550996872285
2023-03-22 00:00:00+00:00,0.7034405157246604
2023-03-23 00:00:00+00:00,0.7018231992502582
2023-03-24 00:00:00+00:00,0.7046444841034294
2023-03-25 00:00:00+00:00,0.7073912769711093
2023-03-26 00:00:00+00:00,0.7074694927700675
2023-03-27 00:00:00+00:00,0.7086649603298557
2023-03-28 00:00:00+00:00,0.704655797809829
2023-03-29 00:00:00+00:00,0.7001673723120219
2023-03-30 00:00:00+00:00,0.7013750273305538
2023-03-31 00:00:00+00:00,0.7026230052798883
2023-04-01 00:00:00+00:00,0.7026474739582528
2023-04-02 00:00:00+00:00,0.6983715764930775
2023-04-03 00:00:00+00:00,0.6989575232029621
2023-04-04 00:00:00+00:00,0.6800967869567263
2023-04-05 00:00:00+00:00,0.6807123743190853
2023-04-06 00:00:00+00:00,0.6797110603724013
2023-04-07 00:00:00+00:00,0.6795065999894269
2023-04-08 00:00:00+00:00,0.6792573287199367
2023-04-09 00:00:00+00:00,0.6810201592353714
2023-04-10 00:00:00+00:00,0.683746240638022
2023-04-11 00:00:00+00:00,0.6846376379993743
2023-04-12 00:00:00+00:00,0.6911474192398883
2023-04-13 00:00:00+00:00,0.6919830074689234
2023-04-14 00:00:00+00:00,0.691022699261635
2023-04-15 00:00:00+00:00,0.7001488296247328
2023-04-16 00:00:00+00:00,0.6986808256106456
2023-04-17 00:00:00+00:00,0.6979061338818409
2023-04-18 00:00:00+00:00,0.6982975560136527
2023-04-19 00:00:00+00:00,0.694505095113218
2023-04-20 00:00:00+00:00,0.7084305995220899
2023-04-21 00:00:00+00:00,0.7013345931266741
2023-04-22 00:00:00+00:00,0.7038439713595748
2023-04-23 00:00:00+00:00,0.7063583073310036
2023-04-24 00:00:00+00:00,0.7079904012758729
2023-04-25 00:00:00+00:00,0.7038152005375983
2023-04-26 00:00:00+00:00,0.7027264670829125
2023-04-27 00:00:00+00:00,0.7029531702655644
2023-04-28 00:00:00+00:00,0.714102785252798
2023-04-29 00:00:00+00:00,0.7126835323608965
2023-04-30 00:00:00+00:00,0.7103359924233053
2023-05-01 00:00:00+00:00,0.7016028896817805
2023-05-02 00:00:00+00:00,0.7042217058297796
2023-05-03 00:00:00+00:00,0.7039490204530562
2023-05-04 00:00:00+00:00,0.7055904800655499
2023-05-05 00:00:00+00:00,0.7077142803934907
2023-05-06 00:00:00+00:00,0.7074838278123288
2023-05-07 00:00:00+00:00,0.707869322499011
2023-05-08 00:00:00+00:00,0.7072458693346455
2023-05-09 00:00:00+00:00,0.7092417723691831
2023-05-10 00:00:00+00:00,0.7077785802356397
2023-05-11 00:00:00+00:00,0.6933706962036089
2023-05-12 00:00:00+00:00,0.6950176622886521
2023-05-13 00:00:00+00:00,0.6938862061867593
2023-05-14 00:00:00+00:00,0.6947735670216975
2023-05-15 00:00:00+00:00,0.6974831444155258
2023-05-16 00:00:00+00:00,0.6962253103381458
2023-05-17 00:00:00+00:00,0.680743971117159
2023-05-18 00:00:00+00:00,0.6769118906595857
2023-05-19 00:00:00+00:00,0.6813953536769963
2023-05-20 00:00:00+00:00,0.6814038259914279
2023-05-21 00:00:00+00:00,0.6856168028953324
2023-05-22 00:00:00+00:00,0.686971571625817
2023-05-23 00:00:00+00:00,0.6858640183617386
2023-05-24 00:00:00+00:00,0.6868426926013436
2023-05-25 00:00:00+00:00,0.689494788595054
2023-05-26 00:00:00+00:00,0.6859316434671595
2023-05-27 00:00:00+00:00,0.6868077606315646
2023-05-28 00:00:00+00:00,0.6853513260514938
2023-05-29 00:00:00+00:00,0.6868796336662857
2023-05-30 00:00:00+00:00,0.6865458986757021
2023-05-31 00:00:00+00:00,0.6843310439049042
2023-06-01 00:00:00+00:00,0.6840527031333787
2023-06-02 00:00:00+00:00,0.6803141095808337
2023-06-03 00:00:00+00:00,0.6809501312019919
2023-06-04 00:00:00+00:00,0.680998685576638
2023-06-05 00:00:00+00:00,0.6811013967495185
2023-06-06 00:00:00+00:00,0.6937423709455179
2023-06-07 00:00:00+00:00,0.6958231235100977
2023-06-08 00:00:00+00:00,0.6913389884138239
2023-06-09 00:00:00+00:00,0.6972525429218224
2023-06-10 00:00:00+00:00,0.6924758752176979
2023-06-11 00:00:00+00:00,0.6939587539475678
2023-06-12 00:00:00+00:00,0.6971796949117518
2023-06-13 00:00:00+00:00,0.6966790359821372
2023-06-14 00:00:00+00:00,0.6902060554507014
2023-06-15 00:00:00+00:00,0.6935824629360121
2023-06-16 00:00:00+00:00,0.6812645151258389
2023-06-17 00:00:00+00:00,0.6795630948651825
2023-06-18 00:00:00+00:00,0.6772456418954556
2023-06-19 00:00:00+00:00,0.6781366745050039
2023-06-20 00:00:00+00:00,0.6813770858060717
2023-06-21 00:00:00+00:00,0.6859502148817439
2023-06-22 00:00:00+00:00,0.6829746347748231
2023-06-23 00:00:00+00:00,0.6782439651422499
2023-06-24 00:00:00+00:00,0.6809850916461369
2023-06-25 00:00:00+00:00,0.6818563112721454
2023-06-26 00:00:00+00:00,0.6867717029954321
2023-06-27 00:00:00+00:00,0.6903765862470619
2023-06-28 00:00:00+00:00,0.6895461911216296
2023-06-29 00:00:00+00:00,0.6962095821650062
2023-06-30 00:00:00+00:00,0.6946207068932052
2023-07-01 00:00:00+00:00,0.682173334767278
2023-07-02 00:00:00+00:00,0.6808422521041637
2023-07-03 00:00:00+00:00,0.7134318676074419
2023-07-04 00:00:00+00:00,0.7118641384002273
2023-07-05 00:00:00+00:00,0.7128152731373778
2023-07-06 00:00:00+00:00,0.7176914600291319
2023-07-07 00:00:00+00:00,0.7169538500891635
2023-07-08 00:00:00+00:00,0.717117967601664
2023-07-09 00:00:00+00:00,0.7139520047592408
2023-07-10 00:00:00+00:00,0.7125353196067696
2023-07-11 00:00:00+00:00,0.7142289369230881
2023-07-12 00:00:00+00:00,0.7157554172425463
2023-07-13 00:00:00+00:00,0.7146289620652906
2023-07-14 00:00:00+00:00,0.6937126171293775
2023-07-15 00:00:00+00:00,0.6909667235923526
2023-07-16 00:00:00+00:00,0.6901310399012637
2023-07-17 00:00:00+00:00,0.6906958611087691
2023-07-18 00:00:00+00:00,0.6893827113086877
2023-07-19 00:00:00+00:00,0.6727184925014199
2023-07-20 00:00:00+00:00,0.6721321974113648
2023-07-21 00:00:00+00:00,0.6689325503991853
2023-07-22 00:00:00+00:00,0.6653151153115893
2023-07-23 00:00:00+00:00,0.666400018511807
2023-07-24 00:00:00+00:00,0.6671091065760852
2023-07-25 00:00:00+00:00,0.6635350559908961
2023-07-26 00:00:00+00:00,0.6561627473474327
2023-07-27 00:00:00+00:00,0.6511651590282138
2023-07-28 00:00:00+00:00,0.6524270218365589
2023-07-29 00:00:00+00:00,0.6527962920596873
2023-07-30 00:00:00+00:00,0.6573800703243857
2023-07-31 00:00:00+00:00,0.6553816532815608
2023-08-01 00:00:00+00:00,0.6569527019566154
2023-08-02 00:00:00+00:00,0.6567793861818702
2023-08-03 00:00:00+00:00,0.659320723965372
2023-08-04 00:00:00+00:00,0.6609599353954602
2023-08-05 00:00:00+00:00,0.6585021669129488
2023-08-06 00:00:00+00:00,0.657939978386902
2023-08-07 00:00:00+00:00,0.650652466107546
2023-08-08 00:00:00+00:00,0.6509725546599345
2023-08-09 00:00:00+00:00,0.6533847454008677
2023-08-10 00:00:00+00:00,0.6519762003020546
2023-08-11 00:00:00+00:00,0.6527322390408751
2023-08-12 00:00:00+00:00,0.6531307448071078
2023-08-13 00:00:00+00:00,0.6532440771581451
2023-08-14 00:00:00+00:00,0.6538564116521448
2023-08-15 00:00:00+00:00,0.6545427307074632
2023-08-16 00:00:00+00:00,0.6560295542670944
2023-08-17 00:00:00+00:00,0.6584238196863215
2023-08-18 00:00:00+00:00,0.6769465959437371
2023-08-19 00:00:00+00:00,0.6736726833417185
2023-08-20 00:00:00+00:00,0.6735333526483204
2023-08-21 00:00:00+00:00,0.6739407196403083
2023-08-22 00:00:00+00:00,0.6730788810733377
2023-08-23 00:00:00+00:00,0.6701451483490185
2023-08-24 00:00:00+00:00,0.6715164862294846
2023-08-25 00:00:00+00:00,0.6710070962082794
2023-08-26 00:00:00+00:00,0.6702481081808146
2023-08-27 00:00:00+00:00,0.6696470282928068
2023-08-28 00:00:00+00:00,0.6698994555259936
2023-08-29 00:00:00+00:00,0.6695660397905228
2023-08-30 00:00:00+00:00,0.671294812902677
2023-08-31 00:00:00+00:00,0.6733223101651407
2023-09-01 00:00:00+00:00,0.6758447514363789
2023-09-02 00:00:00+00:00,0.6762059650146837
2023-09-03 00:00:00+00:00,0.6764382529991859
2023-09-04 00:00:00+00:00,0.666771800550552
2023-09-05 00:00:00+00:00,0.6662609151588197
2023-09-06 00:00:00+00:00,0.663078794389293
2023-09-07 00:00:00+00:00,0.6626682484098119
2023-09-08 00:00:00+00:00,0.6689261472012678
2023-09-09 00:00:00+00:00,0.652807399115192
2023-09-10 00:00:00+00:00,0.6532997880452315
2023-09-11 00:00:00+00:00,0.6545421363301419
2023-09-12 00:00:00+00:00,0.6632543504517749
2023-09-13 00:00:00+00:00,0.6592776410814996
2023-09-14 00:00:00+00:00,0.6637022809441757
2023-09-15 00:00:00+00:00,0.6645724899564004
2023-09-16 00:00:00+00:00,0.6648867236779703
2023-09-17 00:00:00+00:00,0.6651175759656544
2023-09-18 00:00:00+00:00,0.6649623589879302
2023-09-19 00:00:00+00:00,0.665618835137743
2023-09-20 00:00:00+00:00,0.6641386812972038
2023-09-21 00:00:00+00:00,0.665972314962079
2023-09-22 00:00:00+00:00,0.6661537901536563
2023-09-23 00:00:00+00:00,0.6660394045455942
2023-09-24 00:00:00+00:00,0.668437915084468
2023-09-25 00:00:00+00:00,0.6681661775511755
2023-09-26 00:00:00+00:00,0.6675555530280948
2023-09-27 00:00:00+00:00,0.6599844386562437
2023-09-28 00:00:00+00:00,0.6599722053155673
2023-09-29 00:00:00+00:00,0.676716322192507
2023-09-30 00:00:00+00:00,0.6804921152348693
2023-10-01 00:00:00+00:00,0.6831385633006614
2023-10-02 00:00:00+00:00,0.6919932982490471
2023-10-03 00:00:00+00:00,0.6930587667660189
2023-10-04 00:00:00+00:00,0.6910039085244845
2023-10-05 00:00:00+00:00,0.6872496871863748
2023-10-06 00:00:00+00:00,0.6859926070837965
2023-10-07 00:00:00+00:00,0.6905792820062163
2023-10-08 00:00:00+00:00,0.6902498227239268
2023-10-09 00:00:00+00:00,0.6961896267279648
2023-10-10 00:00:00+00:00,0.7001203579622166
2023-10-11 00:00:00+00:00,0.6986907128387212
2023-10-12 00:00:00+00:00,0.6811342161027831
2023-10-13 00:00:00+00:00,0.6960730175041623
2023-10-14 00:00:00+00:00,0.6994429398202076
2023-10-15 00:00:00+00:00,0.7079708221744508
2023-10-16 00:00:00+00:00,0.7078627326924001
2023-10-17 00:00:00+00:00,0.7179931583437011
2023-10-18 00:00:00+00:00,0.7222551164546855
2023-10-19 00:00:00+00:00,0.7282881134945878
2023-10-20 00:00:00+00:00,0.7298876157057862
2023-10-21 00:00:00+00:00,0.727359627301223
2023-10-22 00:00:00+00:00,0.727007365528768
2023-10-23 00:00:00+00:00,0.7284634292770764
2023-10-24 00:00:00+00:00,0.7612392615654402
2023-10-25 00:00:00+00:00,0.7615390497288554
2023-10-26 00:00:00+00:00,0.7574087136047722
2023-10-27 00:00:00+00:00,0.7513012300840952
2023-10-28 00:00:00+00:00,0.7494700729419118
2023-10-29 00:00:00+00:00,0.7497128328534742
2023-10-30 00:00:00+00:00,0.7509210922253151
2023-10-31 00:00:00+00:00,0.7490845769717572
2023-11-01 00:00:00+00:00,0.735520786042245
2023-11-02 00:00:00+00:00,0.7359735765567706
2023-11-03 00:00:00+00:00,0.727370620415557
2023-11-04 00:00:00+00:00,0.7272796585190224
2023-11-05 00:00:00+00:00,0.7267462209093806
2023-11-06 00:00:00+00:00,0.7223345282709317
2023-11-07 00:00:00+00:00,0.7176568651924915
2023-11-08 00:00:00+00:00,0.71453836246761
2023-11-09 00:00:00+00:00,0.7136770521733761
2023-11-10 00:00:00+00:00,0.6872658525538151
2023-11-11 00:00:00+00:00,0.6642423293479165
2023-11-12 00:00:00+00:00,0.6527844862264005
2023-11-13 00:00:00+00:00,0.6440287429705356
2023-11-14 00:00:00+00:00,0.6388292264236078
2023-11-15 00:00:00+00:00,0.6257826852282855
2023-11-16 00:00:00+00:00,0.6086575712702296
2023-11-17 00:00:00+00:00,0.6114807266540844
2023-11-18 00:00:00+00:00,0.6005694636674488
2023-11-19 00:00:00+00:00,0.5962170087083685
2023-11-20 00:00:00+00:00,0.5988099137210945
2023-11-21 00:00:00+00:00,0.5940068050635432
2023-11-22 00:00:00+00:00,0.6118587781960796
2023-11-23 00:00:00+00:00,0.6263715325316138
2023-11-24 00:00:00+00:00,0.6266014124848285
2023-11-25 00:00:00+00:00,0.6256146677655794
2023-11-26 00:00:00+00:00,0.6255409882125434
2023-11-27 00:00:00+00:00,0.6270396160841772
2023-11-28 00:00:00+00:00,0.6245621046630876
2023-11-29 00:00:00+00:00,0.6224309090672209
2023-11-30 00:00:00+00:00,0.6115073423041306
2023-12-01 00:00:00+00:00,0.6059051418208519
2023-12-02 00:00:00+00:00,0.6062792894046302
2023-12-03 00:00:00+00:00,0.607464490487363
2023-12-04 00:00:00+00:00,0.6070845852395566
2023-12-05 00:00:00+00:00,0.6048119362615055
2023-12-06 00:00:00+00:00,0.6016948585304315
2023-12-07 00:00:00+00:00,0.5959994561228603
2023-12-08 00:00:00+00:00,0.5927414272718607
2023-12-09 00:00:00+00:00,0.5928482043681144
2023-12-10 00:00:00+00:00,0.5844060906378004
2023-12-11 00:00:00+00:00,0.573137829526425
2023-12-12 00:00:00+00:00,0.5768451822565089
2023-12-13 00:00:00+00:00,0.5726711647252765
2023-12-14 00:00:00+00:00,0.5678890330213827
2023-12-15 00:00:00+00:00,0.5687550552853884
2023-12-16 00:00:00+00:00,0.576124920585411
2023-12-17 00:00:00+00:00,0.5747801243765035
2023-12-18 00:00:00+00:00,0.5806204989390371
2023-12-19 00:00:00+00:00,0.5797456793412767
2023-12-20 00:00:00+00:00,0.5769073380528181
2023-12-21 00:00:00+00:00,0.5740923393935857
2023-12-22 00:00:00+00:00,0.5685359701392182
2023-12-23 00:00:00+00:00,0.5633830252638738
2023-12-24 00:00:00+00:00,0.558257859342315
2023-12-25 00:00:00+00:00,0.5577595459779026
2023-12-26 00:00:00+00:00,0.5580821031310561
2023-12-27 00:00:00+00:00,0.539510181826216
2023-12-28 00:00:00+00:00,0.5316630071463011
2023-12-29 00:00:00+00:00,0.5332889073449341
2023-12-30 00:00:00+00:00,0.5344290768587975
2023-12-31 00:00:00+00:00,0.5306771963083687
2024-01-01 00:00:00+00:00,0.5277225645075706
2024-01-02 00:00:00+00:00,0.5344862933528309
2024-01-03 00:00:00+00:00,0.535407699995773
2024-01-04 00:00:00+00:00,0.5518283910088375
2024-01-05 00:00:00+00:00,0.5532785269219852
2024-01-06 00:00:00+00:00,0.5551210317929405
2024-01-07 00:00:00+00:00,0.557559469207207
2024-01-08 00:00:00+00:00,0.5550023974518791
2024-01-09 00:00:00+00:00,0.5631061128382703
2024-01-10 00:00:00+00:00,0.563379166677556
2024-01-11 00:00:00+00:00,0.5670826210336127
2024-01-12 00:00:00+00:00,0.5659117746722799
2024-01-13 00:00:00+00:00,0.5734955340492796
2024-01-14 00:00:00+00:00,0.5729744140866074
2024-01-15 00:00:00+00:00,0.5744316561815686
2024-01-16 00:00:00+00:00,0.5711350637083047
2024-01-17 00:00:00+00:00,0.5698239123936789
2024-01-18 00:00:00+00:00,0.5726100797251146
2024-01-19 00:00:00+00:00,0.5760778730172235
2024-01-20 00:00:00+00:00,0.5723419924703408
2024-01-21 00:00:00+00:00,0.566536607603661
2024-01-22 00:00:00+00:00,0.5556976938262849
2024-01-23 00:00:00+00:00,0.5733423566802582
2024-01-24 00:00:00+00:00,0.5738813962127084
2024-01-25 00:00:00+00:00,0.574545142727725
2024-01-26 00:00:00+00:00,0.5748329331276761
2024-01-27 00:00:00+00:00,0.5781767681647605
2024-01-28 00:00:00+00:00,0.5775636414807235
2024-01-29 00:00:00+00:00,0.5779722714713543
2024-01-30 00:00:00+00:00,0.5830825050789029
2024-01-31 00:00:00+00:00,0.5820594371013933
2024-02-01 00:00:00+00:00,0.5859835805302126
2024-02-02 00:00:00+00:00,0.5865339669213089
2024-02-03 00:00:00+00:00,0.5862085454260196
2024-02-04 00:00:00+00:00,0.5880659589559671
2024-02-05 00:00:00+00:00,0.589666360488781
2024-02-06 00:00:00+00:00,0.5898862227362167
2024-02-07 00:00:00+00:00,0.5897528964192978
2024-02-08 00:00:00+00:00,0.6019566555767486
2024-02-09 00:00:00+00:00,0.6114149233383477
2024-02-10 00:00:00+00:00,0.6157286790468803
2024-02-11 00:00:00+00:00,0.6183434761204976
2024-02-12 00:00:00+00:00,0.6180747609791226
2024-02-13 00:00:00+00:00,0.6263126405788308
2024-02-14 00:00:00+00:00,0.6136559065982284
2024-02-15 00:00:00+00:00,0.6198831554275314
2024-02-16 00:00:00+00:00,0.6218576373648043
2024-02-17 00:00:00+00:00,0.6238616862573948
2024-02-18 00:00:00+00:00,0.6236854911672289
2024-02-19 00:00:00+00:00,0.625833760616225
2024-02-20 00:00:00+00:00,0.605871155047593
2024-02-21 00:00:00+00:00,0.5940564689912159
2024-02-22 00:00:00+00:00,0.5911271364204163
2024-02-23 00:00:00+00:00,0.5917090487648345
2024-02-24 00:00:00+00:00,0.5919777294151831
2024-02-25 00:00:00+00:00,0.5925010343696437
2024-02-26 00:00:00+00:00,0.5893476276595845
2024-02-27 00:00:00+00:00,0.5921976524354288
2024-02-28 00:00:00+00:00,0.5842477968270097
2024-02-29 00:00:00+00:00,0.5745453988835735
2024-03-01 00:00:00+00:00,0.5669601982273373
2024-03-02 00:00:00+00:00,0.5661442893263968
2024-03-03 00:00:00+00:00,0.5583390323516324
2024-03-04 00:00:00+00:00,0.5547233909544209
2024-03-05 00:00:00+00:00,0.5504411708152634
2024-03-06 00:00:00+00:00,0.5723943541605878
2024-03-07 00:00:00+00:00,0.5796075099429727
2024-03-08 00:00:00+00:00,0.5757965408671006
2024-03-09 00:00:00+00:00,0.578023145466448
2024-03-10 00:00:00+00:00,0.5816184868394371
2024-03-11 00:00:00+00:00,0.5759933645883204
2024-03-12 00:00:00+00:00,0.5742628981778473
2024-03-13 00:00:00+00:00,0.5690024628793717
2024-03-14 00:00:00+00:00,0.5671589357954552
2024-03-15 00:00:00+00:00,0.5590666188767615
2024-03-16 00:00:00+00:00,0.5543484174908015
2024-03-17 00:00:00+00:00,0.5696628571942797
2024-03-18 00:00:00+00:00,0.5728201790017495
2024-03-19 00:00:00+00:00,0.5687893109782571
2024-03-20 00:00:00+00:00,0.6032700216410344
2024-03-21 00:00:00+00:00,0.6271681495762687
2024-03-22 00:00:00+00:00,0.6260336147259331
2024-03-23 00:00:00+00:00,0.631952419948965
2024-03-24 00:00:00+00:00,0.63374557762906
2024-03-25 00:00:00+00:00,0.637671093389754
2024-03-26 00:00:00+00:00,0.6451325976807263
2024-03-27 00:00:00+00:00,0.6487721770495289
2024-03-28 00:00:00+00:00,0.6490285827121421
2024-03-29 00:00:00+00:00,0.6472875175149099
2024-03-30 00:00:00+00:00,0.6377736412383218
2024-03-31 00:00:00+00:00,0.6373958703593107
2024-04-01 00:00:00+00:00,0.636150534622681
2024-04-02 00:00:00+00:00,0.6417392537501526
2024-04-03 00:00:00+00:00,0.6324570658942987
2024-04-04 00:00:00+00:00,0.6295809711022342
2024-04-05 00:00:00+00:00,0.6278669585747624
2024-04-06 00:00:00+00:00,0.6268115458240846
2024-04-07 00:00:00+00:00,0.6252891469850062
2024-04-08 00:00:00+00:00,0.6208545405050201
2024-04-09 00:00:00+00:00,0.6194882964905059
2024-04-10 00:00:00+00:00,0.6238993792929307
2024-04-11 00:00:00+00:00,0.6232699356922349
2024-04-12 00:00:00+00:00,0.6184151376292132
2024-04-13 00:00:00+00:00,0.6376422996347678
2024-04-14 00:00:00+00:00,0.6566159860338496
2024-04-15 00:00:00+00:00,0.659656878089242
2024-04-16 00:00:00+00:00,0.6610961904968629
2024-04-17 00:00:00+00:00,0.6615805034905773
2024-04-18 00:00:00+00:00,0.6607865244487532
2024-04-19 00:00:00+00:00,0.6626690519606615
2024-04-20 00:00:00+00:00,0.6642985135365654
2024-04-21 00:00:00+00:00,0.6657985740512631
2024-04-22 00:00:00+00:00,0.6578712520123244
2024-04-23 00:00:00+00:00,0.6602843332817079
2024-04-24 00:00:00+00:00,0.6615803982159101
2024-04-25 00:00:00+00:00,0.663418798886938
2024-04-26 00:00:00+00:00,0.6617225661198503
2024-04-27 00:00:00+00:00,0.6606514138122959
2024-04-28 00:00:00+00:00,0.6598391231616867
2024-04-29 00:00:00+00:00,0.6600673638788044
2024-04-30 00:00:00+00:00,0.65901404542122
2024-05-01 00:00:00+00:00,0.6619363860230945
2024-05-02 00:00:00+00:00,0.6559626681412003
2024-05-03 00:00:00+00:00,0.6561837578353351
2024-05-04 00:00:00+00:00,0.6573336669903357
2024-05-05 00:00:00+00:00,0.6553625900520964
2024-05-06 00:00:00+00:00,0.6552292266350662
2024-05-07 00:00:00+00:00,0.6541242153473499
2024-05-08 00:00:00+00:00,0.654984758155308
2024-05-09 00:00:00+00:00,0.6543780167767387
2024-05-10 00:00:00+00:00,0.6544640742741068
2024-05-11 00:00:00+00:00,0.6582816194697287
2024-05-12 00:00:00+00:00,0.6582803796219058
2024-05-13 00:00:00+00:00,0.6578570468333627
2024-05-14 00:00:00+00:00,0.6571278162569523
2024-05-15 00:00:00+00:00,0.6568232326545704
2024-05-16 00:00:00+00:00,0.6650676473889089
2024-05-17 00:00:00+00:00,0.6645777805588802
2024-05-18 00:00:00+00:00,0.6659143543148647
2024-05-19 00:00:00+00:00,0.6659566034361329
2024-05-20 00:00:00+00:00,0.6679386358190924
2024-05-21 00:00:00+00:00,0.6743934838318566
2024-05-22 00:00:00+00:00,0.6748963567714293
2024-05-23 00:00:00+00:00,0.6758753674655446
2024-05-24 00:00:00+00:00,0.675837127644879
2024-05-25 00:00:00+00:00,0.6743851933616611
2024-05-26 00:00:00+00:00,0.6750477483536621
2024-05-27 00:00:00+00:00,0.6732317875979771
2024-05-28 00:00:00+00:00,0.6760442186063358
2024-05-29 00:00:00+00:00,0.6816204791179427
2024-05-30 00:00:00+00:00,0.6865648391304611
2024-05-31 00:00:00+00:00,0.686425244447643
2024-06-01 00:00:00+00:00,0.6905758470626846
2024-06-02 00:00:00+00:00,0.6938312331591787
2024-06-03 00:00:00+00:00,0.6991449711732447
2024-06-04 00:00:00+00:00,0.6922200010735754
2024-06-05 00:00:00+00:00,0.6910005930887367
2024-06-06 00:00:00+00:00,0.6936418133799254
2024-06-07 00:00:00+00:00,0.6949813388814107
2024-06-08 00:00:00+00:00,0.6996978033362722
2024-06-09 00:00:00+00:00,0.7043273528229882
2024-06-10 00:00:00+00:00,0.7092090241105276
2024-06-11 00:00:00+00:00,0.7189249491739693
2024-06-12 00:00:00+00:00,0.732097276870953
2024-06-13 00:00:00+00:00,0.7393674528018219
2024-06-14 00:00:00+00:00,0.749287590965013
2024-06-15 00:00:00+00:00,0.7423692896155019
2024-06-16 00:00:00+00:00,0.7424793122992258
2024-06-17 00:00:00+00:00,0.7493526837104387
2024-06-18 00:00:00+00:00,0.7244055740559256
2024-06-19 00:00:00+00:00,0.7072433934872373
2024-06-20 00:00:00+00:00,0.714003968632302
2024-06-21 00:00:00+00:00,0.7118871638509585
2024-06-22 00:00:00+00:00,0.7115243395033586
2024-06-23 00:00:00+00:00,0.7041257356889817
2024-06-24 00:00:00+00:00,0.7045317013055751
2024-06-25 00:00:00+00:00,0.7032827819992642
2024-06-26 00:00:00+00:00,0.7055212334574575
2024-06-27 00:00:00+00:00,0.7097404957153974
2024-06-28 00:00:00+00:00,0.7239129801587164
2024-06-29 00:00:00+00:00,0.724885210263297
2024-06-30 00:00:00+00:00,0.7241169223708893
2024-07-01 00:00:00+00:00,0.7208020785115336
2024-07-02 00:00:00+00:00,0.7282569476963487
2024-07-03 00:00:00+00:00,0.7326236525326484
2024-07-04 00:00:00+00:00,0.739490080677482
2024-07-05 00:00:00+00:00,0.7549712654984699
2024-07-06 00:00:00+00:00,0.748629008179108
2024-07-07 00:00:00+00:00,0.757392401918876
2024-07-08 00:00:00+00:00,0.7648512753675634
2024-07-09 00:00:00+00:00,0.7636829545668234
2024-07-10 00:00:00+00:00,0.7674145587893422
2024-07-11 00:00:00+00:00,0.7670171011935348
2024-07-12 00:00:00+00:00,0.7553415574821487
2024-07-13 00:00:00+00:00,0.7368507418408281
2024-07-14 00:00:00+00:00,0.7222646115438165
2024-07-15 00:00:00+00:00,0.7203769473086623
2024-07-16 00:00:00+00:00,0.7275212172243272
2024-07-17 00:00:00+00:00,0.721348438242915
2024-07-18 00:00:00+00:00,0.7116489810055282
2024-07-19 00:00:00+00:00,0.7058786740985978
2024-07-20 00:00:00+00:00,0.7045926151438644
2024-07-21 00:00:00+00:00,0.7029956159401132
2024-07-22 00:00:00+00:00,0.6965617186449028
2024-07-23 00:00:00+00:00,0.6963524516803157
2024-07-24 00:00:00+00:00,0.6912061944469288
2024-07-25 00:00:00+00:00,0.6886433250511298
2024-07-26 00:00:00+00:00,0.6928470280522826
2024-07-27 00:00:00+00:00,0.698752147913972
2024-07-28 00:00:00+00:00,0.698737471742991
2024-07-29 00:00:00+00:00,0.6997984680758981
2024-07-30 00:00:00+00:00,0.6912939955697776
2024-07-31 00:00:00+00:00,0.6974316395756932
2024-08-01 00:00:00+00:00,0.7002943989893377
2024-08-02 00:00:00+00:00,0.698947391136139
2024-08-03 00:00:00+00:00,0.716942763902261
2024-08-04 00:00:00+00:00,0.717206008479252
2024-08-05 00:00:00+00:00,0.7267624291310566
2024-08-06 00:00:00+00:00,0.7398953429145159
2024-08-07 00:00:00+00:00,0.7460931250150371
2024-08-08 00:00:00+00:00,0.7227146383583793
2024-08-09 00:00:00+00:00,0.7338579307389639
2024-08-10 00:00:00+00:00,0.7354520151529587
2024-08-11 00:00:00+00:00,0.7348149043822692
2024-08-12 00:00:00+00:00,0.73981657888032
2024-08-13 00:00:00+00:00,0.7403728735152498
2024-08-14 00:00:00+00:00,0.7334995695850737
2024-08-15 00:00:00+00:00,0.734405535347455
2024-08-16 00:00:00+00:00,0.7313521132042324
2024-08-17 00:00:00+00:00,0.730902460014742
2024-08-18 00:00:00+00:00,0.7302261218291022
2024-08-19 00:00:00+00:00,0.7181622867332285
2024-08-20 00:00:00+00:00,0.7223121697587738
2024-08-21 00:00:00+00:00,0.7185991327414167
2024-08-22 00:00:00+00:00,0.7171954533958929
2024-08-23 00:00:00+00:00,0.716186866548111
2024-08-24 00:00:00+00:00,0.7197258950526294
2024-08-25 00:00:00+00:00,0.720492347511726
2024-08-26 00:00:00+00:00,0.7199487294265652
2024-08-27 00:00:00+00:00,0.7208354788580571
2024-08-28 00:00:00+00:00,0.7248626146659862
2024-08-29 00:00:00+00:00,0.7235684035878793
2024-08-30 00:00:00+00:00,0.7227485939644865
2024-08-31 00:00:00+00:00,0.7208790532853316
2024-09-01 00:00:00+00:00,0.7208736132836193
2024-09-02 00:00:00+00:00,0.7242380634486232
2024-09-03 00:00:00+00:00,0.729616189621644
2024-09-04 00:00:00+00:00,0.730291691040771
2024-09-05 00:00:00+00:00,0.7297091080564237
2024-09-06 00:00:00+00:00,0.7255380078876247
2024-09-07 00:00:00+00:00,0.7276061701154821
2024-09-08 00:00:00+00:00,0.7273057667868507
2024-09-09 00:00:00+00:00,0.7292263460871815
2024-09-10 00:00:00+00:00,0.7274444593957997
2024-09-11 00:00:00+00:00,0.7258251635399356
2024-09-12 00:00:00+00:00,0.7229306758085519
2024-09-13 00:00:00+00:00,0.7246143804790937
2024-09-14 00:00:00+00:00,0.7259954718959757
2024-09-15 00:00:00+00:00,0.7253618297228016
2024-09-16 00:00:00+00:00,0.7276029047171354
2024-09-17 00:00:00+00:00,0.7243813037755682
2024-09-18 00:00:00+00:00,0.7239595158853399
2024-09-19 00:00:00+00:00,0.7255535823089859
2024-09-20 00:00:00+00:00,0.7252694208105329
2024-09-21 00:00:00+00:00,0.7270773110545319
2024-09-22 00:00:00+00:00,0.7266932259865561
2024-09-23 00:00:00+00:00,0.7288200079475015
2024-09-24 00:00:00+00:00,0.7263768930047749
2024-09-25 00:00:00+00:00,0.7247570119475449
2024-09-26 00:00:00+00:00,0.7262674358103367
2024-09-27 00:00:00+00:00,0.7273678154044547
2024-09-28 00:00:00+00:00,0.7277779060714427
2024-09-29 00:00:00+00:00,0.7251119617471928
2024-09-30 00:00:00+00:00,0.725056914171679
2024-10-01 00:00:00+00:00,0.7307422078608865
2024-10-02 00:00:00+00:00,0.7313944650747486
2024-10-03 00:00:00+00:00,0.7170590890479616
2024-10-04 00:00:00+00:00,0.7221394559566361
2024-10-05 00:00:00+00:00,0.7183674275512905
2024-10-06 00:00:00+00:00,0.7081953733904689
2024-10-07 00:00:00+00:00,0.7093100264539729
2024-10-08 00:00:00+00:00,0.7095527967935734
2024-10-09 00:00:00+00:00,0.7096234589696879
2024-10-10 00:00:00+00:00,0.7118976638872545
2024-10-11 00:00:00+00:00,0.7104794147778428
2024-10-12 00:00:00+00:00,0.7139518143485544
2024-10-13 00:00:00+00:00,0.7152680386583611
2024-10-14 00:00:00+00:00,0.7105231297827354
2024-10-15 00:00:00+00:00,0.7154761046040656
2024-10-16 00:00:00+00:00,0.7156486995140006
2024-10-17 00:00:00+00:00,0.7160086972997168
2024-10-18 00:00:00+00:00,0.7104655325311037
2024-10-19 00:00:00+00:00,0.7122937656606708
2024-10-20 00:00:00+00:00,0.7131652343644431
2024-10-21 00:00:00+00:00,0.7117961295888171
2024-10-22 00:00:00+00:00,0.7133512668817034
2024-10-23 00:00:00+00:00,0.7162664025641173
2024-10-24 00:00:00+00:00,0.714958805900841
2024-10-25 00:00:00+00:00,0.7124225631343328
2024-10-26 00:00:00+00:00,0.719915062066173
2024-10-27 00:00:00+00:00,0.7211963047270159
2024-10-28 00:00:00+00:00,0.7240524850236081
2024-10-29 00:00:00+00:00,0.7231628337679622
2024-10-30 00:00:00+00:00,0.7221867490724441
2024-10-31 00:00:00+00:00,0.7222971230553237
2024-11-01 00:00:00+00:00,0.7142942374575855
2024-11-02 00:00:00+00:00,0.7122964320357281
2024-11-03 00:00:00+00:00,0.7039226292318665
2024-11-04 00:00:00+00:00,0.6852349448263491
2024-11-05 00:00:00+00:00,0.6816784979068868
2024-11-06 00:00:00+00:00,0.7165695080254364
2024-11-07 00:00:00+00:00,0.7200005942377626
2024-11-08 00:00:00+00:00,0.7108988039191136
2024-11-09 00:00:00+00:00,0.7092038612083693
2024-11-10 00:00:00+00:00,0.6999280873363356
2024-11-11 00:00:00+00:00,0.6914174757979513
2024-11-12 00:00:00+00:00,0.7023367391773647
2024-11-13 00:00:00+00:00,0.6704332103727607
2024-11-14 00:00:00+00:00,0.6683379453680482
2024-11-15 00:00:00+00:00,0.6447957519910357
2024-11-16 00:00:00+00:00,0.6426412438655584
2024-11-17 00:00:00+00:00,0.6246653835663976
2024-11-18 00:00:00+00:00,0.6175611699106806
2024-11-19 00:00:00+00:00,0.6171363395751627
2024-11-20 00:00:00+00:00,0.6170326637322878
2024-11-21 00:00:00+00:00,0.6166664641350847
2024-11-22 00:00:00+00:00,0.6186494741602895
2024-11-23 00:00:00+00:00,0.609043711813763
2024-11-24 00:00:00+00:00,0.5868578276486831
2024-11-25 00:00:00+00:00,0.5818783052037728
2024-11-26 00:00:00+00:00,0.5772370867197915
2024-11-27 00:00:00+00:00,0.5776616895885287
2024-11-28 00:00:00+00:00,0.5811737534131057
2024-11-29 00:00:00+00:00,0.58095637382863
2024-11-30 00:00:00+00:00,0.5801255150374179
2024-12-01 00:00:00+00:00,0.5719460304662456
2024-12-02 00:00:00+00:00,0.5636048886412843
2024-12-03 00:00:00+00:00,0.5437795497286345
2024-12-04 00:00:00+00:00,0.5224733503881052
2024-12-05 00:00:00+00:00,0.5164971765621655
2024-12-06 00:00:00+00:00,0.5093544026147111
2024-12-07 00:00:00+00:00,0.509341814195401
2024-12-08 00:00:00+00:00,0.5089529785381559
2024-12-09 00:00:00+00:00,0.5074494515218685
2024-12-10 00:00:00+00:00,0.5511603178715592
2024-12-11 00:00:00+00:00,0.552115016083075
2024-12-12 00:00:00+00:00,0.5575813355959254
2024-12-13 00:00:00+00:00,0.5542908326408238
2024-12-14 00:00:00+00:00,0.5534923816702148
2024-12-15 00:00:00+00:00,0.5529543500101033
2024-12-16 00:00:00+00:00,0.5523028558735319
2024-12-17 00:00:00+00:00,0.5534121154141942
2024-12-18 00:00:00+00:00,0.5518266174108628
2024-12-19 00:00:00+00:00,0.5716770930294556
2024-12-20 00:00:00+00:00,0.5818852789510647
2024-12-21 00:00:00+00:00,0.5810041131003281
2024-12-22 00:00:00+00:00,0.5822427749221513
2024-12-23 00:00:00+00:00,0.5848300019121478
2024-12-24 00:00:00+00:00,0.5863038299002237
2024-12-25 00:00:00+00:00,0.5853254399651606
2024-12-26 00:00:00+00:00,0.583992614156627
2024-12-27 00:00:00+00:00,0.5918899335562798
2024-12-28 00:00:00+00:00,0.59246583668913
2024-12-29 00:00:00+00:00,0.5923147126199602
2024-12-30 00:00:00+00:00,0.5886126159848019
2024-12-31 00:00:00+00:00,0.5817592467502739
2025-01-01 00:00:00+00:00,0.5798053845515991
2025-01-02 00:00:00+00:00,0.5798308694388898
2025-01-03 00:00:00+00:00,0.5791043851864154
2025-01-04 00:00:00+00:00,0.5815510381422013
2025-01-05 00:00:00+00:00,0.5812425087016518
2025-01-06 00:00:00+00:00,0.5796477119137671
2025-01-07 00:00:00+00:00,0.5791503314456407
2025-01-08 00:00:00+00:00,0.5937091581040808
2025-01-09 00:00:00+00:00,0.5939547584287356
2025-01-10 00:00:00+00:00,0.5957550992697653
2025-01-11 00:00:00+00:00,0.5964890693868934
2025-01-12 00:00:00+00:00,0.595497268942488
2025-01-13 00:00:00+00:00,0.5956405431556566
2025-01-14 00:00:00+00:00,0.5978076915818734
2025-01-15 00:00:00+00:00,0.6004525210671121
2025-01-16 00:00:00+00:00,0.6109623536844911
2025-01-17 00:00:00+00:00,0.6091771604282458
2025-01-18 00:00:00+00:00,0.6114156571439356
2025-01-19 00:00:00+00:00,0.5958028476455985
2025-01-20 00:00:00+00:00,0.6044535198370158
2025-01-21 00:00:00+00:00,0.60335118083865
2025-01-22 00:00:00+00:00,0.6032128245791177
2025-01-23 00:00:00+00:00,0.6036222108657301
2025-01-24 00:00:00+00:00,0.5960610936646329
2025-01-25 00:00:00+00:00,0.5960668552897177
2025-01-26 00:00:00+00:00,0.595473058325987
2025-01-27 00:00:00+00:00,0.6002195060305557
2025-01-28 00:00:00+00:00,0.6000090362425442
2025-01-29 00:00:00+00:00,0.6016300511948487
2025-01-30 00:00:00+00:00,0.5974646561714189
2025-01-31 00:00:00+00:00,0.5974269278478924
2025-02-01 00:00:00+00:00,0.5962759221072288
2025-02-02 00:00:00+00:00,0.6010155743046222
2025-02-03 00:00:00+00:00,0.6160042007475888
2025-02-04 00:00:00+00:00,0.6145044186012615
2025-02-05 00:00:00+00:00,0.6105379014575871
2025-02-06 00:00:00+00:00,0.6120372749438183
2025-02-07 00:00:00+00:00,0.6132406122777786
2025-02-08 00:00:00+00:00,0.6134356960452526
2025-02-09 00:00:00+00:00,0.6138411156468994
2025-02-10 00:00:00+00:00,0.6121195783506238
2025-02-11 00:00:00+00:00,0.6206406077358733
2025-02-12 00:00:00+00:00,0.6192946467552927
2025-02-13 00:00:00+00:00,0.6260451485617992
2025-02-14 00:00:00+00:00,0.6258861183317604
2025-02-15 00:00:00+00:00,0.6329823302080662
2025-02-16 00:00:00+00:00,0.6374850123682432
2025-02-17 00:00:00+00:00,0.6376681920270012
2025-02-18 00:00:00+00:00,0.6378405287828004
2025-02-19 00:00:00+00:00,0.6402713067212474
2025-02-20 00:00:00+00:00,0.6373220753788615
2025-02-21 00:00:00+00:00,0.6463800224844323
2025-02-22 00:00:00+00:00,0.6648404104576118
2025-02-23 00:00:00+00:00,0.6655353778402022
2025-02-24 00:00:00+00:00,0.6646947781826071
2025-02-25 00:00:00+00:00,0.6882125037942541
2025-02-26 00:00:00+00:00,0.6829337998638162
2025-02-27 00:00:00+00:00,0.6769153426443795
2025-02-28 00:00:00+00:00,0.6760168480484892
2025-03-01 00:00:00+00:00,0.6744440179406476
2025-03-02 00:00:00+00:00,0.6765096975424008
2025-03-03 00:00:00+00:00,0.6896455218100125
2025-03-04 00:00:00+00:00,0.7325376945001226
2025-03-05 00:00:00+00:00,0.735319971349974
2025-03-06 00:00:00+00:00,0.7362253954391769
2025-03-07 00:00:00+00:00,0.736081243218657
2025-03-08 00:00:00+00:00,0.7366616739661851
2025-03-09 00:00:00+00:00,0.7364729051044627
2025-03-10 00:00:00+00:00,0.7311407642704166
2025-03-11 00:00:00+00:00,0.735240571870653
2025-03-12 00:00:00+00:00,0.7342693555290627
2025-03-13 00:00:00+00:00,0.7361634083124683
2025-03-14 00:00:00+00:00,0.7353074128113604
2025-03-15 00:00:00+00:00,0.7366681282002365
2025-03-16 00:00:00+00:00,0.7354586769372697
2025-03-17 00:00:00+00:00,0.7372492035053156
2025-03-18 00:00:00+00:00,0.7391004856936048
2025-03-19 00:00:00+00:00,0.7319475865364978
2025-03-20 00:00:00+00:00,0.7289643721956618
2025-03-21 00:00:00+00:00,0.7285327246914985
2025-03-22 00:00:00+00:00,0.7284182508910089
2025-03-23 00:00:00+00:00,0.7278572977400155
2025-03-24 00:00:00+00:00,0.7274781216646293
2025-03-25 00:00:00+00:00,0.7274041623476284
2025-03-26 00:00:00+00:00,0.7261812369207858
2025-03-27 00:00:00+00:00,0.7222854150223422
2025-03-28 00:00:00+00:00,0.721702602076669
2025-03-29 00:00:00+00:00,0.7247835186852518
2025-03-30 00:00:00+00:00,0.7253840694205483
2025-03-31 00:00:00+00:00,0.7256585563374578
2025-04-01 00:00:00+00:00,0.7255275647816516
2025-04-02 00:00:00+00:00,0.726108838247641
2025-04-03 00:00:00+00:00,0.728230307669786
2025-04-04 00:00:00+00:00,0.7273196442388128
2025-04-05 00:00:00+00:00,0.7278040469814384
2025-04-06 00:00:00+00:00,0.7284394307574102
2025-04-07 00:00:00+00:00,0.7403786858336855
2025-04-08 00:00:00+00:00,0.7336378793664743
2025-04-09 00:00:00+00:00,0.7344888985599727
2025-04-10 00:00:00+00:00,0.7467593255131098
2025-04-11 00:00:00+00:00,0.7457672331557906
2025-04-12 00:00:00+00:00,0.7475018945837657
2025-04-13 00:00:00+00:00,0.7494413479976676
2025-04-14 00:00:00+00:00,0.7503559564725235
2025-04-15 00:00:00+00:00,0.7485615341226274
2025-04-16 00:00:00+00:00,0.7435015902075259
2025-04-17 00:00:00+00:00,0.7448315173371587
2025-04-18 00:00:00+00:00,0.744206489127409
2025-04-19 00:00:00+00:00,0.7583035557052331
2025-04-20 00:00:00+00:00,0.7550250611526437
2025-04-21 00:00:00+00:00,0.7558134760436378
2025-04-22 00:00:00+00:00,0.7549384863966196
2025-04-23 00:00:00+00:00,0.7611880206343311
2025-04-24 00:00:00+00:00,0.7615081795995208
2025-04-25 00:00:00+00:00,0.7609875567472327
2025-04-26 00:00:00+00:00,0.7609813665740319
2025-04-27 00:00:00+00:00,0.7600630867865139
2025-04-28 00:00:00+00:00,0.7608102386479635
2025-04-29 00:00:00+00:00,0.7605391186443958
2025-04-30 00:00:00+00:00,0.7605068043447566
2025-05-01 00:00:00+00:00,0.7616256195462722
2025-05-02 00:00:00+00:00,0.7630761653155843
2025-05-03 00:00:00+00:00,0.7605971712535133
2025-05-04 00:00:00+00:00,0.7547140957142389
2025-05-05 00:00:00+00:00,0.7580150326214161
2025-05-06 00:00:00+00:00,0.7547033127837536
2025-05-07 00:00:00+00:00,0.7539920830281754
2025-05-08 00:00:00+00:00,0.7541384629989399
2025-05-09 00:00:00+00:00,0.7588457957545873
2025-05-10 00:00:00+00:00,0.7600840658951978
2025-05-11 00:00:00+00:00,0.753120577080631
2025-05-12 00:00:00+00:00,0.7569613102785884
2025-05-13 00:00:00+00:00,0.7582085412149129
2025-05-14 00:00:00+00:00,0.7613456573344277
2025-05-15 00:00:00+00:00,0.7646986618023873
2025-05-16 00:00:00+00:00,0.7662746876338711
2025-05-17 00:00:00+00:00,0.7691474919662481
2025-05-18 00:00:00+00:00,0.7708788306124992
2025-05-19 00:00:00+00:00,0.7722595959458765
2025-05-20 00:00:00+00:00,0.7747592425879194
2025-05-21 00:00:00+00:00,0.7743863713774937
2025-05-22 00:00:00+00:00,0.7765914213728904
2025-05-23 00:00:00+00:00,0.7766220592956758
2025-05-24 00:00:00+00:00,0.7805530493742622
2025-05-25 00:00:00+00:00,0.7817322383737884
2025-05-26 00:00:00+00:00,0.7696861774143147
2025-05-27 00:00:00+00:00,0.7720636140957334
2025-05-28 00:00:00+00:00,0.7824051319308527
2025-05-29 00:00:00+00:00,0.7830601950002058
2025-05-30 00:00:00+00:00,0.7873799326502235
2025-05-31 00:00:00+00:00,0.7920819186367676
2025-06-01 00:00:00+00:00,0.8250768443867136
2025-06-02 00:00:00+00:00,0.8001285005124601
2025-06-03 00:00:00+00:00,0.8096201348499914
2025-06-04 00:00:00+00:00,0.8097143441265905
2025-06-05 00:00:00+00:00,0.8122931709099674
2025-06-06 00:00:00+00:00,0.8207396147012865
2025-06-07 00:00:00+00:00,0.8227167530917538
2025-06-08 00:00:00+00:00,0.813107989201748
2025-06-09 00:00:00+00:00,0.8074227442644742
2025-06-10 00:00:00+00:00,0.807066730186922
2025-06-11 00:00:00+00:00,0.8091613247692635
2025-06-12 00:00:00+00:00,0.8125236591693087
2025-06-13 00:00:00+00:00,0.8156594788125047
2025-06-14 00:00:00+00:00,0.817774712370332
2025-06-15 00:00:00+00:00,0.8172460006550963
2025-06-16 00:00:00+00:00,0.8171396920000749
2025-06-17 00:00:00+00:00,0.8173585388405241
2025-06-18 00:00:00+00:00,0.8235507336232528
2025-06-19 00:00:00+00:00,0.825634912965682
2025-06-20 00:00:00+00:00,0.8271645096032518
2025-06-21 00:00:00+00:00,0.8282534585147798
2025-06-22 00:00:00+00:00,0.8311643228072013
2025-06-23 00:00:00+00:00,0.830852364036668
2025-06-24 00:00:00+00:00,0.8405682503495802
2025-06-25 00:00:00+00:00,0.8426471591111534
2025-06-26 00:00:00+00:00,0.8439282243105792
2025-06-27 00:00:00+00:00,0.840082899373799
2025-06-28 00:00:00+00:00,0.8384110863493252
2025-06-29 00:00:00+00:00,0.8378745870931553
2025-06-30 00:00:00+00:00,0.8389192649719842
2025-07-01 00:00:00+00:00,0.8370747252800419
2025-07-02 00:00:00+00:00,0.8353848917439664
2025-07-03 00:00:00+00:00,0.8377582081982105
2025-07-04 00:00:00+00:00,0.8389315223571279
2025-07-05 00:00:00+00:00,0.8401945991472599
2025-07-06 00:00:00+00:00,0.8257150149038445
2025-07-07 00:00:00+00:00,0.8275063176686738
2025-07-08 00:00:00+00:00,0.8276671619371007
2025-07-09 00:00:00+00:00,0.8090597687286918
2025-07-10 00:00:00+00:00,0.8112137749359978
2025-07-11 00:00:00+00:00,0.8160943223539597
2025-07-12 00:00:00+00:00,0.8092333146473537
2025-07-13 00:00:00+00:00,0.8081666343808998
2025-07-14 00:00:00+00:00,0.8086909804328952
2025-07-15 00:00:00+00:00,0.8058226180025143
2025-07-16 00:00:00+00:00,0.803227616358744
2025-07-17 00:00:00+00:00,0.8026683516671268
2025-07-18 00:00:00+00:00,0.7943670632029876
2025-07-19 00:00:00+00:00,0.7926464413503107
2025-07-20 00:00:00+00:00,0.7853548933666049
2025-07-21 00:00:00+00:00,0.7833290769786689
2025-07-22 00:00:00+00:00,0.766292974281952
2025-07-23 00:00:00+00:00,0.7658099981673788
2025-07-24 00:00:00+00:00,0.773181963253388
2025-07-25 00:00:00+00:00,0.7733025361431645
2025-07-26 00:00:00+00:00,0.7727578425733155
2025-07-27 00:00:00+00:00,0.7731161035367173
2025-07-28 00:00:00+00:00,0.7695225360310178
2025-07-29 00:00:00+00:00,0.7718952945014671
2025-07-30 00:00:00+00:00,0.7714985535732742
2025-07-31 00:00:00+00:00,0.771570097402494
2025-08-01 00:00:00+00:00,0.7743446564984188
2025-08-02 00:00:00+00:00,0.7749944821778574
2025-08-03 00:00:00+00:00,0.7737092303509795
2025-08-04 00:00:00+00:00,0.7765648128249784
2025-08-05 00:00:00+00:00,0.7832198159682855
2025-08-06 00:00:00+00:00,0.785231496030418
2025-08-07 00:00:00+00:00,0.7705547485975172
2025-08-08 00:00:00+00:00,0.7776070489973688
2025-08-09 00:00:00+00:00,0.7845267705688772
2025-08-10 00:00:00+00:00,0.7771358554920724
2025-08-11 00:00:00+00:00,0.7779003172446951
2025-08-12 00:00:00+00:00,0.7797978166129481
2025-08-13 00:00:00+00:00,0.7832218889864184
2025-08-14 00:00:00+00:00,0.7819099051838238
2025-08-15 00:00:00+00:00,0.7823405278457272
2025-08-16 00:00:00+00:00,0.779469201694871
2025-08-17 00:00:00+00:00,0.779067445955684
2025-08-18 00:00:00+00:00,0.7786057316850177
2025-08-19 00:00:00+00:00,0.7828099299835249
2025-08-20 00:00:00+00:00,0.7881262312679813
2025-08-21 00:00:00+00:00,0.7888292510257429
2025-08-22 00:00:00+00:00,0.7832022918874839
2025-08-23 00:00:00+00:00,0.7985807497682905
2025-08-24 00:00:00+00:00,0.7961080915608197
2025-08-25 00:00:00+00:00,0.7959211266293227
2025-08-26 00:00:00+00:00,0.8060534350697249
2025-08-27 00:00:00+00:00,0.808872611125282
2025-08-28 00:00:00+00:00,0.8062772070620159
2025-08-29 00:00:00+00:00,0.8006464255835167
2025-08-30 00:00:00+00:00,0.8033296056404973
2025-08-31 00:00:00+00:00,0.8033225405472846
2025-09-01 00:00:00+00:00,0.8038039511120937
2025-09-02 00:00:00+00:00,0.8036072562795542
2025-09-03 00:00:00+00:00,0.8036418297140949
2025-09-04 00:00:00+00:00,0.7971290049788684
2025-09-05 00:00:00+00:00,0.7975844988835864
2025-09-06 00:00:00+00:00,0.7976830631038702
2025-09-07 00:00:00+00:00,0.7983717828972741
2025-09-08 00:00:00+00:00,0.7971365280451851
2025-09-09 00:00:00+00:00,0.7955131598160082
2025-09-10 00:00:00+00:00,0.793713401914488
2025-09-11 00:00:00+00:00,0.7845353317502861
2025-09-12 00:00:00+00:00,0.7838262532848306
2025-09-13 00:00:00+00:00,0.7817813481348507
2025-09-14 00:00:00+00:00,0.7812998793475041
2025-09-15 00:00:00+00:00,0.7833625084733763
2025-09-16 00:00:00+00:00,0.7816138613192216
2025-09-17 00:00:00+00:00,0.780234928723786
2025-09-18 00:00:00+00:00,0.7794000661361802
2025-09-19 00:00:00+00:00,0.7717200957683842
2025-09-20 00:00:00+00:00,0.7694236976993595
2025-09-21 00:00:00+00:00,0.7634433276070072
2025-09-22 00:00:00+00:00,0.752581637331389
2025-09-23 00:00:00+00:00,0.7559354237399427
2025-09-24 00:00:00+00:00,0.7561976671687256
2025-09-25 00:00:00+00:00,0.7535920508258709
2025-09-26 00:00:00+00:00,0.7630238622285844
2025-09-27 00:00:00+00:00,0.7640884894545309
2025-09-28 00:00:00+00:00,0.763720804901294
2025-09-29 00:00:00+00:00,0.7661005218405333
2025-09-30 00:00:00+00:00,0.7608452254536922
2025-10-01 00:00:00+00:00,0.7576104627032285
2025-10-02 00:00:00+00:00,0.7593872132710029
2025-10-03 00:00:00+00:00,0.7574414026719569
2025-10-04 00:00:00+00:00,0.749234629495734
2025-10-05 00:00:00+00:00,0.7494554679183475
2025-10-06 00:00:00+00:00,0.7484145847472291
2025-10-07 00:00:00+00:00,0.747249869732696
2025-10-08 00:00:00+00:00,0.7365174825186588
2025-10-09 00:00:00+00:00,0.7318919875271602
2025-10-10 00:00:00+00:00,0.7311049762151638
2025-10-11 00:00:00+00:00,0.782708420646838
2025-10-12 00:00:00+00:00,0.7795505051940734
2025-10-13 00:00:00+00:00,0.7869433983832188
2025-10-14 00:00:00+00:00,0.7887527787586507
2025-10-15 00:00:00+00:00,0.7908401742262853
2025-10-16 00:00:00+00:00,0.8002185157395555
2025-10-17 00:00:00+00:00,0.8045412558658065
2025-10-18 00:00:00+00:00,0.8089137094965659
2025-10-19 00:00:00+00:00,0.8125875052300809
2025-10-20 00:00:00+00:00,0.8156051679197531
2025-10-21 00:00:00+00:00,0.8149530879462237
2025-10-22 00:00:00+00:00,0.815970426742511
2025-10-23 00:00:00+00:00,0.8168922439482428
2025-10-24 00:00:00+00:00,0.8169699413333701
2025-10-25 00:00:00+00:00,0.8159596928469227
2025-10-26 00:00:00+00:00,0.8152331330136564
2025-10-27 00:00:00+00:00,0.8151926974271199
2025-10-28 00:00:00+00:00,0.8154010240219035
2025-10-29 00:00:00+00:00,0.8170305978986491
2025-10-30 00:00:00+00:00,0.8138700564781148
2025-10-31 00:00:00+00:00,0.8160687682447183
2025-11-01 00:00:00+00:00,0.8168677064772643
2025-11-02 00:00:00+00:00,0.8153659541179982
2025-11-03 00:00:00+00:00,0.8147928113361544
2025-11-04 00:00:00+00:00,0.82506152970586
2025-11-05 00:00:00+00:00,0.8239764816000804
2025-11-06 00:00:00+00:00,0.8264096964156318
2025-11-07 00:00:00+00:00,0.8267957025025622
2025-11-08 00:00:00+00:00,0.8248916097833661
2025-11-09 00:00:00+00:00,0.8264032804089698
2025-11-10 00:00:00+00:00,0.8255616194219544
2025-11-11 00:00:00+00:00,0.8190452448152776
2025-11-12 00:00:00+00:00,0.8228395724917166
2025-11-13 00:00:00+00:00,0.8248802985106941
2025-11-14 00:00:00+00:00,0.8264280187104409
2025-11-15 00:00:00+00:00,0.823300792246263
2025-11-16 00:00:00+00:00,0.8236062808381931
